brand_name,generic_name,category,manufacturer,shape,controlled,reorder_level_base,unit1_name,unit1_rate,unit2_name,unit2_per_unit1,unit2_rate,unit3_name,unit3_per_unit2,unit3_rate,default_sell_unit
Amlodac 2.5,Amlodipine 2.5mg,Medicine,Zydus,tablet,No,100,Tablet,,Strip,10,,Box,10,,2
Amlodac 5,Amlodipine 5mg,Medicine,Zydus,tablet,No,100,Tablet,,Strip,10,,Box,10,,2
Amlodac 10,Amlodipine 10mg,Medicine,Zydus,tablet,No,100,Tablet,,Strip,10,,Box,10,,2
Amlip 2.5,Amlodipine 2.5mg,Medicine,Cipla,tablet,No,100,Tablet,,Strip,10,,Box,10,,2
Amlip 5,Amlodipine 5mg,Medicine,Cipla,tablet,No,100,Tablet,,Strip,10,,Box,10,,2
Amlip 10,Amlodipine 10mg,Medicine,Cipla,tablet,No,100,Tablet,,Strip,10,,Box,10,,2
Amlogard 2.5,Amlodipine 2.5mg,Medicine,Pfizer,tablet,No,100,Tablet,,Strip,10,,Box,10,,2
Amlogard 5,Amlodipine 5mg,Medicine,Pfizer,tablet,No,100,Tablet,,Strip,10,,Box,10,,2
Amlogard 10,Amlodipine 10mg,Medicine,Pfizer,tablet,No,100,Tablet,,Strip,10,,Box,10,,2
Amcard 5,Amlodipine 5mg,Medicine,Torrent,tablet,No,100,Tablet,,Strip,10,,Box,10,,2
Amcard 10,Amlodipine 10mg,Medicine,Torrent,tablet,No,100,Tablet,,Strip,10,,Box,10,,2
Numlo 2.5,Amlodipine 2.5mg,Medicine,Emcure,tablet,No,100,Tablet,,Strip,10,,Box,10,,2
Numlo 5,Amlodipine 5mg,Medicine,Emcure,tablet,No,100,Tablet,,Strip,10,,Box,10,,2
Numlo 10,Amlodipine 10mg,Medicine,Emcure,tablet,No,100,Tablet,,Strip,10,,Box,10,,2
Amdepin 5,Amlodipine 5mg,Medicine,Cadila,tablet,No,100,Tablet,,Strip,10,,Box,10,,2
Amdepin 10,Amlodipine 10mg,Medicine,Cadila,tablet,No,100,Tablet,,Strip,10,,Box,10,,2
Asomex 2.5,S-Amlodipine 2.5mg,Medicine,Emcure,tablet,No,100,Tablet,,Strip,10,,Box,10,,2
Asomex 5,S-Amlodipine 5mg,Medicine,Emcure,tablet,No,100,Tablet,,Strip,10,,Box,10,,2
Stamlo 2.5,Amlodipine 2.5mg,Medicine,Dr. Reddy's,tablet,No,100,Tablet,,Strip,10,,Box,10,,2
Stamlo 10,Amlodipine 10mg,Medicine,Dr. Reddy's,tablet,No,100,Tablet,,Strip,10,,Box,10,,2
Amlovas 2.5,Amlodipine 2.5mg,Medicine,USV,tablet,No,100,Tablet,,Strip,10,,Box,10,,2
Amlovas 10,Amlodipine 10mg,Medicine,USV,tablet,No,100,Tablet,,Strip,10,,Box,10,,2
Amlokind 2.5,Amlodipine 2.5mg,Medicine,Mankind,tablet,No,100,Tablet,,Strip,10,,Box,10,,2
Amlokind 10,Amlodipine 10mg,Medicine,Mankind,tablet,No,100,Tablet,,Strip,10,,Box,10,,2
Cilacar 5,Cilnidipine 5mg,Medicine,JB Chemicals,tablet,No,100,Tablet,,Strip,10,,Box,10,,2
Nexovas 5,Cilnidipine 5mg,Medicine,Lupin,tablet,No,100,Tablet,,Strip,10,,Box,10,,2
Nexovas 20,Cilnidipine 20mg,Medicine,Lupin,tablet,No,100,Tablet,,Strip,10,,Box,10,,2
Cilnidipine 5,Cilnidipine 5mg,Medicine,,tablet,No,100,Tablet,,Strip,10,,Box,10,,2
Cilnidipine 20,Cilnidipine 20mg,Medicine,,tablet,No,100,Tablet,,Strip,10,,Box,10,,2
Dilzem 60,Diltiazem 60mg,Medicine,Torrent,tablet,No,100,Tablet,,Strip,10,,Box,10,,2
Dilzem 90,Diltiazem 90mg,Medicine,Torrent,tablet,No,100,Tablet,,Strip,10,,Box,10,,2
Angizem 30,Diltiazem 30mg,Medicine,Sun Pharma,tablet,No,100,Tablet,,Strip,10,,Box,10,,2
Angizem 60,Diltiazem 60mg,Medicine,Sun Pharma,tablet,No,100,Tablet,,Strip,10,,Box,10,,2
Angizem 90,Diltiazem 90mg,Medicine,Sun Pharma,tablet,No,100,Tablet,,Strip,10,,Box,10,,2
Diltiazem 30mg,Diltiazem 30mg,Medicine,,tablet,No,100,Tablet,,Strip,10,,Box,10,,2
Diltiazem 60mg,Diltiazem 60mg,Medicine,,tablet,No,100,Tablet,,Strip,10,,Box,10,,2
Diltiazem 90mg,Diltiazem 90mg,Medicine,,tablet,No,100,Tablet,,Strip,10,,Box,10,,2
Nifedipine 5mg,Nifedipine 5mg,Medicine,,tablet,No,100,Tablet,,Strip,10,,Box,10,,2
Nifedipine 20mg,Nifedipine 20mg,Medicine,,tablet,No,100,Tablet,,Strip,10,,Box,10,,2
Verapamil 40mg,Verapamil 40mg,Medicine,,tablet,No,100,Tablet,,Strip,10,,Box,10,,2
Verapamil 80mg,Verapamil 80mg,Medicine,,tablet,No,100,Tablet,,Strip,10,,Box,10,,2
Lercanidipine 10mg,Lercanidipine 10mg,Medicine,,tablet,No,100,Tablet,,Strip,10,,Box,10,,2
Lercanidipine 20mg,Lercanidipine 20mg,Medicine,,tablet,No,100,Tablet,,Strip,10,,Box,10,,2
Levamlodipine 2.5mg,Levamlodipine 2.5mg,Medicine,,tablet,No,100,Tablet,,Strip,10,,Box,10,,2
Levamlodipine 5mg,Levamlodipine 5mg,Medicine,,tablet,No,100,Tablet,,Strip,10,,Box,10,,2
Tazloc 20,Telmisartan 20mg,Medicine,USV,tablet,No,100,Tablet,,Strip,10,,Box,10,,2
Tazloc 40,Telmisartan 40mg,Medicine,USV,tablet,No,100,Tablet,,Strip,10,,Box,10,,2
Tazloc 80,Telmisartan 80mg,Medicine,USV,tablet,No,100,Tablet,,Strip,10,,Box,10,,2
Telmikind 20,Telmisartan 20mg,Medicine,Mankind,tablet,No,100,Tablet,,Strip,10,,Box,10,,2
Telmikind 80,Telmisartan 80mg,Medicine,Mankind,tablet,No,100,Tablet,,Strip,10,,Box,10,,2
Telvas 20,Telmisartan 20mg,Medicine,Aristo,tablet,No,100,Tablet,,Strip,10,,Box,10,,2
Telvas 80,Telmisartan 80mg,Medicine,Aristo,tablet,No,100,Tablet,,Strip,10,,Box,10,,2
Cresar 20,Telmisartan 20mg,Medicine,Sun Pharma,tablet,No,100,Tablet,,Strip,10,,Box,10,,2
Cresar 80,Telmisartan 80mg,Medicine,Sun Pharma,tablet,No,100,Tablet,,Strip,10,,Box,10,,2
Telpres 20,Telmisartan 20mg,Medicine,Cipla,tablet,No,100,Tablet,,Strip,10,,Box,10,,2
Telpres 80,Telmisartan 80mg,Medicine,Cipla,tablet,No,100,Tablet,,Strip,10,,Box,10,,2
Telsartan 20,Telmisartan 20mg,Medicine,Dr. Reddy's,tablet,No,100,Tablet,,Strip,10,,Box,10,,2
Telsartan 80,Telmisartan 80mg,Medicine,Dr. Reddy's,tablet,No,100,Tablet,,Strip,10,,Box,10,,2
Telista 20,Telmisartan 20mg,Medicine,Lupin,tablet,No,100,Tablet,,Strip,10,,Box,10,,2
Telista 80,Telmisartan 80mg,Medicine,Lupin,tablet,No,100,Tablet,,Strip,10,,Box,10,,2
Eritel 20,Telmisartan 20mg,Medicine,Micro Labs,tablet,No,100,Tablet,,Strip,10,,Box,10,,2
Eritel 80,Telmisartan 80mg,Medicine,Micro Labs,tablet,No,100,Tablet,,Strip,10,,Box,10,,2
Telma-CT,Telmisartan 40mg + Chlorthalidone 12.5mg,Medicine,Glenmark,tablet,No,100,Tablet,,Strip,10,,Box,10,,2
Telma-AM 80,Telmisartan 80mg + Amlodipine 5mg,Medicine,Glenmark,tablet,No,100,Tablet,,Strip,10,,Box,10,,2
Tazloc-AM,Telmisartan 40mg + Amlodipine 5mg,Medicine,USV,tablet,No,100,Tablet,,Strip,10,,Box,10,,2
Tazloc-H,Telmisartan 40mg + Hydrochlorothiazide 12.5mg,Medicine,USV,tablet,No,100,Tablet,,Strip,10,,Box,10,,2
Telvas-AM,Telmisartan 40mg + Amlodipine 5mg,Medicine,Aristo,tablet,No,100,Tablet,,Strip,10,,Box,10,,2
Cresar-H,Telmisartan 40mg + Hydrochlorothiazide 12.5mg,Medicine,Sun Pharma,tablet,No,100,Tablet,,Strip,10,,Box,10,,2
Eritel-CH,Telmisartan 40mg + Chlorthalidone 12.5mg,Medicine,Micro Labs,tablet,No,100,Tablet,,Strip,10,,Box,10,,2
Telmisartan 40mg + Chlorthalidone 12.5mg,Telmisartan + Chlorthalidone,Medicine,,tablet,No,100,Tablet,,Strip,10,,Box,10,,2
Telmisartan 40mg + Metoprolol 25mg,Telmisartan + Metoprolol,Medicine,,tablet,No,100,Tablet,,Strip,10,,Box,10,,2
Covance 25,Losartan Potassium 25mg,Medicine,Sun Pharma,tablet,No,100,Tablet,,Strip,10,,Box,10,,2
Covance 50,Losartan Potassium 50mg,Medicine,Sun Pharma,tablet,No,100,Tablet,,Strip,10,,Box,10,,2
Tozaar 25,Losartan Potassium 25mg,Medicine,Torrent,tablet,No,100,Tablet,,Strip,10,,Box,10,,2
Tozaar 50,Losartan Potassium 50mg,Medicine,Torrent,tablet,No,100,Tablet,,Strip,10,,Box,10,,2
Losacar 25,Losartan Potassium 25mg,Medicine,Zydus,tablet,No,100,Tablet,,Strip,10,,Box,10,,2
Repace 25,Losartan Potassium 25mg,Medicine,Sun Pharma,tablet,No,100,Tablet,,Strip,10,,Box,10,,2
Losar 100,Losartan Potassium 100mg,Medicine,Unichem,tablet,No,100,Tablet,,Strip,10,,Box,10,,2
Losacar-H,Losartan 50mg + Hydrochlorothiazide 12.5mg,Medicine,Zydus,tablet,No,100,Tablet,,Strip,10,,Box,10,,2
Covance-AM,Losartan 50mg + Amlodipine 5mg,Medicine,Sun Pharma,tablet,No,100,Tablet,,Strip,10,,Box,10,,2
Losartan Potassium 25mg,Losartan Potassium 25mg,Medicine,,tablet,No,100,Tablet,,Strip,10,,Box,10,,2
Losartan Potassium 100mg,Losartan Potassium 100mg,Medicine,,tablet,No,100,Tablet,,Strip,10,,Box,10,,2
Olmesar 10,Olmesartan 10mg,Medicine,Macleods,tablet,No,100,Tablet,,Strip,10,,Box,10,,2
Olmesar 20,Olmesartan 20mg,Medicine,Macleods,tablet,No,100,Tablet,,Strip,10,,Box,10,,2
Olmesar 40,Olmesartan 40mg,Medicine,Macleods,tablet,No,100,Tablet,,Strip,10,,Box,10,,2
Olmat 10,Olmesartan 10mg,Medicine,Macleods,tablet,No,100,Tablet,,Strip,10,,Box,10,,2
Olsar 10,Olmesartan 10mg,Medicine,Unichem,tablet,No,100,Tablet,,Strip,10,,Box,10,,2
Olsar 40,Olmesartan 40mg,Medicine,Unichem,tablet,No,100,Tablet,,Strip,10,,Box,10,,2
Olmy 10,Olmesartan 10mg,Medicine,Micro Labs,tablet,No,100,Tablet,,Strip,10,,Box,10,,2
Olmy 40,Olmesartan 40mg,Medicine,Micro Labs,tablet,No,100,Tablet,,Strip,10,,Box,10,,2
Olmezest 10,Olmesartan 10mg,Medicine,Zydus,tablet,No,100,Tablet,,Strip,10,,Box,10,,2
Olmezest 40,Olmesartan 40mg,Medicine,Zydus,tablet,No,100,Tablet,,Strip,10,,Box,10,,2
Olmesar-H,Olmesartan 20mg + Hydrochlorothiazide 12.5mg,Medicine,Macleods,tablet,No,100,Tablet,,Strip,10,,Box,10,,2
Olmezest-CH,Olmesartan 20mg + Chlorthalidone 12.5mg,Medicine,Zydus,tablet,No,100,Tablet,,Strip,10,,Box,10,,2
Olmesartan 20mg + Amlodipine 5mg,Olmesartan + Amlodipine,Medicine,,tablet,No,100,Tablet,,Strip,10,,Box,10,,2
Valzaar 40,Valsartan 40mg,Medicine,Torrent,tablet,No,100,Tablet,,Strip,10,,Box,10,,2
Valzaar 80,Valsartan 80mg,Medicine,Torrent,tablet,No,100,Tablet,,Strip,10,,Box,10,,2
Valzaar 160,Valsartan 160mg,Medicine,Torrent,tablet,No,100,Tablet,,Strip,10,,Box,10,,2
Diovan 40,Valsartan 40mg,Medicine,Novartis,tablet,No,100,Tablet,,Strip,10,,Box,10,,2
Diovan 160,Valsartan 160mg,Medicine,Novartis,tablet,No,100,Tablet,,Strip,10,,Box,10,,2
Valsartan 40mg,Valsartan 40mg,Medicine,,tablet,No,100,Tablet,,Strip,10,,Box,10,,2
Valsartan 160mg,Valsartan 160mg,Medicine,,tablet,No,100,Tablet,,Strip,10,,Box,10,,2
Irovel 150,Irbesartan 150mg,Medicine,Sun Pharma,tablet,No,100,Tablet,,Strip,10,,Box,10,,2
Irovel 300,Irbesartan 300mg,Medicine,Sun Pharma,tablet,No,100,Tablet,,Strip,10,,Box,10,,2
Irbesartan 150mg,Irbesartan 150mg,Medicine,,tablet,No,100,Tablet,,Strip,10,,Box,10,,2
Irbesartan 300mg,Irbesartan 300mg,Medicine,,tablet,No,100,Tablet,,Strip,10,,Box,10,,2
Candesartan 4mg,Candesartan 4mg,Medicine,,tablet,No,100,Tablet,,Strip,10,,Box,10,,2
Candesartan 8mg,Candesartan 8mg,Medicine,,tablet,No,100,Tablet,,Strip,10,,Box,10,,2
Candesartan 16mg,Candesartan 16mg,Medicine,,tablet,No,100,Tablet,,Strip,10,,Box,10,,2
Azilsartan 20mg,Azilsartan 20mg,Medicine,,tablet,No,100,Tablet,,Strip,10,,Box,10,,2
Azilsartan 40mg,Azilsartan 40mg,Medicine,,tablet,No,100,Tablet,,Strip,10,,Box,10,,2
Azilsartan 80mg,Azilsartan 80mg,Medicine,,tablet,No,100,Tablet,,Strip,10,,Box,10,,2
Vymada 50,Sacubitril 24mg + Valsartan 26mg,Medicine,Novartis,tablet,No,100,Tablet,,Strip,10,,Box,10,,2
Vymada 100,Sacubitril 49mg + Valsartan 51mg,Medicine,Novartis,tablet,No,100,Tablet,,Strip,10,,Box,10,,2
Azmarda 50,Sacubitril 24mg + Valsartan 26mg,Medicine,Novartis,tablet,No,100,Tablet,,Strip,10,,Box,10,,2
Sacubitril + Valsartan 50mg,Sacubitril 24mg + Valsartan 26mg,Medicine,,tablet,No,100,Tablet,,Strip,10,,Box,10,,2
Cardace 1.25,Ramipril 1.25mg,Medicine,Sanofi,tablet,No,100,Tablet,,Strip,10,,Box,10,,2
Cardace 10,Ramipril 10mg,Medicine,Sanofi,tablet,No,100,Tablet,,Strip,10,,Box,10,,2
Ramistar 2.5,Ramipril 2.5mg,Medicine,Lupin,tablet,No,100,Tablet,,Strip,10,,Box,10,,2
Ramistar 10,Ramipril 10mg,Medicine,Lupin,tablet,No,100,Tablet,,Strip,10,,Box,10,,2
Ramipril 1.25mg,Ramipril 1.25mg,Medicine,,tablet,No,100,Tablet,,Strip,10,,Box,10,,2
Ramipril 2.5mg,Ramipril 2.5mg,Medicine,,tablet,No,100,Tablet,,Strip,10,,Box,10,,2
Ramipril 10mg,Ramipril 10mg,Medicine,,tablet,No,100,Tablet,,Strip,10,,Box,10,,2
Envas 2.5,Enalapril 2.5mg,Medicine,Cadila,tablet,No,100,Tablet,,Strip,10,,Box,10,,2
Envas 10,Enalapril 10mg,Medicine,Cadila,tablet,No,100,Tablet,,Strip,10,,Box,10,,2
Enam 2.5,Enalapril 2.5mg,Medicine,Dr. Reddy's,tablet,No,100,Tablet,,Strip,10,,Box,10,,2
Enam 10,Enalapril 10mg,Medicine,Dr. Reddy's,tablet,No,100,Tablet,,Strip,10,,Box,10,,2
Enalapril 2.5mg,Enalapril 2.5mg,Medicine,,tablet,No,100,Tablet,,Strip,10,,Box,10,,2
Enalapril 5mg,Enalapril 5mg,Medicine,,tablet,No,100,Tablet,,Strip,10,,Box,10,,2
Listril 2.5,Lisinopril 2.5mg,Medicine,Torrent,tablet,No,100,Tablet,,Strip,10,,Box,10,,2
Listril 10,Lisinopril 10mg,Medicine,Torrent,tablet,No,100,Tablet,,Strip,10,,Box,10,,2
Lisinopril 2.5mg,Lisinopril 2.5mg,Medicine,,tablet,No,100,Tablet,,Strip,10,,Box,10,,2
Lisinopril 5mg,Lisinopril 5mg,Medicine,,tablet,No,100,Tablet,,Strip,10,,Box,10,,2
Lisinopril 10mg,Lisinopril 10mg,Medicine,,tablet,No,100,Tablet,,Strip,10,,Box,10,,2
Perindopril 2mg,Perindopril 2mg,Medicine,,tablet,No,100,Tablet,,Strip,10,,Box,10,,2
Perindopril 8mg,Perindopril 8mg,Medicine,,tablet,No,100,Tablet,,Strip,10,,Box,10,,2
Telmisartan 40mg + Cilnidipine 10mg,Telmisartan + Cilnidipine,Medicine,,tablet,No,100,Tablet,,Strip,10,,Box,10,,2
Betacard 25,Atenolol 25mg,Medicine,Torrent,tablet,No,100,Tablet,,Strip,10,,Box,10,,2
Betacard 50,Atenolol 50mg,Medicine,Torrent,tablet,No,100,Tablet,,Strip,10,,Box,10,,2
Aten 100,Atenolol 100mg,Medicine,Zydus,tablet,No,100,Tablet,,Strip,10,,Box,10,,2
Atenolol 25mg,Atenolol 25mg,Medicine,,tablet,No,100,Tablet,,Strip,10,,Box,10,,2
Atenolol 100mg,Atenolol 100mg,Medicine,,tablet,No,100,Tablet,,Strip,10,,Box,10,,2
Met XL 25,Metoprolol Succinate ER 25mg,Medicine,Ajanta,tablet,No,100,Tablet,,Strip,10,,Box,10,,2
Met XL 50,Metoprolol Succinate ER 50mg,Medicine,Ajanta,tablet,No,100,Tablet,,Strip,10,,Box,10,,2
Met XL 100,Metoprolol Succinate ER 100mg,Medicine,Ajanta,tablet,No,100,Tablet,,Strip,10,,Box,10,,2
Metolar 100,Metoprolol 100mg,Medicine,Cipla,tablet,No,100,Tablet,,Strip,10,,Box,10,,2
Prolomet XL 12.5,Metoprolol Succinate ER 12.5mg,Medicine,Sun Pharma,tablet,No,100,Tablet,,Strip,10,,Box,10,,2
Prolomet XL 100,Metoprolol Succinate ER 100mg,Medicine,Sun Pharma,tablet,No,100,Tablet,,Strip,10,,Box,10,,2
Seloken XL 12.5,Metoprolol Succinate ER 12.5mg,Medicine,AstraZeneca,tablet,No,100,Tablet,,Strip,10,,Box,10,,2
Seloken XL 50,Metoprolol Succinate ER 50mg,Medicine,AstraZeneca,tablet,No,100,Tablet,,Strip,10,,Box,10,,2
Seloken XL 100,Metoprolol Succinate ER 100mg,Medicine,AstraZeneca,tablet,No,100,Tablet,,Strip,10,,Box,10,,2
Revelol XL 12.5,Metoprolol Succinate ER 12.5mg,Medicine,Ipca,tablet,No,100,Tablet,,Strip,10,,Box,10,,2
Revelol XL 50,Metoprolol Succinate ER 50mg,Medicine,Ipca,tablet,No,100,Tablet,,Strip,10,,Box,10,,2
Metpure XL 12.5,Metoprolol Succinate ER 12.5mg,Medicine,Emcure,tablet,No,100,Tablet,,Strip,10,,Box,10,,2
Metpure XL 100,Metoprolol Succinate ER 100mg,Medicine,Emcure,tablet,No,100,Tablet,,Strip,10,,Box,10,,2
Metoprolol Succinate ER 12.5mg,Metoprolol Succinate ER 12.5mg,Medicine,,tablet,No,100,Tablet,,Strip,10,,Box,10,,2
Metoprolol Succinate ER 100mg,Metoprolol Succinate ER 100mg,Medicine,,tablet,No,100,Tablet,,Strip,10,,Box,10,,2
Concor 1.25,Bisoprolol 1.25mg,Medicine,Merck,tablet,No,100,Tablet,,Strip,10,,Box,10,,2
Concor 10,Bisoprolol 10mg,Medicine,Merck,tablet,No,100,Tablet,,Strip,10,,Box,10,,2
Corbis 2.5,Bisoprolol 2.5mg,Medicine,Torrent,tablet,No,100,Tablet,,Strip,10,,Box,10,,2
Corbis 10,Bisoprolol 10mg,Medicine,Torrent,tablet,No,100,Tablet,,Strip,10,,Box,10,,2
Bisoprolol 1.25mg,Bisoprolol 1.25mg,Medicine,,tablet,No,100,Tablet,,Strip,10,,Box,10,,2
Bisoprolol 2.5mg,Bisoprolol 2.5mg,Medicine,,tablet,No,100,Tablet,,Strip,10,,Box,10,,2
Bisoprolol 10mg,Bisoprolol 10mg,Medicine,,tablet,No,100,Tablet,,Strip,10,,Box,10,,2
Cardivas 3.125,Carvedilol 3.125mg,Medicine,Sun Pharma,tablet,No,100,Tablet,,Strip,10,,Box,10,,2
Cardivas 6.25,Carvedilol 6.25mg,Medicine,Sun Pharma,tablet,No,100,Tablet,,Strip,10,,Box,10,,2
Cardivas 12.5,Carvedilol 12.5mg,Medicine,Sun Pharma,tablet,No,100,Tablet,,Strip,10,,Box,10,,2
Cardivas 25,Carvedilol 25mg,Medicine,Sun Pharma,tablet,No,100,Tablet,,Strip,10,,Box,10,,2
Carca 12.5,Carvedilol 12.5mg,Medicine,Intas,tablet,No,100,Tablet,,Strip,10,,Box,10,,2
Carca 25,Carvedilol 25mg,Medicine,Intas,tablet,No,100,Tablet,,Strip,10,,Box,10,,2
Carloc 6.25,Carvedilol 6.25mg,Medicine,Sun Pharma,tablet,No,100,Tablet,,Strip,10,,Box,10,,2
Carloc 12.5,Carvedilol 12.5mg,Medicine,Sun Pharma,tablet,No,100,Tablet,,Strip,10,,Box,10,,2
Carvedilol 3.125mg,Carvedilol 3.125mg,Medicine,,tablet,No,100,Tablet,,Strip,10,,Box,10,,2
Carvedilol 12.5mg,Carvedilol 12.5mg,Medicine,,tablet,No,100,Tablet,,Strip,10,,Box,10,,2
Carvedilol 25mg,Carvedilol 25mg,Medicine,,tablet,No,100,Tablet,,Strip,10,,Box,10,,2
Nebistar 2.5,Nebivolol 2.5mg,Medicine,Lupin,tablet,No,100,Tablet,,Strip,10,,Box,10,,2
Nebistar 5,Nebivolol 5mg,Medicine,Lupin,tablet,No,100,Tablet,,Strip,10,,Box,10,,2
Nebicard 10,Nebivolol 10mg,Medicine,Torrent,tablet,No,100,Tablet,,Strip,10,,Box,10,,2
Nebilong 2.5,Nebivolol 2.5mg,Medicine,Micro Labs,tablet,No,100,Tablet,,Strip,10,,Box,10,,2
Nebilong 10,Nebivolol 10mg,Medicine,Micro Labs,tablet,No,100,Tablet,,Strip,10,,Box,10,,2
Nebivolol 2.5mg,Nebivolol 2.5mg,Medicine,,tablet,No,100,Tablet,,Strip,10,,Box,10,,2
Nebivolol 10mg,Nebivolol 10mg,Medicine,,tablet,No,100,Tablet,,Strip,10,,Box,10,,2
Ciplar 20,Propranolol 20mg,Medicine,Cipla,tablet,No,100,Tablet,,Strip,10,,Box,10,,2
Propranolol 10mg,Propranolol 10mg,Medicine,,tablet,No,100,Tablet,,Strip,10,,Box,10,,2
Propranolol 20mg,Propranolol 20mg,Medicine,,tablet,No,100,Tablet,,Strip,10,,Box,10,,2
Aztor 5,Atorvastatin 5mg,Medicine,Sun Pharma,tablet,No,100,Tablet,,Strip,10,,Box,10,,2
Aztor 10,Atorvastatin 10mg,Medicine,Sun Pharma,tablet,No,100,Tablet,,Strip,10,,Box,10,,2
Aztor 20,Atorvastatin 20mg,Medicine,Sun Pharma,tablet,No,100,Tablet,,Strip,10,,Box,10,,2
Aztor 40,Atorvastatin 40mg,Medicine,Sun Pharma,tablet,No,100,Tablet,,Strip,10,,Box,10,,2
Aztor 80,Atorvastatin 80mg,Medicine,Sun Pharma,tablet,No,100,Tablet,,Strip,10,,Box,10,,2
Modlip 10,Atorvastatin 10mg,Medicine,Torrent,tablet,No,100,Tablet,,Strip,10,,Box,10,,2
Modlip 20,Atorvastatin 20mg,Medicine,Torrent,tablet,No,100,Tablet,,Strip,10,,Box,10,,2
Modlip 40,Atorvastatin 40mg,Medicine,Torrent,tablet,No,100,Tablet,,Strip,10,,Box,10,,2
Lipikind 10,Atorvastatin 10mg,Medicine,Mankind,tablet,No,100,Tablet,,Strip,10,,Box,10,,2
Lipikind 20,Atorvastatin 20mg,Medicine,Mankind,tablet,No,100,Tablet,,Strip,10,,Box,10,,2
Lipikind 40,Atorvastatin 40mg,Medicine,Mankind,tablet,No,100,Tablet,,Strip,10,,Box,10,,2
Storvas 5,Atorvastatin 5mg,Medicine,Sun Pharma,tablet,No,100,Tablet,,Strip,10,,Box,10,,2
Storvas 40,Atorvastatin 40mg,Medicine,Sun Pharma,tablet,No,100,Tablet,,Strip,10,,Box,10,,2
Storvas 80,Atorvastatin 80mg,Medicine,Sun Pharma,tablet,No,100,Tablet,,Strip,10,,Box,10,,2
Tonact 5,Atorvastatin 5mg,Medicine,Lupin,tablet,No,100,Tablet,,Strip,10,,Box,10,,2
Tonact 20,Atorvastatin 20mg,Medicine,Lupin,tablet,No,100,Tablet,,Strip,10,,Box,10,,2
Tonact 40,Atorvastatin 40mg,Medicine,Lupin,tablet,No,100,Tablet,,Strip,10,,Box,10,,2
Atocor 5,Atorvastatin 5mg,Medicine,Dr. Reddy's,tablet,No,100,Tablet,,Strip,10,,Box,10,,2
Atocor 10,Atorvastatin 10mg,Medicine,Dr. Reddy's,tablet,No,100,Tablet,,Strip,10,,Box,10,,2
Atocor 40,Atorvastatin 40mg,Medicine,Dr. Reddy's,tablet,No,100,Tablet,,Strip,10,,Box,10,,2
Lipvas 20,Atorvastatin 20mg,Medicine,Cipla,tablet,No,100,Tablet,,Strip,10,,Box,10,,2
Lipvas 40,Atorvastatin 40mg,Medicine,Cipla,tablet,No,100,Tablet,,Strip,10,,Box,10,,2
Atorva 5,Atorvastatin 5mg,Medicine,Zydus,tablet,No,100,Tablet,,Strip,10,,Box,10,,2
Atorva 80,Atorvastatin 80mg,Medicine,Zydus,tablet,No,100,Tablet,,Strip,10,,Box,10,,2
Atorvastatin 5mg,Atorvastatin 5mg,Medicine,,tablet,No,100,Tablet,,Strip,10,,Box,10,,2
Atorvastatin 20mg,Atorvastatin 20mg,Medicine,,tablet,No,100,Tablet,,Strip,10,,Box,10,,2
Atorvastatin 80mg,Atorvastatin 80mg,Medicine,,tablet,No,100,Tablet,,Strip,10,,Box,10,,2
Rozavel 5,Rosuvastatin 5mg,Medicine,Sun Pharma,tablet,No,100,Tablet,,Strip,10,,Box,10,,2
Rozavel 10,Rosuvastatin 10mg,Medicine,Sun Pharma,tablet,No,100,Tablet,,Strip,10,,Box,10,,2
Rozavel 20,Rosuvastatin 20mg,Medicine,Sun Pharma,tablet,No,100,Tablet,,Strip,10,,Box,10,,2
Rozavel 40,Rosuvastatin 40mg,Medicine,Sun Pharma,tablet,No,100,Tablet,,Strip,10,,Box,10,,2
Rosukind 5,Rosuvastatin 5mg,Medicine,Mankind,tablet,No,100,Tablet,,Strip,10,,Box,10,,2
Rosukind 10,Rosuvastatin 10mg,Medicine,Mankind,tablet,No,100,Tablet,,Strip,10,,Box,10,,2
Rosukind 20,Rosuvastatin 20mg,Medicine,Mankind,tablet,No,100,Tablet,,Strip,10,,Box,10,,2
Rosulip 5,Rosuvastatin 5mg,Medicine,Cipla,tablet,No,100,Tablet,,Strip,10,,Box,10,,2
Rosulip 20,Rosuvastatin 20mg,Medicine,Cipla,tablet,No,100,Tablet,,Strip,10,,Box,10,,2
Rosulip 40,Rosuvastatin 40mg,Medicine,Cipla,tablet,No,100,Tablet,,Strip,10,,Box,10,,2
Rozat 5,Rosuvastatin 5mg,Medicine,Lupin,tablet,No,100,Tablet,,Strip,10,,Box,10,,2
Rozat 20,Rosuvastatin 20mg,Medicine,Lupin,tablet,No,100,Tablet,,Strip,10,,Box,10,,2
Crestor 5,Rosuvastatin 5mg,Medicine,AstraZeneca,tablet,No,100,Tablet,,Strip,10,,Box,10,,2
Crestor 20,Rosuvastatin 20mg,Medicine,AstraZeneca,tablet,No,100,Tablet,,Strip,10,,Box,10,,2
Rosuvas 40,Rosuvastatin 40mg,Medicine,Sun Pharma,tablet,No,100,Tablet,,Strip,10,,Box,10,,2
Rosuvastatin 40mg,Rosuvastatin 40mg,Medicine,,tablet,No,100,Tablet,,Strip,10,,Box,10,,2
Rozavel-A 10,Rosuvastatin 10mg + Aspirin 75mg,Medicine,Sun Pharma,tablet,No,100,Tablet,,Strip,10,,Box,10,,2
Rosuvastatin 10mg + Fenofibrate 145mg,Rosuvastatin + Fenofibrate,Medicine,,tablet,No,100,Tablet,,Strip,10,,Box,10,,2
Atorvastatin 10mg + Fenofibrate 160mg,Atorvastatin + Fenofibrate,Medicine,,tablet,No,100,Tablet,,Strip,10,,Box,10,,2
Lipicard 67,Fenofibrate 67mg,Medicine,USV,tablet,No,100,Tablet,,Strip,10,,Box,10,,2
Lipicard 200,Fenofibrate 200mg,Medicine,USV,tablet,No,100,Tablet,,Strip,10,,Box,10,,2
Fenolip 145,Fenofibrate 145mg,Medicine,Cipla,tablet,No,100,Tablet,,Strip,10,,Box,10,,2
Fenolip 200,Fenofibrate 200mg,Medicine,Cipla,tablet,No,100,Tablet,,Strip,10,,Box,10,,2
Fenofibrate 67mg,Fenofibrate 67mg,Medicine,,tablet,No,100,Tablet,,Strip,10,,Box,10,,2
Fenofibrate 145mg,Fenofibrate 145mg,Medicine,,tablet,No,100,Tablet,,Strip,10,,Box,10,,2
Fenofibrate 200mg,Fenofibrate 200mg,Medicine,,tablet,No,100,Tablet,,Strip,10,,Box,10,,2
Simvastatin 5mg,Simvastatin 5mg,Medicine,,tablet,No,100,Tablet,,Strip,10,,Box,10,,2
Simvastatin 20mg,Simvastatin 20mg,Medicine,,tablet,No,100,Tablet,,Strip,10,,Box,10,,2
Pitavastatin 1mg,Pitavastatin 1mg,Medicine,,tablet,No,100,Tablet,,Strip,10,,Box,10,,2
Pitavastatin 2mg,Pitavastatin 2mg,Medicine,,tablet,No,100,Tablet,,Strip,10,,Box,10,,2
Pitavastatin 4mg,Pitavastatin 4mg,Medicine,,tablet,No,100,Tablet,,Strip,10,,Box,10,,2
Ezetimibe 10mg + Atorvastatin 10mg,Ezetimibe + Atorvastatin,Medicine,,tablet,No,100,Tablet,,Strip,10,,Box,10,,2
Ezetimibe 10mg + Rosuvastatin 10mg,Ezetimibe + Rosuvastatin,Medicine,,tablet,No,100,Tablet,,Strip,10,,Box,10,,2
Omega-3 Fatty Acids 500mg,Omega-3 Fatty Acids 500mg,Medicine,,capsule,No,100,Capsule,,Strip,10,,Box,10,,2
Ecosprin 325,Aspirin 325mg,Medicine,USV,tablet,No,100,Tablet,,Strip,10,,Box,10,,2
Ecosprin-AV 150,Aspirin 150mg + Atorvastatin 20mg,Medicine,USV,tablet,No,100,Tablet,,Strip,10,,Box,10,,2
Clopilet 150,Clopidogrel 150mg,Medicine,Sun Pharma,tablet,No,100,Tablet,,Strip,10,,Box,10,,2
Deplatt 150,Clopidogrel 150mg,Medicine,Torrent,tablet,No,100,Tablet,,Strip,10,,Box,10,,2
Clavix 75,Clopidogrel 75mg,Medicine,Sun Pharma,tablet,No,100,Tablet,,Strip,10,,Box,10,,2
Ceruvin 75,Clopidogrel 75mg,Medicine,Sun Pharma,tablet,No,100,Tablet,,Strip,10,,Box,10,,2
Ceruvin-A 75,Clopidogrel 75mg + Aspirin 75mg,Medicine,Sun Pharma,tablet,No,100,Tablet,,Strip,10,,Box,10,,2
Clopidogrel 75mg + Atorvastatin 10mg,Clopidogrel + Atorvastatin,Medicine,,tablet,No,100,Tablet,,Strip,10,,Box,10,,2
Prasugrel 5mg,Prasugrel 5mg,Medicine,,tablet,No,100,Tablet,,Strip,10,,Box,10,,2
Ticagrelor 60mg,Ticagrelor 60mg,Medicine,,tablet,No,100,Tablet,,Strip,10,,Box,10,,2
Cilostazol 50mg,Cilostazol 50mg,Medicine,,tablet,No,100,Tablet,,Strip,10,,Box,10,,2
Cilostazol 100mg,Cilostazol 100mg,Medicine,,tablet,No,100,Tablet,,Strip,10,,Box,10,,2
Rivaroxaban 2.5mg,Rivaroxaban 2.5mg,Medicine,,tablet,No,100,Tablet,,Strip,10,,Box,10,,2
Rivaroxaban 10mg,Rivaroxaban 10mg,Medicine,,tablet,No,100,Tablet,,Strip,10,,Box,10,,2
Rivaroxaban 15mg,Rivaroxaban 15mg,Medicine,,tablet,No,100,Tablet,,Strip,10,,Box,10,,2
Rivaroxaban 20mg,Rivaroxaban 20mg,Medicine,,tablet,No,100,Tablet,,Strip,10,,Box,10,,2
Apixaban 2.5mg,Apixaban 2.5mg,Medicine,,tablet,No,100,Tablet,,Strip,10,,Box,10,,2
Apixaban 5mg,Apixaban 5mg,Medicine,,tablet,No,100,Tablet,,Strip,10,,Box,10,,2
Dabigatran 75mg,Dabigatran 75mg,Medicine,,capsule,No,100,Capsule,,Strip,10,,Box,10,,2
Dabigatran 110mg,Dabigatran 110mg,Medicine,,capsule,No,100,Capsule,,Strip,10,,Box,10,,2
Dabigatran 150mg,Dabigatran 150mg,Medicine,,capsule,No,100,Capsule,,Strip,10,,Box,10,,2
Acenocoumarol 1mg,Acenocoumarol 1mg,Medicine,,tablet,No,100,Tablet,,Strip,10,,Box,10,,2
Acenocoumarol 2mg,Acenocoumarol 2mg,Medicine,,tablet,No,100,Tablet,,Strip,10,,Box,10,,2
Acenocoumarol 3mg,Acenocoumarol 3mg,Medicine,,tablet,No,100,Tablet,,Strip,10,,Box,10,,2
Warfarin 1mg,Warfarin 1mg,Medicine,,tablet,No,100,Tablet,,Strip,10,,Box,10,,2
Warfarin 2mg,Warfarin 2mg,Medicine,,tablet,No,100,Tablet,,Strip,10,,Box,10,,2
Warfarin 3mg,Warfarin 3mg,Medicine,,tablet,No,100,Tablet,,Strip,10,,Box,10,,2
Enoxaparin 60mg Injection,Enoxaparin 60mg/0.6ml,Medicine,,vial,No,10,Vial,,,,,,,,1
Enoxaparin 20mg Injection,Enoxaparin 20mg/0.2ml,Medicine,,vial,No,10,Vial,,,,,,,,1
Clexane 60mg,Enoxaparin 60mg/0.6ml,Medicine,Sanofi,vial,No,10,Vial,,,,,,,,1
Fondaparinux 2.5mg Injection,Fondaparinux 2.5mg/0.5ml,Medicine,,vial,No,10,Vial,,,,,,,,1
Dytor 5,Torsemide 5mg,Medicine,Cipla,tablet,No,100,Tablet,,Strip,10,,Box,10,,2
Dytor 20,Torsemide 20mg,Medicine,Cipla,tablet,No,100,Tablet,,Strip,10,,Box,10,,2
Dytor 40,Torsemide 40mg,Medicine,Cipla,tablet,No,100,Tablet,,Strip,10,,Box,10,,2
Dytor 100,Torsemide 100mg,Medicine,Cipla,tablet,No,100,Tablet,,Strip,10,,Box,10,,2
Dytor Plus 20,Torsemide 20mg + Spironolactone 50mg,Medicine,Cipla,tablet,No,100,Tablet,,Strip,10,,Box,10,,2
Torsemide 5mg,Torsemide 5mg,Medicine,,tablet,No,100,Tablet,,Strip,10,,Box,10,,2
Torsemide 20mg,Torsemide 20mg,Medicine,,tablet,No,100,Tablet,,Strip,10,,Box,10,,2
Torsemide 40mg,Torsemide 40mg,Medicine,,tablet,No,100,Tablet,,Strip,10,,Box,10,,2
Aldactone 100,Spironolactone 100mg,Medicine,RPG Life Sciences,tablet,No,100,Tablet,,Strip,10,,Box,10,,2
Spironolactone 100mg,Spironolactone 100mg,Medicine,,tablet,No,100,Tablet,,Strip,10,,Box,10,,2
Spironolactone 25mg + Furosemide 20mg,Spironolactone + Furosemide,Medicine,,tablet,No,100,Tablet,,Strip,10,,Box,10,,2
Furosemide 20mg,Furosemide 20mg,Medicine,,tablet,No,100,Tablet,,Strip,10,,Box,10,,2
Furosemide 40mg,Furosemide 40mg,Medicine,,tablet,No,100,Tablet,,Strip,10,,Box,10,,2
Chlorthalidone 6.25mg,Chlorthalidone 6.25mg,Medicine,,tablet,No,100,Tablet,,Strip,10,,Box,10,,2
Chlorthalidone 12.5mg,Chlorthalidone 12.5mg,Medicine,,tablet,No,100,Tablet,,Strip,10,,Box,10,,2
Chlorthalidone 25mg,Chlorthalidone 25mg,Medicine,,tablet,No,100,Tablet,,Strip,10,,Box,10,,2
Indapamide 2.5mg,Indapamide 2.5mg,Medicine,,tablet,No,100,Tablet,,Strip,10,,Box,10,,2
Monotrate 10,Isosorbide Mononitrate 10mg,Medicine,Sun Pharma,tablet,No,100,Tablet,,Strip,10,,Box,10,,2
Monotrate 40,Isosorbide Mononitrate 40mg,Medicine,Sun Pharma,tablet,No,100,Tablet,,Strip,10,,Box,10,,2
Angispan-TR 2.5,Nitroglycerin 2.5mg,Medicine,USV,tablet,No,100,Tablet,,Strip,10,,Box,10,,2
Angispan-TR 6.5,Nitroglycerin 6.5mg,Medicine,USV,tablet,No,100,Tablet,,Strip,10,,Box,10,,2
Nitrocontin 6.4,Nitroglycerin 6.4mg,Medicine,Modi-Mundipharma,tablet,No,100,Tablet,,Strip,10,,Box,10,,2
Isosorbide Dinitrate 5mg,Isosorbide Dinitrate 5mg,Medicine,,tablet,No,100,Tablet,,Strip,10,,Box,10,,2
Isosorbide Dinitrate 10mg,Isosorbide Dinitrate 10mg,Medicine,,tablet,No,100,Tablet,,Strip,10,,Box,10,,2
Ivabrad 7.5,Ivabradine 7.5mg,Medicine,Torrent,tablet,No,100,Tablet,,Strip,10,,Box,10,,2
Ivabradine 7.5mg,Ivabradine 7.5mg,Medicine,,tablet,No,100,Tablet,,Strip,10,,Box,10,,2
Cordarone 100,Amiodarone 100mg,Medicine,Sanofi,tablet,No,100,Tablet,,Strip,10,,Box,10,,2
Amiodarone 100mg,Amiodarone 100mg,Medicine,,tablet,No,100,Tablet,,Strip,10,,Box,10,,2
Flecainide 50mg,Flecainide 50mg,Medicine,,tablet,No,100,Tablet,,Strip,10,,Box,10,,2
Flecainide 100mg,Flecainide 100mg,Medicine,,tablet,No,100,Tablet,,Strip,10,,Box,10,,2
Sotalol 40mg,Sotalol 40mg,Medicine,,tablet,No,100,Tablet,,Strip,10,,Box,10,,2
Sotalol 80mg,Sotalol 80mg,Medicine,,tablet,No,100,Tablet,,Strip,10,,Box,10,,2
Ranolazine 500mg,Ranolazine 500mg,Medicine,,tablet,No,100,Tablet,,Strip,10,,Box,10,,2
Ranolazine 1000mg,Ranolazine 1000mg,Medicine,,tablet,No,100,Tablet,,Strip,10,,Box,10,,2
Trimetazidine 20mg,Trimetazidine 20mg,Medicine,,tablet,No,100,Tablet,,Strip,10,,Box,10,,2
Nicorandil 5mg,Nicorandil 5mg,Medicine,,tablet,No,100,Tablet,,Strip,10,,Box,10,,2
Nicorandil 10mg,Nicorandil 10mg,Medicine,,tablet,No,100,Tablet,,Strip,10,,Box,10,,2
Digoxin 0.125mg,Digoxin 0.125mg,Medicine,,tablet,No,100,Tablet,,Strip,10,,Box,10,,2
Digoxin Injection 2ml,Digoxin 0.5mg/2ml,Medicine,,vial,No,10,Ampoule,,,,,,,,1
Dopamine Injection 5ml,Dopamine 200mg/5ml,Medicine,,vial,No,10,Ampoule,,,,,,,,1
Dobutamine Injection 5ml,Dobutamine 250mg/5ml,Medicine,,vial,No,10,Ampoule,,,,,,,,1
Noradrenaline Injection 2ml,Noradrenaline 2mg/2ml,Medicine,,vial,No,10,Ampoule,,,,,,,,1
Nitroglycerin Injection 5ml,Nitroglycerin 25mg/5ml,Medicine,,vial,No,10,Ampoule,,,,,,,,1
Streptokinase 15 Lakh Injection,Streptokinase 1.5 million IU,Medicine,,vial,No,10,Vial,,,,,,,,1
Tenecteplase 40mg Injection,Tenecteplase 40mg,Medicine,,vial,No,10,Vial,,,,,,,,1
Glycomet 250,Metformin 250mg,Medicine,USV,tablet,No,100,Tablet,,Strip,10,,Box,10,,2
Glycomet 850,Metformin 850mg,Medicine,USV,tablet,No,100,Tablet,,Strip,10,,Box,10,,2
Glycomet SR 850,Metformin SR 850mg,Medicine,USV,tablet,No,100,Tablet,,Strip,10,,Box,10,,2
Glyciphage 850,Metformin 850mg,Medicine,Franco-Indian,tablet,No,100,Tablet,,Strip,10,,Box,10,,2
Glyciphage 1000,Metformin 1000mg,Medicine,Franco-Indian,tablet,No,100,Tablet,,Strip,10,,Box,10,,2
Glyciphage SR 500,Metformin SR 500mg,Medicine,Franco-Indian,tablet,No,100,Tablet,,Strip,10,,Box,10,,2
Glyciphage SR 1000,Metformin SR 1000mg,Medicine,Franco-Indian,tablet,No,100,Tablet,,Strip,10,,Box,10,,2
Okamet 850,Metformin 850mg,Medicine,Cipla,tablet,No,100,Tablet,,Strip,10,,Box,10,,2
Okamet 1000,Metformin 1000mg,Medicine,Cipla,tablet,No,100,Tablet,,Strip,10,,Box,10,,2
Carbophage SR 500,Metformin SR 500mg,Medicine,Torrent,tablet,No,100,Tablet,,Strip,10,,Box,10,,2
Carbophage SR 1000,Metformin SR 1000mg,Medicine,Torrent,tablet,No,100,Tablet,,Strip,10,,Box,10,,2
Walaphage 500,Metformin 500mg,Medicine,Wallace,tablet,No,100,Tablet,,Strip,10,,Box,10,,2
Walaphage 850,Metformin 850mg,Medicine,Wallace,tablet,No,100,Tablet,,Strip,10,,Box,10,,2
Metformin SR 1000mg,Metformin SR 1000mg,Medicine,,tablet,No,100,Tablet,,Strip,10,,Box,10,,2
Amaryl 3,Glimepiride 3mg,Medicine,Sanofi,tablet,No,100,Tablet,,Strip,10,,Box,10,,2
Amaryl 4,Glimepiride 4mg,Medicine,Sanofi,tablet,No,100,Tablet,,Strip,10,,Box,10,,2
Glimisave 3,Glimepiride 3mg,Medicine,USV,tablet,No,100,Tablet,,Strip,10,,Box,10,,2
Glimisave 4,Glimepiride 4mg,Medicine,USV,tablet,No,100,Tablet,,Strip,10,,Box,10,,2
Zoryl 3,Glimepiride 3mg,Medicine,Intas,tablet,No,100,Tablet,,Strip,10,,Box,10,,2
Zoryl 4,Glimepiride 4mg,Medicine,Intas,tablet,No,100,Tablet,,Strip,10,,Box,10,,2
Glimestar 1,Glimepiride 1mg,Medicine,Mankind,tablet,No,100,Tablet,,Strip,10,,Box,10,,2
Glimestar 3,Glimepiride 3mg,Medicine,Mankind,tablet,No,100,Tablet,,Strip,10,,Box,10,,2
Glimulin 1,Glimepiride 1mg,Medicine,Sun Pharma,tablet,No,100,Tablet,,Strip,10,,Box,10,,2
Glimulin 2,Glimepiride 2mg,Medicine,Sun Pharma,tablet,No,100,Tablet,,Strip,10,,Box,10,,2
Glimepiride 3mg,Glimepiride 3mg,Medicine,,tablet,No,100,Tablet,,Strip,10,,Box,10,,2
Glimepiride 4mg,Glimepiride 4mg,Medicine,,tablet,No,100,Tablet,,Strip,10,,Box,10,,2
Amaryl M Forte 1,Glimepiride 1mg + Metformin 1000mg,Medicine,Sanofi,tablet,No,100,Tablet,,Strip,10,,Box,10,,2
Glimisave M1,Glimepiride 1mg + Metformin 500mg,Medicine,USV,tablet,No,100,Tablet,,Strip,10,,Box,10,,2
Glimisave M2,Glimepiride 2mg + Metformin 500mg,Medicine,USV,tablet,No,100,Tablet,,Strip,10,,Box,10,,2
Zoryl-M2,Glimepiride 2mg + Metformin 500mg,Medicine,Intas,tablet,No,100,Tablet,,Strip,10,,Box,10,,2
Zoryl-MV2,Glimepiride 2mg + Metformin 500mg + Voglibose 0.2mg,Medicine,Intas,tablet,No,100,Tablet,,Strip,10,,Box,10,,2
Gemer 3,Glimepiride 3mg + Metformin 500mg,Medicine,USV,tablet,No,100,Tablet,,Strip,10,,Box,10,,2
Glimestar-M2,Glimepiride 2mg + Metformin 500mg,Medicine,Mankind,tablet,No,100,Tablet,,Strip,10,,Box,10,,2
Glimepiride 3mg + Metformin 500mg,Glimepiride + Metformin,Medicine,,tablet,No,100,Tablet,,Strip,10,,Box,10,,2
Glimepiride 1mg + Metformin 1000mg,Glimepiride + Metformin,Medicine,,tablet,No,100,Tablet,,Strip,10,,Box,10,,2
Diamicron MR 30,Gliclazide MR 30mg,Medicine,Servier,tablet,No,100,Tablet,,Strip,10,,Box,10,,2
Reclide MR 30,Gliclazide MR 30mg,Medicine,Dr. Reddy's,tablet,No,100,Tablet,,Strip,10,,Box,10,,2
Reclide MR 60,Gliclazide MR 60mg,Medicine,Dr. Reddy's,tablet,No,100,Tablet,,Strip,10,,Box,10,,2
Glizid MR 30,Gliclazide MR 30mg,Medicine,Panacea Biotec,tablet,No,100,Tablet,,Strip,10,,Box,10,,2
Glizid MR 60,Gliclazide MR 60mg,Medicine,Panacea Biotec,tablet,No,100,Tablet,,Strip,10,,Box,10,,2
Gliclazide 40mg,Gliclazide 40mg,Medicine,,tablet,No,100,Tablet,,Strip,10,,Box,10,,2
Gliclazide 80mg,Gliclazide 80mg,Medicine,,tablet,No,100,Tablet,,Strip,10,,Box,10,,2
Gliclazide MR 30mg,Gliclazide MR 30mg,Medicine,,tablet,No,100,Tablet,,Strip,10,,Box,10,,2
Glibenclamide 2.5mg,Glibenclamide 2.5mg,Medicine,,tablet,No,100,Tablet,,Strip,10,,Box,10,,2
Glibenclamide 5mg,Glibenclamide 5mg,Medicine,,tablet,No,100,Tablet,,Strip,10,,Box,10,,2
Glipizide 2.5mg,Glipizide 2.5mg,Medicine,,tablet,No,100,Tablet,,Strip,10,,Box,10,,2
Glipizide 5mg,Glipizide 5mg,Medicine,,tablet,No,100,Tablet,,Strip,10,,Box,10,,2
Glucored,Glibenclamide 5mg + Metformin 500mg,Medicine,Sun Pharma,tablet,No,100,Tablet,,Strip,10,,Box,10,,2
Zita 10,Teneligliptin 10mg,Medicine,Glenmark,tablet,No,100,Tablet,,Strip,10,,Box,10,,2
Tenepure 20,Teneligliptin 20mg,Medicine,Lupin,tablet,No,100,Tablet,,Strip,10,,Box,10,,2
Teneza 20,Teneligliptin 20mg,Medicine,Alkem,tablet,No,100,Tablet,,Strip,10,,Box,10,,2
Tenglyn 20,Teneligliptin 20mg,Medicine,Zydus,tablet,No,100,Tablet,,Strip,10,,Box,10,,2
Teneligliptin 20mg + Metformin 500mg,Teneligliptin + Metformin,Medicine,,tablet,No,100,Tablet,,Strip,10,,Box,10,,2
Teneligliptin 20mg + Metformin 1000mg,Teneligliptin + Metformin,Medicine,,tablet,No,100,Tablet,,Strip,10,,Box,10,,2
Zita-Met Plus 20/1000,Teneligliptin 20mg + Metformin 1000mg,Medicine,Glenmark,tablet,No,100,Tablet,,Strip,10,,Box,10,,2
Januvia 25,Sitagliptin 25mg,Medicine,MSD,tablet,No,100,Tablet,,Strip,10,,Box,10,,2
Januvia 50,Sitagliptin 50mg,Medicine,MSD,tablet,No,100,Tablet,,Strip,10,,Box,10,,2
Istavel 25,Sitagliptin 25mg,Medicine,Sun Pharma,tablet,No,100,Tablet,,Strip,10,,Box,10,,2
Istavel 50,Sitagliptin 50mg,Medicine,Sun Pharma,tablet,No,100,Tablet,,Strip,10,,Box,10,,2
Zituvia 50,Sitagliptin 50mg,Medicine,Zydus,tablet,No,100,Tablet,,Strip,10,,Box,10,,2
Sitaglu 50,Sitagliptin 50mg,Medicine,Lupin,tablet,No,100,Tablet,,Strip,10,,Box,10,,2
Sitaglu 100,Sitagliptin 100mg,Medicine,Lupin,tablet,No,100,Tablet,,Strip,10,,Box,10,,2
Janumet 50/1000,Sitagliptin 50mg + Metformin 1000mg,Medicine,MSD,tablet,No,100,Tablet,,Strip,10,,Box,10,,2
Istamet 50/1000,Sitagliptin 50mg + Metformin 1000mg,Medicine,Sun Pharma,tablet,No,100,Tablet,,Strip,10,,Box,10,,2
Zituvimet 50/500,Sitagliptin 50mg + Metformin 500mg,Medicine,Zydus,tablet,No,100,Tablet,,Strip,10,,Box,10,,2
Sitagliptin 50mg + Metformin 1000mg,Sitagliptin + Metformin,Medicine,,tablet,No,100,Tablet,,Strip,10,,Box,10,,2
Galvus 100,Vildagliptin 100mg,Medicine,Novartis,tablet,No,100,Tablet,,Strip,10,,Box,10,,2
Jalra 100,Vildagliptin 100mg,Medicine,USV,tablet,No,100,Tablet,,Strip,10,,Box,10,,2
Zomelis 100,Vildagliptin 100mg,Medicine,Torrent,tablet,No,100,Tablet,,Strip,10,,Box,10,,2
Vysov 50,Vildagliptin 50mg,Medicine,Emcure,tablet,No,100,Tablet,,Strip,10,,Box,10,,2
Galvus Met 50/1000,Vildagliptin 50mg + Metformin 1000mg,Medicine,Novartis,tablet,No,100,Tablet,,Strip,10,,Box,10,,2
Jalra-M 50/500,Vildagliptin 50mg + Metformin 500mg,Medicine,USV,tablet,No,100,Tablet,,Strip,10,,Box,10,,2
Vildagliptin 50mg + Metformin 1000mg,Vildagliptin + Metformin,Medicine,,tablet,No,100,Tablet,,Strip,10,,Box,10,,2
Trajenta 2.5,Linagliptin 2.5mg,Medicine,Boehringer Ingelheim,tablet,No,100,Tablet,,Strip,10,,Box,10,,2
Trajenta Duo 2.5/500,Linagliptin 2.5mg + Metformin 500mg,Medicine,Boehringer Ingelheim,tablet,No,100,Tablet,,Strip,10,,Box,10,,2
Linagliptin 2.5mg + Metformin 500mg,Linagliptin + Metformin,Medicine,,tablet,No,100,Tablet,,Strip,10,,Box,10,,2
Saxagliptin 2.5mg,Saxagliptin 2.5mg,Medicine,,tablet,No,100,Tablet,,Strip,10,,Box,10,,2
Saxagliptin 5mg,Saxagliptin 5mg,Medicine,,tablet,No,100,Tablet,,Strip,10,,Box,10,,2
Alogliptin 12.5mg,Alogliptin 12.5mg,Medicine,,tablet,No,100,Tablet,,Strip,10,,Box,10,,2
Alogliptin 25mg,Alogliptin 25mg,Medicine,,tablet,No,100,Tablet,,Strip,10,,Box,10,,2
Forxiga 5,Dapagliflozin 5mg,Medicine,AstraZeneca,tablet,No,100,Tablet,,Strip,10,,Box,10,,2
Oxra 5,Dapagliflozin 5mg,Medicine,Sun Pharma,tablet,No,100,Tablet,,Strip,10,,Box,10,,2
Dapanorm 5,Dapagliflozin 5mg,Medicine,Intas,tablet,No,100,Tablet,,Strip,10,,Box,10,,2
Dapanorm 10,Dapagliflozin 10mg,Medicine,Intas,tablet,No,100,Tablet,,Strip,10,,Box,10,,2
Oxramet 10/500,Dapagliflozin 10mg + Metformin 500mg,Medicine,Sun Pharma,tablet,No,100,Tablet,,Strip,10,,Box,10,,2
Dapagliflozin 10mg + Metformin 1000mg,Dapagliflozin + Metformin,Medicine,,tablet,No,100,Tablet,,Strip,10,,Box,10,,2
Dapagliflozin 10mg + Sitagliptin 100mg,Dapagliflozin + Sitagliptin,Medicine,,tablet,No,100,Tablet,,Strip,10,,Box,10,,2
Jardiance 25,Empagliflozin 25mg,Medicine,Boehringer Ingelheim,tablet,No,100,Tablet,,Strip,10,,Box,10,,2
Empagliflozin 12.5mg,Empagliflozin 12.5mg,Medicine,,tablet,No,100,Tablet,,Strip,10,,Box,10,,2
Empagliflozin 25mg,Empagliflozin 25mg,Medicine,,tablet,No,100,Tablet,,Strip,10,,Box,10,,2
Empagliflozin 12.5mg + Metformin 500mg,Empagliflozin + Metformin,Medicine,,tablet,No,100,Tablet,,Strip,10,,Box,10,,2
Canagliflozin 100mg,Canagliflozin 100mg,Medicine,,tablet,No,100,Tablet,,Strip,10,,Box,10,,2
Canagliflozin 300mg,Canagliflozin 300mg,Medicine,,tablet,No,100,Tablet,,Strip,10,,Box,10,,2
Pioz 7.5,Pioglitazone 7.5mg,Medicine,USV,tablet,No,100,Tablet,,Strip,10,,Box,10,,2
Pioz 30,Pioglitazone 30mg,Medicine,USV,tablet,No,100,Tablet,,Strip,10,,Box,10,,2
Pioglitazone 7.5mg,Pioglitazone 7.5mg,Medicine,,tablet,No,100,Tablet,,Strip,10,,Box,10,,2
Pioglitazone 30mg,Pioglitazone 30mg,Medicine,,tablet,No,100,Tablet,,Strip,10,,Box,10,,2
Volix 0.2,Voglibose 0.2mg,Medicine,Sun Pharma,tablet,No,100,Tablet,,Strip,10,,Box,10,,2
Voglibose 0.2mg + Metformin 500mg,Voglibose + Metformin,Medicine,,tablet,No,100,Tablet,,Strip,10,,Box,10,,2
Acarbose 25mg,Acarbose 25mg,Medicine,,tablet,No,100,Tablet,,Strip,10,,Box,10,,2
Acarbose 100mg,Acarbose 100mg,Medicine,,tablet,No,100,Tablet,,Strip,10,,Box,10,,2
Repaglinide 0.5mg,Repaglinide 0.5mg,Medicine,,tablet,No,100,Tablet,,Strip,10,,Box,10,,2
Repaglinide 1mg,Repaglinide 1mg,Medicine,,tablet,No,100,Tablet,,Strip,10,,Box,10,,2
Repaglinide 2mg,Repaglinide 2mg,Medicine,,tablet,No,100,Tablet,,Strip,10,,Box,10,,2
Nateglinide 60mg,Nateglinide 60mg,Medicine,,tablet,No,100,Tablet,,Strip,10,,Box,10,,2
Nateglinide 120mg,Nateglinide 120mg,Medicine,,tablet,No,100,Tablet,,Strip,10,,Box,10,,2
Mixtard 30/70 Vial 40 IU,Human Insulin 30/70 40 IU/ml,Medicine,Novo Nordisk,vial,No,10,Vial,,,,,,,,1
Actrapid Vial 40 IU,Human Insulin Regular 40 IU/ml,Medicine,Novo Nordisk,vial,No,10,Vial,,,,,,,,1
Insulatard Vial 40 IU,Human Insulin Isophane 40 IU/ml,Medicine,Novo Nordisk,vial,No,10,Vial,,,,,,,,1
Huminsulin R Vial 40 IU,Human Insulin Regular 40 IU/ml,Medicine,Eli Lilly,vial,No,10,Vial,,,,,,,,1
Huminsulin N Vial 40 IU,Human Insulin Isophane 40 IU/ml,Medicine,Eli Lilly,vial,No,10,Vial,,,,,,,,1
Insugen 30/70 Vial 40 IU,Human Insulin 30/70 40 IU/ml,Medicine,Biocon,vial,No,10,Vial,,,,,,,,1
Insugen-N Vial 40 IU,Human Insulin Isophane 40 IU/ml,Medicine,Biocon,vial,No,10,Vial,,,,,,,,1
Basalog Vial 10ml,Insulin Glargine 100 IU/ml,Medicine,Biocon,vial,No,10,Vial,,,,,,,,1
Glaritus Vial 10ml,Insulin Glargine 100 IU/ml,Medicine,Wockhardt,vial,No,10,Vial,,,,,,,,1
Glaritus Penfill 3ml,Insulin Glargine 100 IU/ml,Medicine,Wockhardt,vial,No,10,Vial,,,,,,,,1
Lantus SoloStar 3ml,Insulin Glargine 100 IU/ml,Medicine,Sanofi,vial,No,10,Vial,,,,,,,,1
Toujeo SoloStar 1.5ml,Insulin Glargine 300 IU/ml,Medicine,Sanofi,vial,No,10,Vial,,,,,,,,1
Apidra SoloStar 3ml,Insulin Glulisine 100 IU/ml,Medicine,Sanofi,vial,No,10,Vial,,,,,,,,1
Humalog Mix 25 Penfill 3ml,Insulin Lispro Mix 25 100 IU/ml,Medicine,Eli Lilly,vial,No,10,Vial,,,,,,,,1
NovoMix 50 Penfill 3ml,Insulin Aspart 50/50 100 IU/ml,Medicine,Novo Nordisk,vial,No,10,Vial,,,,,,,,1
Insulin Glargine Vial 10ml,Insulin Glargine 100 IU/ml,Medicine,,vial,No,10,Vial,,,,,,,,1
Insulin Aspart Penfill 3ml,Insulin Aspart 100 IU/ml,Medicine,,vial,No,10,Vial,,,,,,,,1
Insulin Pen Needle 32G,Pen needle for insulin pens,Consumable,,box,No,10,Piece,,,,,,,,1
Insulin Syringe 0.5ml 40 IU,Insulin syringe with needle,Consumable,,box,No,10,Piece,,,,,,,,1
Semaglutide 3mg,Semaglutide 3mg,Medicine,,tablet,No,100,Tablet,,Strip,10,,Box,10,,2
Liraglutide 6mg/ml Pen 3ml,Liraglutide 18mg/3ml,Medicine,,vial,No,10,Vial,,,,,,,,1
Alpha Lipoic Acid 300mg,Alpha Lipoic Acid 300mg,Medicine,,tablet,No,100,Tablet,,Strip,10,,Box,10,,2
Alpha Lipoic Acid 600mg,Alpha Lipoic Acid 600mg,Medicine,,tablet,No,100,Tablet,,Strip,10,,Box,10,,2
Alpha Lipoic Acid with Methylcobalamin,Alpha Lipoic Acid + Methylcobalamin + Vitamins,Medicine,,capsule,No,100,Capsule,,Strip,10,,Box,10,,2
Thyronorm 88mcg,Levothyroxine 88mcg,Medicine,Abbott,tablet,No,100,Tablet,,Strip,10,,Box,10,,2
Thyronorm 112mcg,Levothyroxine 112mcg,Medicine,Abbott,tablet,No,100,Tablet,,Strip,10,,Box,10,,2
Thyronorm 150mcg,Levothyroxine 150mcg,Medicine,Abbott,tablet,No,100,Tablet,,Strip,10,,Box,10,,2
Eltroxin 25mcg,Levothyroxine 25mcg,Medicine,GSK,tablet,No,100,Tablet,,Strip,10,,Box,10,,2
Eltroxin 75mcg,Levothyroxine 75mcg,Medicine,GSK,tablet,No,100,Tablet,,Strip,10,,Box,10,,2
Eltroxin 125mcg,Levothyroxine 125mcg,Medicine,GSK,tablet,No,100,Tablet,,Strip,10,,Box,10,,2
Thyrox 25mcg,Levothyroxine 25mcg,Medicine,Macleods,tablet,No,100,Tablet,,Strip,10,,Box,10,,2
Thyrox 75mcg,Levothyroxine 75mcg,Medicine,Macleods,tablet,No,100,Tablet,,Strip,10,,Box,10,,2
Thyrox 100mcg,Levothyroxine 100mcg,Medicine,Macleods,tablet,No,100,Tablet,,Strip,10,,Box,10,,2
Thyrox 125mcg,Levothyroxine 125mcg,Medicine,Macleods,tablet,No,100,Tablet,,Strip,10,,Box,10,,2
Thyrofit 25mcg,Levothyroxine 25mcg,Medicine,Lupin,tablet,No,100,Tablet,,Strip,10,,Box,10,,2
Thyrofit 50mcg,Levothyroxine 50mcg,Medicine,Lupin,tablet,No,100,Tablet,,Strip,10,,Box,10,,2
Thyrofit 100mcg,Levothyroxine 100mcg,Medicine,Lupin,tablet,No,100,Tablet,,Strip,10,,Box,10,,2
Levothyroxine 12.5mcg,Levothyroxine 12.5mcg,Medicine,,tablet,No,100,Tablet,,Strip,10,,Box,10,,2
Levothyroxine 62.5mcg,Levothyroxine 62.5mcg,Medicine,,tablet,No,100,Tablet,,Strip,10,,Box,10,,2
Levothyroxine 75mcg,Levothyroxine 75mcg,Medicine,,tablet,No,100,Tablet,,Strip,10,,Box,10,,2
Levothyroxine 88mcg,Levothyroxine 88mcg,Medicine,,tablet,No,100,Tablet,,Strip,10,,Box,10,,2
Levothyroxine 112mcg,Levothyroxine 112mcg,Medicine,,tablet,No,100,Tablet,,Strip,10,,Box,10,,2
Levothyroxine 150mcg,Levothyroxine 150mcg,Medicine,,tablet,No,100,Tablet,,Strip,10,,Box,10,,2
Levothyroxine 200mcg,Levothyroxine 200mcg,Medicine,,tablet,No,100,Tablet,,Strip,10,,Box,10,,2
Carbimazole 10mg,Carbimazole 10mg,Medicine,,tablet,No,100,Tablet,,Strip,10,,Box,10,,2
Carbimazole 20mg,Carbimazole 20mg,Medicine,,tablet,No,100,Tablet,,Strip,10,,Box,10,,2
Methimazole 10mg,Methimazole 10mg,Medicine,,tablet,No,100,Tablet,,Strip,10,,Box,10,,2
Propylthiouracil 100mg,Propylthiouracil 100mg,Medicine,,tablet,No,100,Tablet,,Strip,10,,Box,10,,2
Cabergoline 0.25mg,Cabergoline 0.25mg,Medicine,,tablet,No,100,Tablet,,Strip,10,,Box,10,,2
Cabergoline 1mg,Cabergoline 1mg,Medicine,,tablet,No,100,Tablet,,Strip,10,,Box,10,,2
Bromocriptine 1.25mg,Bromocriptine 1.25mg,Medicine,,tablet,No,100,Tablet,,Strip,10,,Box,10,,2
Bromocriptine 5mg,Bromocriptine 5mg,Medicine,,tablet,No,100,Tablet,,Strip,10,,Box,10,,2
Fludrocortisone 0.1mg,Fludrocortisone 0.1mg,Medicine,,tablet,No,100,Tablet,,Strip,10,,Box,10,,2
Desmopressin 0.1mg,Desmopressin 0.1mg,Medicine,,tablet,No,100,Tablet,,Strip,10,,Box,10,,2
Desmopressin 0.2mg,Desmopressin 0.2mg,Medicine,,tablet,No,100,Tablet,,Strip,10,,Box,10,,2
Alendronate 35mg,Alendronate 35mg,Medicine,,tablet,No,100,Tablet,,Strip,10,,Box,10,,2
Alendronate 70mg,Alendronate 70mg,Medicine,,tablet,No,100,Tablet,,Strip,10,,Box,10,,2
Risedronate 35mg,Risedronate 35mg,Medicine,,tablet,No,100,Tablet,,Strip,10,,Box,10,,2
Risedronate 150mg,Risedronate 150mg,Medicine,,tablet,No,100,Tablet,,Strip,10,,Box,10,,2
Ibandronate 150mg,Ibandronate 150mg,Medicine,,tablet,No,100,Tablet,,Strip,10,,Box,10,,2
Zoledronic Acid 4mg Injection,Zoledronic Acid 4mg/5ml,Medicine,,vial,No,10,Vial,,,,,,,,1
Zoledronic Acid 5mg Infusion 100ml,Zoledronic Acid 5mg/100ml,Medicine,,vial,No,10,Vial,,,,,,,,1
Teriparatide 20mcg,Teriparatide 20mcg,Medicine,,tablet,No,100,Tablet,,Strip,10,,Box,10,,2
Calcitriol 0.25mcg,Calcitriol 0.25mcg,Medicine,,tablet,No,100,Tablet,,Strip,10,,Box,10,,2
Calcitriol 0.5mcg,Calcitriol 0.5mcg,Medicine,,tablet,No,100,Tablet,,Strip,10,,Box,10,,2
Alfacalcidol 0.5mcg,Alfacalcidol 0.5mcg,Medicine,,capsule,No,100,Capsule,,Strip,10,,Box,10,,2
Alfacalcidol 1mcg,Alfacalcidol 1mcg,Medicine,,capsule,No,100,Capsule,,Strip,10,,Box,10,,2
Raloxifene 60mg,Raloxifene 60mg,Medicine,,tablet,No,100,Tablet,,Strip,10,,Box,10,,2
Calcium Carbonate 1250mg,Calcium Carbonate 1250mg,Medicine,,tablet,No,100,Tablet,,Strip,10,,Box,10,,2
Calcium Citrate 1000mg with Vitamin D3,Calcium Citrate with Vitamin D3,Medicine,,tablet,No,100,Tablet,,Strip,10,,Box,10,,2
Calcium Sachet with Vitamin K2-7,Calcium with Vitamin D3 and K2-7,Medicine,,sachet,No,30,Sachet,,Strip,10,,Box,10,,2
Cholecalciferol 60000 IU Oral Solution 5ml,"Cholecalciferol 60,000 IU",Medicine,,sachet,No,30,Sachet,,Strip,10,,Box,10,,2
Cholecalciferol 2000 IU,Cholecalciferol 2000 IU,Medicine,,tablet,No,100,Tablet,,Strip,10,,Box,10,,2
Cholecalciferol 5000 IU,Cholecalciferol 5000 IU,Medicine,,tablet,No,100,Tablet,,Strip,10,,Box,10,,2
Mox 125,Amoxicillin 125mg,Medicine,Sun Pharma,capsule,No,100,Capsule,,Strip,10,,Box,10,,2
Mox Dry Syrup 30ml,Amoxicillin 125mg/5ml,Medicine,Sun Pharma,bottle,No,10,Bottle,,,,,,,,1
Mox Forte Dry Syrup 30ml,Amoxicillin 250mg/5ml,Medicine,Sun Pharma,bottle,No,10,Bottle,,,,,,,,1
Amoxicillin 250mg,Amoxicillin 250mg,Medicine,,capsule,No,100,Capsule,,Strip,10,,Box,10,,2
Amoxicillin Dry Syrup 60ml,Amoxicillin 125mg/5ml,Medicine,,bottle,No,10,Bottle,,,,,,,,1
Clavam 1000,Amoxicillin + Clavulanic Acid 1000mg,Medicine,Alkem,tablet,No,100,Tablet,,Strip,10,,Box,10,,2
Clavam BID 1g,Amoxicillin 875mg + Clavulanic Acid 125mg,Medicine,Alkem,tablet,No,100,Tablet,,Strip,10,,Box,10,,2
Moxikind-CV 1g,Amoxicillin 875mg + Clavulanic Acid 125mg,Medicine,Mankind,tablet,No,100,Tablet,,Strip,10,,Box,10,,2
Moxikind-CV 375,Amoxicillin 250mg + Clavulanic Acid 125mg,Medicine,Mankind,tablet,No,100,Tablet,,Strip,10,,Box,10,,2
Advent 1g,Amoxicillin 875mg + Clavulanic Acid 125mg,Medicine,Cipla,tablet,No,100,Tablet,,Strip,10,,Box,10,,2
Advent 375,Amoxicillin 250mg + Clavulanic Acid 125mg,Medicine,Cipla,tablet,No,100,Tablet,,Strip,10,,Box,10,,2
Augmentin 375,Amoxicillin 250mg + Clavulanic Acid 125mg,Medicine,GSK,tablet,No,100,Tablet,,Strip,10,,Box,10,,2
Augmentin Dry Syrup 30ml,Amoxicillin 200mg + Clavulanate 28.5mg per 5ml,Medicine,GSK,bottle,No,10,Bottle,,,,,,,,1
Augmentin DDS Dry Syrup 30ml,Amoxicillin 400mg + Clavulanate 57mg per 5ml,Medicine,GSK,bottle,No,10,Bottle,,,,,,,,1
Clavam DDS Dry Syrup 30ml,Amoxicillin 400mg + Clavulanate 57mg per 5ml,Medicine,Alkem,bottle,No,10,Bottle,,,,,,,,1
Moxikind-CV DDS Dry Syrup 30ml,Amoxicillin 400mg + Clavulanate 57mg per 5ml,Medicine,Mankind,bottle,No,10,Bottle,,,,,,,,1
Amoxicillin 875mg + Clavulanic Acid 125mg,Amoxicillin + Clavulanic Acid,Medicine,,tablet,No,100,Tablet,,Strip,10,,Box,10,,2
Amoxicillin 250mg + Clavulanic Acid 125mg,Amoxicillin + Clavulanic Acid,Medicine,,tablet,No,100,Tablet,,Strip,10,,Box,10,,2
Amoxicillin 250mg + Cloxacillin 250mg,Amoxicillin + Cloxacillin,Medicine,,capsule,No,100,Capsule,,Strip,10,,Box,10,,2
Ampilox 500,Ampicillin 250mg + Cloxacillin 250mg,Medicine,Zydus,capsule,No,100,Capsule,,Strip,10,,Box,10,,2
Cloxacillin 250mg,Cloxacillin 250mg,Medicine,,capsule,No,100,Capsule,,Strip,10,,Box,10,,2
Ampicillin 250mg Injection,Ampicillin 250mg,Medicine,,vial,No,10,Vial,,,,,,,,1
Ampicillin + Sulbactam 1.5g Injection,Ampicillin 1g + Sulbactam 500mg,Medicine,,vial,No,10,Vial,,,,,,,,1
Crystalline Penicillin 5 Lakh,"Benzylpenicillin 5,00,000 IU",Medicine,,vial,No,10,Vial,,,,,,,,1
Benzathine Penicillin 6 Lakh,"Benzathine Penicillin 6,00,000 IU",Medicine,,vial,No,10,Vial,,,,,,,,1
Procaine Penicillin 4 Lakh,"Procaine Penicillin 4,00,000 IU",Medicine,,vial,No,10,Vial,,,,,,,,1
Taxim-O 50,Cefixime 50mg,Medicine,Alkem,tablet,No,100,Tablet,,Strip,10,,Box,10,,2
Zifi 50,Cefixime 50mg,Medicine,FDC,tablet,No,100,Tablet,,Strip,10,,Box,10,,2
Zifi 100,Cefixime 100mg,Medicine,FDC,tablet,No,100,Tablet,,Strip,10,,Box,10,,2
Mahacef 100,Cefixime 100mg,Medicine,Mankind,tablet,No,100,Tablet,,Strip,10,,Box,10,,2
Cefspan 100,Cefixime 100mg,Medicine,Sun Pharma,tablet,No,100,Tablet,,Strip,10,,Box,10,,2
Cefspan 200,Cefixime 200mg,Medicine,Sun Pharma,tablet,No,100,Tablet,,Strip,10,,Box,10,,2
Mahacef Dry Syrup 30ml,Cefixime 50mg/5ml,Medicine,Mankind,bottle,No,10,Bottle,,,,,,,,1
Cefixime Dry Syrup 50ml,Cefixime 100mg/5ml,Medicine,,bottle,No,10,Bottle,,,,,,,,1
Cefixime 400mg,Cefixime 400mg,Medicine,,tablet,No,100,Tablet,,Strip,10,,Box,10,,2
Zifi-O 200,Cefixime 200mg + Ofloxacin 200mg,Medicine,FDC,tablet,No,100,Tablet,,Strip,10,,Box,10,,2
Taxim-O 200 DT,Cefixime 200mg dispersible,Medicine,Alkem,tablet,No,100,Tablet,,Strip,10,,Box,10,,2
Cefixime 200mg + Azithromycin 250mg,Cefixime + Azithromycin,Medicine,,tablet,No,100,Tablet,,Strip,10,,Box,10,,2
Cefixime 200mg + Clavulanic Acid 125mg,Cefixime + Clavulanic Acid,Medicine,,tablet,No,100,Tablet,,Strip,10,,Box,10,,2
Cepodem 50,Cefpodoxime 50mg,Medicine,Alkem,tablet,No,100,Tablet,,Strip,10,,Box,10,,2
Cepodem 100,Cefpodoxime 100mg,Medicine,Alkem,tablet,No,100,Tablet,,Strip,10,,Box,10,,2
Monocef-O 50,Cefpodoxime 50mg,Medicine,Aristo,tablet,No,100,Tablet,,Strip,10,,Box,10,,2
Monocef-O 100,Cefpodoxime 100mg,Medicine,Aristo,tablet,No,100,Tablet,,Strip,10,,Box,10,,2
Podocef 100,Cefpodoxime 100mg,Medicine,Zydus,tablet,No,100,Tablet,,Strip,10,,Box,10,,2
Podocef 200,Cefpodoxime 200mg,Medicine,Zydus,tablet,No,100,Tablet,,Strip,10,,Box,10,,2
Cefpodoxime Dry Syrup 30ml,Cefpodoxime 50mg/5ml,Medicine,,bottle,No,10,Bottle,,,,,,,,1
Cefpodoxime 200mg + Clavulanic Acid 125mg,Cefpodoxime + Clavulanic Acid,Medicine,,tablet,No,100,Tablet,,Strip,10,,Box,10,,2
Cefpodoxime 200mg + Ofloxacin 200mg,Cefpodoxime + Ofloxacin,Medicine,,tablet,No,100,Tablet,,Strip,10,,Box,10,,2
Ceftum 125,Cefuroxime 125mg,Medicine,GSK,tablet,No,100,Tablet,,Strip,10,,Box,10,,2
Altacef 250,Cefuroxime 250mg,Medicine,Glenmark,tablet,No,100,Tablet,,Strip,10,,Box,10,,2
Cefasyn 250,Cefuroxime 250mg,Medicine,Zydus,tablet,No,100,Tablet,,Strip,10,,Box,10,,2
Cefasyn 500,Cefuroxime 500mg,Medicine,Zydus,tablet,No,100,Tablet,,Strip,10,,Box,10,,2
Cefuroxime Axetil 250mg,Cefuroxime Axetil 250mg,Medicine,,tablet,No,100,Tablet,,Strip,10,,Box,10,,2
Cefuroxime 500mg + Clavulanic Acid 125mg,Cefuroxime + Clavulanic Acid,Medicine,,tablet,No,100,Tablet,,Strip,10,,Box,10,,2
Cefuroxime 750mg Injection,Cefuroxime 750mg,Medicine,,vial,No,10,Vial,,,,,,,,1
Supacef 750mg Injection,Cefuroxime 750mg,Medicine,GSK,vial,No,10,Vial,,,,,,,,1
Monocef 250mg Injection,Ceftriaxone 250mg,Medicine,Aristo,vial,No,10,Vial,,,,,,,,1
Monocef 2g Injection,Ceftriaxone 2g,Medicine,Aristo,vial,No,10,Vial,,,,,,,,1
Oframax Forte 1.5g Injection,Ceftriaxone 1g + Sulbactam 500mg,Medicine,Sun Pharma,vial,No,10,Vial,,,,,,,,1
Xone-SB 1.5g Injection,Ceftriaxone 1g + Sulbactam 500mg,Medicine,Alkem,vial,No,10,Vial,,,,,,,,1
Ceftriaxone 500mg + Sulbactam 250mg Injection,Ceftriaxone + Sulbactam,Medicine,,vial,No,10,Vial,,,,,,,,1
Ceftriaxone + Tazobactam 1.125g Injection,Ceftriaxone 1g + Tazobactam 125mg,Medicine,,vial,No,10,Vial,,,,,,,,1
Ceftazidime 500mg Injection,Ceftazidime 500mg,Medicine,,vial,No,10,Vial,,,,,,,,1
Cefepime + Tazobactam 1.125g Injection,Cefepime 1g + Tazobactam 125mg,Medicine,,vial,No,10,Vial,,,,,,,,1
Cefoperazone 1g Injection,Cefoperazone 1g,Medicine,,vial,No,10,Vial,,,,,,,,1
Cephalexin 250mg,Cephalexin 250mg,Medicine,,capsule,No,100,Capsule,,Strip,10,,Box,10,,2
Cephalexin Dry Syrup 60ml,Cephalexin 125mg/5ml,Medicine,,bottle,No,10,Bottle,,,,,,,,1
Cefadroxil 500mg,Cefadroxil 500mg,Medicine,,capsule,No,100,Capsule,,Strip,10,,Box,10,,2
Cefadroxil Dry Syrup 30ml,Cefadroxil 125mg/5ml,Medicine,,bottle,No,10,Bottle,,,,,,,,1
Azee 100,Azithromycin 100mg,Medicine,Cipla,tablet,No,100,Tablet,,Strip,10,,Box,10,,2
Azee 200,Azithromycin 200mg,Medicine,Cipla,tablet,No,100,Tablet,,Strip,10,,Box,10,,2
Azee 1000,Azithromycin 1000mg,Medicine,Cipla,tablet,No,100,Tablet,,Strip,10,,Box,10,,2
Azithral 100,Azithromycin 100mg,Medicine,Alembic,tablet,No,100,Tablet,,Strip,10,,Box,10,,2
Azithral 200,Azithromycin 200mg,Medicine,Alembic,tablet,No,100,Tablet,,Strip,10,,Box,10,,2
Azithral 1000,Azithromycin 1000mg,Medicine,Alembic,tablet,No,100,Tablet,,Strip,10,,Box,10,,2
Zithrox 250,Azithromycin 250mg,Medicine,FDC,tablet,No,100,Tablet,,Strip,10,,Box,10,,2
Azicip 250,Azithromycin 250mg,Medicine,Cipla,tablet,No,100,Tablet,,Strip,10,,Box,10,,2
Aziwok 250,Azithromycin 250mg,Medicine,Wockhardt,tablet,No,100,Tablet,,Strip,10,,Box,10,,2
Aziwok 500,Azithromycin 500mg,Medicine,Wockhardt,tablet,No,100,Tablet,,Strip,10,,Box,10,,2
Azithral Liquid 100mg 15ml,Azithromycin 100mg/5ml,Medicine,Alembic,bottle,No,10,Bottle,,,,,,,,1
Azee Dry Syrup 100mg 15ml,Azithromycin 100mg/5ml,Medicine,Cipla,bottle,No,10,Bottle,,,,,,,,1
Claribid 250,Clarithromycin 250mg,Medicine,Pfizer,tablet,No,100,Tablet,,Strip,10,,Box,10,,2
Clarimac 250,Clarithromycin 250mg,Medicine,Macleods,tablet,No,100,Tablet,,Strip,10,,Box,10,,2
Clarithromycin Dry Syrup 30ml,Clarithromycin 125mg/5ml,Medicine,,bottle,No,10,Bottle,,,,,,,,1
Roxid 50,Roxithromycin 50mg,Medicine,Alembic,tablet,No,100,Tablet,,Strip,10,,Box,10,,2
Roxid 300,Roxithromycin 300mg,Medicine,Alembic,tablet,No,100,Tablet,,Strip,10,,Box,10,,2
Roxithromycin 150mg,Roxithromycin 150mg,Medicine,,tablet,No,100,Tablet,,Strip,10,,Box,10,,2
Roxithromycin 300mg,Roxithromycin 300mg,Medicine,,tablet,No,100,Tablet,,Strip,10,,Box,10,,2
Althrocin 250,Erythromycin 250mg,Medicine,Alembic,tablet,No,100,Tablet,,Strip,10,,Box,10,,2
Erythromycin 250mg,Erythromycin 250mg,Medicine,,tablet,No,100,Tablet,,Strip,10,,Box,10,,2
Erythromycin 500mg,Erythromycin 500mg,Medicine,,tablet,No,100,Tablet,,Strip,10,,Box,10,,2
Levoflox 250,Levofloxacin 250mg,Medicine,Cipla,tablet,No,100,Tablet,,Strip,10,,Box,10,,2
Levotas 250,Levofloxacin 250mg,Medicine,Intas,tablet,No,100,Tablet,,Strip,10,,Box,10,,2
Levotas 750,Levofloxacin 750mg,Medicine,Intas,tablet,No,100,Tablet,,Strip,10,,Box,10,,2
Glevo 250,Levofloxacin 250mg,Medicine,Glenmark,tablet,No,100,Tablet,,Strip,10,,Box,10,,2
Glevo 750,Levofloxacin 750mg,Medicine,Glenmark,tablet,No,100,Tablet,,Strip,10,,Box,10,,2
Loxof 250,Levofloxacin 250mg,Medicine,Zydus,tablet,No,100,Tablet,,Strip,10,,Box,10,,2
Loxof 750,Levofloxacin 750mg,Medicine,Zydus,tablet,No,100,Tablet,,Strip,10,,Box,10,,2
Levofloxacin 250mg,Levofloxacin 250mg,Medicine,,tablet,No,100,Tablet,,Strip,10,,Box,10,,2
Levofloxacin 750mg,Levofloxacin 750mg,Medicine,,tablet,No,100,Tablet,,Strip,10,,Box,10,,2
Levofloxacin Syrup 30ml,Levofloxacin 125mg/5ml,Medicine,,bottle,No,10,Bottle,,,,,,,,1
Ciplox 750,Ciprofloxacin 750mg,Medicine,Cipla,tablet,No,100,Tablet,,Strip,10,,Box,10,,2
Cifran 250,Ciprofloxacin 250mg,Medicine,Sun Pharma,tablet,No,100,Tablet,,Strip,10,,Box,10,,2
Cifran 750,Ciprofloxacin 750mg,Medicine,Sun Pharma,tablet,No,100,Tablet,,Strip,10,,Box,10,,2
Cifran CT,Ciprofloxacin 500mg + Tinidazole 600mg,Medicine,Sun Pharma,tablet,No,100,Tablet,,Strip,10,,Box,10,,2
Ciplox-TZ,Ciprofloxacin 500mg + Tinidazole 600mg,Medicine,Cipla,tablet,No,100,Tablet,,Strip,10,,Box,10,,2
Ciprofloxacin 250mg,Ciprofloxacin 250mg,Medicine,,tablet,No,100,Tablet,,Strip,10,,Box,10,,2
Ciprofloxacin 750mg,Ciprofloxacin 750mg,Medicine,,tablet,No,100,Tablet,,Strip,10,,Box,10,,2
Zanocin 400,Ofloxacin 400mg,Medicine,Sun Pharma,tablet,No,100,Tablet,,Strip,10,,Box,10,,2
Oflox 400,Ofloxacin 400mg,Medicine,Cipla,tablet,No,100,Tablet,,Strip,10,,Box,10,,2
Oflox-OZ,Ofloxacin 200mg + Ornidazole 500mg,Medicine,Cipla,tablet,No,100,Tablet,,Strip,10,,Box,10,,2
Ofloxacin Suspension 30ml,Ofloxacin 50mg/5ml,Medicine,,bottle,No,10,Bottle,,,,,,,,1
Ofloxacin 400mg,Ofloxacin 400mg,Medicine,,tablet,No,100,Tablet,,Strip,10,,Box,10,,2
Norflox 200,Norfloxacin 200mg,Medicine,Cipla,tablet,No,100,Tablet,,Strip,10,,Box,10,,2
Norfloxacin 400mg,Norfloxacin 400mg,Medicine,,tablet,No,100,Tablet,,Strip,10,,Box,10,,2
Moxifloxacin Infusion 250ml,Moxifloxacin 400mg/250ml,Medicine,,vial,No,10,Vial,,,,,,,,1
Gatifloxacin 200mg,Gatifloxacin 200mg,Medicine,,tablet,No,100,Tablet,,Strip,10,,Box,10,,2
Gatifloxacin 400mg,Gatifloxacin 400mg,Medicine,,tablet,No,100,Tablet,,Strip,10,,Box,10,,2
Prulifloxacin 600mg,Prulifloxacin 600mg,Medicine,,tablet,No,100,Tablet,,Strip,10,,Box,10,,2
Nitrofurantoin SR 100mg,Nitrofurantoin SR 100mg,Medicine,,capsule,No,100,Capsule,,Strip,10,,Box,10,,2
Doxt 50,Doxycycline 50mg,Medicine,Ajanta,capsule,No,100,Capsule,,Strip,10,,Box,10,,2
Doxt-SL,Doxycycline 100mg + Lactic Acid Bacillus,Medicine,Ajanta,capsule,No,100,Capsule,,Strip,10,,Box,10,,2
Doxycycline 50mg,Doxycycline 50mg,Medicine,,capsule,No,100,Capsule,,Strip,10,,Box,10,,2
Minocycline 50mg,Minocycline 50mg,Medicine,,capsule,No,100,Capsule,,Strip,10,,Box,10,,2
Tetracycline 250mg,Tetracycline 250mg,Medicine,,tablet,No,100,Tablet,,Strip,10,,Box,10,,2
Tetracycline 500mg,Tetracycline 500mg,Medicine,,tablet,No,100,Tablet,,Strip,10,,Box,10,,2
Septran,Sulfamethoxazole 400mg + Trimethoprim 80mg,Medicine,GSK,tablet,No,100,Tablet,,Strip,10,,Box,10,,2
Linezolid 300mg,Linezolid 300mg,Medicine,,tablet,No,100,Tablet,,Strip,10,,Box,10,,2
Linezolid Suspension 60ml,Linezolid 100mg/5ml,Medicine,,bottle,No,10,Bottle,,,,,,,,1
Clindamycin 150mg,Clindamycin 150mg,Medicine,,capsule,No,100,Capsule,,Strip,10,,Box,10,,2
Clindamycin Injection 2ml,Clindamycin 300mg/2ml,Medicine,,vial,No,10,Vial,,,,,,,,1
Rifaximin 200mg,Rifaximin 200mg,Medicine,,tablet,No,100,Tablet,,Strip,10,,Box,10,,2
Rifaximin 550mg,Rifaximin 550mg,Medicine,,tablet,No,100,Tablet,,Strip,10,,Box,10,,2
Faropenem 300mg,Faropenem 300mg,Medicine,,tablet,No,100,Tablet,,Strip,10,,Box,10,,2
Faropenem Dry Syrup 30ml,Faropenem 50mg/5ml,Medicine,,bottle,No,10,Bottle,,,,,,,,1
Meropenem 500mg Injection,Meropenem 500mg,Medicine,,vial,No,10,Vial,,,,,,,,1
Imipenem + Cilastatin 1g Injection,Imipenem 500mg + Cilastatin 500mg,Medicine,,vial,No,10,Vial,,,,,,,,1
Ertapenem 1g Injection,Ertapenem 1g,Medicine,,vial,No,10,Vial,,,,,,,,1
Colistin 1 Million Injection,Colistimethate Sodium 1 MIU,Medicine,,vial,No,10,Vial,,,,,,,,1
Polymyxin B 5 Lakh Injection,"Polymyxin B 5,00,000 IU",Medicine,,vial,No,10,Vial,,,,,,,,1
Teicoplanin 400mg Injection,Teicoplanin 400mg,Medicine,,vial,No,10,Vial,,,,,,,,1
Vancomycin 1g Injection,Vancomycin 1g,Medicine,,vial,No,10,Vial,,,,,,,,1
Amikacin 250mg Injection,Amikacin 250mg,Medicine,,vial,No,10,Vial,,,,,,,,1
Amikacin 100mg Injection,Amikacin 100mg,Medicine,,vial,No,10,Vial,,,,,,,,1
Gentamicin 40mg Injection,Gentamicin 40mg/2ml,Medicine,,vial,No,10,Vial,,,,,,,,1
Tobramycin 80mg Injection,Tobramycin 80mg/2ml,Medicine,,vial,No,10,Vial,,,,,,,,1
Piperacillin + Tazobactam 2.25g Injection,Piperacillin 2g + Tazobactam 250mg,Medicine,,vial,No,10,Vial,,,,,,,,1
Cefoperazone + Sulbactam 3g Injection,Cefoperazone 2g + Sulbactam 1g,Medicine,,vial,No,10,Vial,,,,,,,,1
Metronidazole 200mg,Metronidazole 200mg,Medicine,,tablet,No,100,Tablet,,Strip,10,,Box,10,,2
Metronidazole Suspension 100ml,Metronidazole 200mg/5ml,Medicine,,bottle,No,10,Bottle,,,,,,,,1
Ornidazole 250mg,Ornidazole 250mg,Medicine,,tablet,No,100,Tablet,,Strip,10,,Box,10,,2
Ornidazole Suspension 30ml,Ornidazole 125mg/5ml,Medicine,,bottle,No,10,Bottle,,,,,,,,1
Tinidazole 300mg,Tinidazole 300mg,Medicine,,tablet,No,100,Tablet,,Strip,10,,Box,10,,2
Tinidazole 1000mg,Tinidazole 1000mg,Medicine,,tablet,No,100,Tablet,,Strip,10,,Box,10,,2
Secnidazole 500mg,Secnidazole 500mg,Medicine,,tablet,No,100,Tablet,,Strip,10,,Box,10,,2
Secnidazole 1000mg,Secnidazole 1000mg,Medicine,,tablet,No,100,Tablet,,Strip,10,,Box,10,,2
Satranidazole 300mg,Satranidazole 300mg,Medicine,,tablet,No,100,Tablet,,Strip,10,,Box,10,,2
Nitazoxanide 200mg,Nitazoxanide 200mg,Medicine,,tablet,No,100,Tablet,,Strip,10,,Box,10,,2
Nitazoxanide Suspension 30ml,Nitazoxanide 100mg/5ml,Medicine,,bottle,No,10,Bottle,,,,,,,,1
Diloxanide Furoate 500mg,Diloxanide Furoate 500mg,Medicine,,tablet,No,100,Tablet,,Strip,10,,Box,10,,2
Albendazole 200mg,Albendazole 200mg,Medicine,,tablet,No,100,Tablet,,Strip,10,,Box,10,,2
Albendazole 400mg + Ivermectin 6mg,Albendazole + Ivermectin,Medicine,,tablet,No,100,Tablet,,Strip,10,,Box,10,,2
Mebendazole 100mg,Mebendazole 100mg,Medicine,,tablet,No,100,Tablet,,Strip,10,,Box,10,,2
Pyrantel Pamoate 250mg,Pyrantel Pamoate 250mg,Medicine,,tablet,No,100,Tablet,,Strip,10,,Box,10,,2
Pyrantel Suspension 10ml,Pyrantel Pamoate 250mg/5ml,Medicine,,bottle,No,10,Bottle,,,,,,,,1
Praziquantel 600mg,Praziquantel 600mg,Medicine,,tablet,No,100,Tablet,,Strip,10,,Box,10,,2
Diethylcarbamazine 100mg,Diethylcarbamazine 100mg,Medicine,,tablet,No,100,Tablet,,Strip,10,,Box,10,,2
Lariago 150,Chloroquine 150mg,Medicine,Ipca,tablet,No,100,Tablet,,Strip,10,,Box,10,,2
Chloroquine Suspension 60ml,Chloroquine 50mg/5ml,Medicine,,bottle,No,10,Bottle,,,,,,,,1
Primaquine 2.5mg,Primaquine 2.5mg,Medicine,,tablet,No,100,Tablet,,Strip,10,,Box,10,,2
Primaquine 15mg,Primaquine 15mg,Medicine,,tablet,No,100,Tablet,,Strip,10,,Box,10,,2
Artemether 80mg + Lumefantrine 480mg,Artemether + Lumefantrine,Medicine,,tablet,No,100,Tablet,,Strip,10,,Box,10,,2
Artesunate 100mg,Artesunate 100mg,Medicine,,tablet,No,100,Tablet,,Strip,10,,Box,10,,2
Mefloquine 250mg,Mefloquine 250mg,Medicine,,tablet,No,100,Tablet,,Strip,10,,Box,10,,2
Hydroxychloroquine 300mg,Hydroxychloroquine 300mg,Medicine,,tablet,No,100,Tablet,,Strip,10,,Box,10,,2
Fluconazole 50mg,Fluconazole 50mg,Medicine,,tablet,No,100,Tablet,,Strip,10,,Box,10,,2
Fluconazole 100mg,Fluconazole 100mg,Medicine,,tablet,No,100,Tablet,,Strip,10,,Box,10,,2
Fluconazole 400mg,Fluconazole 400mg,Medicine,,tablet,No,100,Tablet,,Strip,10,,Box,10,,2
Fluconazole Suspension 30ml,Fluconazole 50mg/5ml,Medicine,,bottle,No,10,Bottle,,,,,,,,1
Fluconazole Infusion 100ml,Fluconazole 200mg/100ml,Medicine,,vial,No,10,Vial,,,,,,,,1
Itraconazole 200mg,Itraconazole 200mg,Medicine,,capsule,No,100,Capsule,,Strip,10,,Box,10,,2
Itraconazole SB 130mg,Itraconazole Super Bioavailable 130mg,Medicine,,capsule,No,100,Capsule,,Strip,10,,Box,10,,2
Terbinafine 125mg,Terbinafine 125mg,Medicine,,tablet,No,100,Tablet,,Strip,10,,Box,10,,2
Terbinafine 500mg,Terbinafine 500mg,Medicine,,tablet,No,100,Tablet,,Strip,10,,Box,10,,2
Griseofulvin 125mg,Griseofulvin 125mg,Medicine,,tablet,No,100,Tablet,,Strip,10,,Box,10,,2
Griseofulvin 375mg,Griseofulvin 375mg,Medicine,,tablet,No,100,Tablet,,Strip,10,,Box,10,,2
Voriconazole 50mg,Voriconazole 50mg,Medicine,,tablet,No,100,Tablet,,Strip,10,,Box,10,,2
Voriconazole 200mg,Voriconazole 200mg,Medicine,,tablet,No,100,Tablet,,Strip,10,,Box,10,,2
Posaconazole 100mg,Posaconazole 100mg,Medicine,,tablet,No,100,Tablet,,Strip,10,,Box,10,,2
Caspofungin 50mg Injection,Caspofungin 50mg,Medicine,,vial,No,10,Vial,,,,,,,,1
Liposomal Amphotericin B 50mg Injection,Liposomal Amphotericin B 50mg,Medicine,,vial,No,10,Vial,,,,,,,,1
Ketoconazole 200mg,Ketoconazole 200mg,Medicine,,tablet,No,100,Tablet,,Strip,10,,Box,10,,2
Acyclovir 200mg,Acyclovir 200mg,Medicine,,tablet,No,100,Tablet,,Strip,10,,Box,10,,2
Acyclovir Suspension 60ml,Acyclovir 200mg/5ml,Medicine,,bottle,No,10,Bottle,,,,,,,,1
Acyclovir 250mg Injection,Acyclovir 250mg,Medicine,,vial,No,10,Vial,,,,,,,,1
Valacyclovir 1000mg,Valacyclovir 1000mg,Medicine,,tablet,No,100,Tablet,,Strip,10,,Box,10,,2
Famciclovir 250mg,Famciclovir 250mg,Medicine,,tablet,No,100,Tablet,,Strip,10,,Box,10,,2
Famciclovir 500mg,Famciclovir 500mg,Medicine,,tablet,No,100,Tablet,,Strip,10,,Box,10,,2
Oseltamivir 30mg,Oseltamivir 30mg,Medicine,,capsule,No,100,Capsule,,Strip,10,,Box,10,,2
Oseltamivir 45mg,Oseltamivir 45mg,Medicine,,capsule,No,100,Capsule,,Strip,10,,Box,10,,2
Oseltamivir Dry Syrup 30ml,Oseltamivir 12mg/ml,Medicine,,bottle,No,10,Bottle,,,,,,,,1
Tenofovir Disoproxil 300mg,Tenofovir Disoproxil 300mg,Medicine,,tablet,No,100,Tablet,,Strip,10,,Box,10,,2
Tenofovir Alafenamide 25mg,Tenofovir Alafenamide 25mg,Medicine,,tablet,No,100,Tablet,,Strip,10,,Box,10,,2
Entecavir 1mg,Entecavir 1mg,Medicine,,tablet,No,100,Tablet,,Strip,10,,Box,10,,2
Sofosbuvir 400mg,Sofosbuvir 400mg,Medicine,,tablet,No,100,Tablet,,Strip,10,,Box,10,,2
Sofosbuvir 400mg + Velpatasvir 100mg,Sofosbuvir + Velpatasvir,Medicine,,tablet,No,100,Tablet,,Strip,10,,Box,10,,2
Ribavirin 200mg,Ribavirin 200mg,Medicine,,tablet,No,100,Tablet,,Strip,10,,Box,10,,2
R-Cin 150,Rifampicin 150mg,Medicine,Lupin,capsule,No,100,Capsule,,Strip,10,,Box,10,,2
R-Cin 300,Rifampicin 300mg,Medicine,Lupin,capsule,No,100,Capsule,,Strip,10,,Box,10,,2
Rifampicin 150mg,Rifampicin 150mg,Medicine,,capsule,No,100,Capsule,,Strip,10,,Box,10,,2
Rifampicin 300mg,Rifampicin 300mg,Medicine,,capsule,No,100,Capsule,,Strip,10,,Box,10,,2
Rifampicin 450mg,Rifampicin 450mg,Medicine,,capsule,No,100,Capsule,,Strip,10,,Box,10,,2
Rifampicin 600mg,Rifampicin 600mg,Medicine,,capsule,No,100,Capsule,,Strip,10,,Box,10,,2
Isoniazid 100mg,Isoniazid 100mg,Medicine,,tablet,No,100,Tablet,,Strip,10,,Box,10,,2
Isoniazid 150mg,Isoniazid 150mg,Medicine,,tablet,No,100,Tablet,,Strip,10,,Box,10,,2
Ethambutol 400mg,Ethambutol 400mg,Medicine,,tablet,No,100,Tablet,,Strip,10,,Box,10,,2
Ethambutol 600mg,Ethambutol 600mg,Medicine,,tablet,No,100,Tablet,,Strip,10,,Box,10,,2
Ethambutol 1000mg,Ethambutol 1000mg,Medicine,,tablet,No,100,Tablet,,Strip,10,,Box,10,,2
Pyrazinamide 500mg,Pyrazinamide 500mg,Medicine,,tablet,No,100,Tablet,,Strip,10,,Box,10,,2
Pyrazinamide 1000mg,Pyrazinamide 1000mg,Medicine,,tablet,No,100,Tablet,,Strip,10,,Box,10,,2
Pyrazinamide 1500mg,Pyrazinamide 1500mg,Medicine,,tablet,No,100,Tablet,,Strip,10,,Box,10,,2
Rifampicin 150mg + Isoniazid 75mg,Rifampicin + Isoniazid,Medicine,,tablet,No,100,Tablet,,Strip,10,,Box,10,,2
Rifampicin 150mg + Isoniazid 75mg + Pyrazinamide 400mg,Three drug TB combination,Medicine,,tablet,No,100,Tablet,,Strip,10,,Box,10,,2
Akurit-3,Rifampicin + Isoniazid + Pyrazinamide,Medicine,Lupin,tablet,No,100,Tablet,,Strip,10,,Box,10,,2
Akurit,Rifampicin 150mg + Isoniazid 75mg,Medicine,Lupin,tablet,No,100,Tablet,,Strip,10,,Box,10,,2
AKT-3,Rifampicin + Isoniazid + Pyrazinamide,Medicine,Lupin,tablet,No,100,Tablet,,Strip,10,,Box,10,,2
Levofloxacin for MDR-TB 250mg,Levofloxacin for MDR-TB 250mg,Medicine,,tablet,No,100,Tablet,,Strip,10,,Box,10,,2
Cycloserine 250mg,Cycloserine 250mg,Medicine,,tablet,No,100,Tablet,,Strip,10,,Box,10,,2
Ethionamide 250mg,Ethionamide 250mg,Medicine,,tablet,No,100,Tablet,,Strip,10,,Box,10,,2
Bedaquiline 100mg,Bedaquiline 100mg,Medicine,,tablet,No,100,Tablet,,Strip,10,,Box,10,,2
Streptomycin 750mg Injection,Streptomycin 750mg,Medicine,,vial,No,10,Vial,,,,,,,,1
Streptomycin 1g Injection,Streptomycin 1g,Medicine,,vial,No,10,Vial,,,,,,,,1
Pan 10,Pantoprazole 10mg,Medicine,Alkem,tablet,No,100,Tablet,,Strip,10,,Box,10,,2
Pantocid 20,Pantoprazole 20mg,Medicine,Sun Pharma,tablet,No,100,Tablet,,Strip,10,,Box,10,,2
Pantop 20,Pantoprazole 20mg,Medicine,Aristo,tablet,No,100,Tablet,,Strip,10,,Box,10,,2
Pantodac 20,Pantoprazole 20mg,Medicine,Zydus,tablet,No,100,Tablet,,Strip,10,,Box,10,,2
Pantodac 40,Pantoprazole 40mg,Medicine,Zydus,tablet,No,100,Tablet,,Strip,10,,Box,10,,2
Pantacid 20,Pantoprazole 20mg,Medicine,Wockhardt,tablet,No,100,Tablet,,Strip,10,,Box,10,,2
Pantacid 40,Pantoprazole 40mg,Medicine,Wockhardt,tablet,No,100,Tablet,,Strip,10,,Box,10,,2
Pan-D SR,Pantoprazole 40mg + Domperidone SR 30mg,Medicine,Alkem,tablet,No,100,Tablet,,Strip,10,,Box,10,,2
Pantop-D,Pantoprazole 40mg + Domperidone SR 30mg,Medicine,Aristo,tablet,No,100,Tablet,,Strip,10,,Box,10,,2
Pantodac-DSR,Pantoprazole 40mg + Domperidone SR 30mg,Medicine,Zydus,tablet,No,100,Tablet,,Strip,10,,Box,10,,2
Pantoprazole 40mg + Levosulpiride 75mg,Pantoprazole + Levosulpiride,Medicine,,tablet,No,100,Tablet,,Strip,10,,Box,10,,2
Pantoprazole 40mg + Itopride 150mg,Pantoprazole + Itopride,Medicine,,tablet,No,100,Tablet,,Strip,10,,Box,10,,2
Pantoprazole 40mg Injection with Diluent,Pantoprazole 40mg,Medicine,,vial,No,10,Vial,,,,,,,,1
Razo 10,Rabeprazole 10mg,Medicine,Dr. Reddy's,tablet,No,100,Tablet,,Strip,10,,Box,10,,2
Rabium 10,Rabeprazole 10mg,Medicine,Intas,tablet,No,100,Tablet,,Strip,10,,Box,10,,2
Rablet 10,Rabeprazole 10mg,Medicine,Lupin,tablet,No,100,Tablet,,Strip,10,,Box,10,,2
Rablet 20,Rabeprazole 20mg,Medicine,Lupin,tablet,No,100,Tablet,,Strip,10,,Box,10,,2
Happi 10,Rabeprazole 10mg,Medicine,Zydus,tablet,No,100,Tablet,,Strip,10,,Box,10,,2
Happi 20,Rabeprazole 20mg,Medicine,Zydus,tablet,No,100,Tablet,,Strip,10,,Box,10,,2
Rablet-D,Rabeprazole 20mg + Domperidone SR 30mg,Medicine,Lupin,tablet,No,100,Tablet,,Strip,10,,Box,10,,2
Rabeprazole 20mg + Levosulpiride 75mg,Rabeprazole + Levosulpiride,Medicine,,tablet,No,100,Tablet,,Strip,10,,Box,10,,2
Rabeprazole 20mg + Itopride 150mg,Rabeprazole + Itopride,Medicine,,tablet,No,100,Tablet,,Strip,10,,Box,10,,2
Rabeprazole 20mg Injection,Rabeprazole 20mg,Medicine,,vial,No,10,Vial,,,,,,,,1
Omez 10,Omeprazole 10mg,Medicine,Dr. Reddy's,capsule,No,100,Capsule,,Strip,10,,Box,10,,2
Omez 40,Omeprazole 40mg,Medicine,Dr. Reddy's,capsule,No,100,Capsule,,Strip,10,,Box,10,,2
Ocid 10,Omeprazole 10mg,Medicine,Zydus,capsule,No,100,Capsule,,Strip,10,,Box,10,,2
Ocid 40,Omeprazole 40mg,Medicine,Zydus,capsule,No,100,Capsule,,Strip,10,,Box,10,,2
Omeprazole 10mg,Omeprazole 10mg,Medicine,,capsule,No,100,Capsule,,Strip,10,,Box,10,,2
Omeprazole 40mg,Omeprazole 40mg,Medicine,,capsule,No,100,Capsule,,Strip,10,,Box,10,,2
Omeprazole 20mg + Domperidone 30mg,Omeprazole + Domperidone SR,Medicine,,capsule,No,100,Capsule,,Strip,10,,Box,10,,2
Esoz 20,Esomeprazole 20mg,Medicine,Sun Pharma,tablet,No,100,Tablet,,Strip,10,,Box,10,,2
Sompraz 20,Esomeprazole 20mg,Medicine,Sun Pharma,tablet,No,100,Tablet,,Strip,10,,Box,10,,2
Nexpro RD 20,Esomeprazole 20mg + Domperidone SR 30mg,Medicine,Torrent,tablet,No,100,Tablet,,Strip,10,,Box,10,,2
Esoz-D,Esomeprazole 40mg + Domperidone SR 30mg,Medicine,Sun Pharma,tablet,No,100,Tablet,,Strip,10,,Box,10,,2
Esomeprazole 40mg Injection,Esomeprazole 40mg,Medicine,,vial,No,10,Vial,,,,,,,,1
Esomeprazole 20mg,Esomeprazole 20mg,Medicine,,tablet,No,100,Tablet,,Strip,10,,Box,10,,2
Lansoprazole 15mg,Lansoprazole 15mg,Medicine,,capsule,No,100,Capsule,,Strip,10,,Box,10,,2
Lansoprazole 30mg,Lansoprazole 30mg,Medicine,,capsule,No,100,Capsule,,Strip,10,,Box,10,,2
Dexlansoprazole 30mg,Dexlansoprazole 30mg,Medicine,,capsule,No,100,Capsule,,Strip,10,,Box,10,,2
Dexlansoprazole 60mg,Dexlansoprazole 60mg,Medicine,,capsule,No,100,Capsule,,Strip,10,,Box,10,,2
Ilaprazole 5mg,Ilaprazole 5mg,Medicine,,capsule,No,100,Capsule,,Strip,10,,Box,10,,2
Ilaprazole 10mg,Ilaprazole 10mg,Medicine,,capsule,No,100,Capsule,,Strip,10,,Box,10,,2
Famotidine 10mg,Famotidine 10mg,Medicine,,tablet,No,100,Tablet,,Strip,10,,Box,10,,2
Ranitidine 300mg,Ranitidine 300mg,Medicine,,tablet,No,100,Tablet,,Strip,10,,Box,10,,2
Digene Ultra Gel 200ml,Antacid with Simethicone,Medicine,Abbott,bottle,No,10,Bottle,,,,,,,,1
Gelusil Liquid 200ml,Antacid suspension,Medicine,Pfizer,bottle,No,10,Bottle,,,,,,,,1
Aciloc Gel 200ml,Antacid suspension,Medicine,Cadila,bottle,No,10,Bottle,,,,,,,,1
Antacid Suspension 170ml,Magnesium and Aluminium Hydroxide with Simethicone,Medicine,,bottle,No,10,Bottle,,,,,,,,1
Antacid Chewable Tablet,Magnesium and Aluminium Hydroxide chewable,Medicine,,tablet,No,100,Tablet,,Strip,10,,Box,10,,2
Sucralfate Suspension 200ml,Sucralfate 1g/10ml,Medicine,,bottle,No,10,Bottle,,,,,,,,1
Sucrafil Suspension 200ml,Sucralfate 1g/10ml,Medicine,FDC,bottle,No,10,Bottle,,,,,,,,1
Sucralfate 500mg,Sucralfate 500mg,Medicine,,tablet,No,100,Tablet,,Strip,10,,Box,10,,2
Domstal 20,Domperidone 20mg,Medicine,Torrent,tablet,No,100,Tablet,,Strip,10,,Box,10,,2
Domstal RD,Domperidone mouth dissolving 10mg,Medicine,Torrent,tablet,No,100,Tablet,,Strip,10,,Box,10,,2
Domperidone 20mg,Domperidone 20mg,Medicine,,tablet,No,100,Tablet,,Strip,10,,Box,10,,2
Domperidone Drops 15ml,Domperidone 1mg/ml,Medicine,,drops,No,6,Bottle,,,,,,,,1
Itopride 150mg,Itopride 150mg,Medicine,,tablet,No,100,Tablet,,Strip,10,,Box,10,,2
Levosulpiride 75mg,Levosulpiride 75mg,Medicine,,tablet,No,100,Tablet,,Strip,10,,Box,10,,2
Mosapride 5mg,Mosapride 5mg,Medicine,,tablet,No,100,Tablet,,Strip,10,,Box,10,,2
Mosapride 10mg,Mosapride 10mg,Medicine,,tablet,No,100,Tablet,,Strip,10,,Box,10,,2
Emeset 2,Ondansetron 2mg,Medicine,Cipla,tablet,No,100,Tablet,,Strip,10,,Box,10,,2
Emeset MD 4,Ondansetron mouth dissolving 4mg,Medicine,Cipla,tablet,No,100,Tablet,,Strip,10,,Box,10,,2
Ondansetron 8mg,Ondansetron 8mg,Medicine,,tablet,No,100,Tablet,,Strip,10,,Box,10,,2
Ondansetron Injection 4ml,Ondansetron 8mg/4ml,Medicine,,vial,No,10,Ampoule,,,,,,,,1
Granisetron 1mg,Granisetron 1mg,Medicine,,tablet,No,100,Tablet,,Strip,10,,Box,10,,2
Granisetron 2mg,Granisetron 2mg,Medicine,,tablet,No,100,Tablet,,Strip,10,,Box,10,,2
Palonosetron 0.5mg,Palonosetron 0.5mg,Medicine,,tablet,No,100,Tablet,,Strip,10,,Box,10,,2
Palonosetron Injection 5ml,Palonosetron 0.25mg/5ml,Medicine,,vial,No,10,Vial,,,,,,,,1
Metoclopramide 10mg,Metoclopramide 10mg,Medicine,,tablet,No,100,Tablet,,Strip,10,,Box,10,,2
Doxylamine 20mg + Pyridoxine 20mg,Doxylamine + Pyridoxine SR,Medicine,,tablet,No,100,Tablet,,Strip,10,,Box,10,,2
Doxinate Plus,Doxylamine 20mg + Pyridoxine 20mg + Folic Acid,Medicine,Mankind,tablet,No,100,Tablet,,Strip,10,,Box,10,,2
Dicyclomine 10mg,Dicyclomine 10mg,Medicine,,tablet,No,100,Tablet,,Strip,10,,Box,10,,2
Dicyclomine 20mg,Dicyclomine 20mg,Medicine,,tablet,No,100,Tablet,,Strip,10,,Box,10,,2
Dicyclomine Injection 2ml,Dicyclomine 20mg/2ml,Medicine,,vial,No,10,Ampoule,,,,,,,,1
Drotaverine 40mg,Drotaverine 40mg,Medicine,,tablet,No,100,Tablet,,Strip,10,,Box,10,,2
Hyoscine Butylbromide 10mg,Hyoscine Butylbromide 10mg,Medicine,,tablet,No,100,Tablet,,Strip,10,,Box,10,,2
Mebeverine 135mg,Mebeverine 135mg,Medicine,,tablet,No,100,Tablet,,Strip,10,,Box,10,,2
Mebeverine 200mg,Mebeverine 200mg,Medicine,,tablet,No,100,Tablet,,Strip,10,,Box,10,,2
Mebeverine 200mg SR,Mebeverine SR 200mg,Medicine,,capsule,No,100,Capsule,,Strip,10,,Box,10,,2
Camylofin 25mg + Paracetamol 300mg,Camylofin + Paracetamol,Medicine,,tablet,No,100,Tablet,,Strip,10,,Box,10,,2
Anafortan,Camylofin 25mg + Paracetamol 300mg,Medicine,Abbott,tablet,No,100,Tablet,,Strip,10,,Box,10,,2
Camylofin Injection 2ml,Camylofin 50mg/2ml,Medicine,,vial,No,10,Ampoule,,,,,,,,1
Racecadotril Suspension 30ml,Racecadotril 15mg/5ml,Medicine,,bottle,No,10,Bottle,,,,,,,,1
Racecadotril 30mg Sachet,Racecadotril 30mg,Medicine,,sachet,No,30,Sachet,,Strip,10,,Box,10,,2
ORS Lemon Sachet 21.8g,Oral Rehydration Salts WHO formula,Medicine,,sachet,No,30,Sachet,,Strip,10,,Box,10,,2
ORS Apple Sachet 21.8g,Oral Rehydration Salts WHO formula,Medicine,,sachet,No,30,Sachet,,Strip,10,,Box,10,,2
ORS Ready to Drink 500ml,Oral Rehydration Solution,Medicine,,bottle,No,10,Bottle,,,,,,,,1
Zinc 20mg + ORS Combi Pack,Zinc with Oral Rehydration Salts,Medicine,,sachet,No,30,Sachet,,Strip,10,,Box,10,,2
Saccharomyces boulardii 250mg,Saccharomyces boulardii 250mg,Medicine,,capsule,No,100,Capsule,,Strip,10,,Box,10,,2
Saccharomyces boulardii 250mg Sachet,Saccharomyces boulardii 250mg,Medicine,,sachet,No,30,Sachet,,Strip,10,,Box,10,,2
Bacillus clausii Capsule,Bacillus clausii spores,Medicine,,capsule,No,100,Capsule,,Strip,10,,Box,10,,2
Bacillus clausii Suspension 5ml,Bacillus clausii 2 billion spores,Medicine,,bottle,No,10,Bottle,,,,,,,,1
Lactobacillus Sachet,Lactic acid bacillus,Medicine,,sachet,No,30,Sachet,,Strip,10,,Box,10,,2
Multi-strain Probiotic Capsule,Multi-strain probiotic,Medicine,,capsule,No,100,Capsule,,Strip,10,,Box,10,,2
Lactitol Solution 100ml,Lactitol monohydrate,Medicine,,bottle,No,10,Bottle,,,,,,,,1
Polyethylene Glycol 3350 Sachet,Macrogol 3350 powder,Medicine,,sachet,No,30,Sachet,,Strip,10,,Box,10,,2
Bisacodyl 10mg,Bisacodyl 10mg,Medicine,,tablet,No,100,Tablet,,Strip,10,,Box,10,,2
Bisacodyl Suppository 5mg,Bisacodyl 5mg suppository,Medicine,,box,No,10,Piece,,,,,,,,1
Liquid Paraffin with Milk of Magnesia 200ml,Laxative emulsion,Medicine,,bottle,No,10,Bottle,,,,,,,,1
Glycerin Suppository Paediatric,Glycerin suppository,Medicine,,box,No,10,Piece,,,,,,,,1
Enema Solution 100ml,Sodium phosphate rectal enema,Medicine,,box,No,10,Piece,,,,,,,,1
Ispaghula Husk Powder 100g,Psyllium husk,Medicine,,box,No,5,Box,,,,,,,,1
Mesalamine 800mg,Mesalamine 800mg,Medicine,,tablet,No,100,Tablet,,Strip,10,,Box,10,,2
Mesalamine 1200mg,Mesalamine 1200mg,Medicine,,tablet,No,100,Tablet,,Strip,10,,Box,10,,2
Mesalamine Suppository 500mg,Mesalamine 500mg suppository,Medicine,,box,No,10,Piece,,,,,,,,1
Budesonide for gut 3mg,Budesonide for gut 3mg,Medicine,,tablet,No,100,Tablet,,Strip,10,,Box,10,,2
Lignocaine + Hydrocortisone Ointment 30g,Anorectal ointment,Medicine,,tube,No,6,Tube,,,,,,,,1
Anobliss Cream 30g,Anorectal cream,Medicine,Sun Pharma,tube,No,6,Tube,,,,,,,,1
Diosmin 450mg + Hesperidin 50mg,Diosmin + Hesperidin,Medicine,,tablet,No,100,Tablet,,Strip,10,,Box,10,,2
Daflon 500,Diosmin 450mg + Hesperidin 50mg,Medicine,Serdia,tablet,No,100,Tablet,,Strip,10,,Box,10,,2
Digestive Enzyme Syrup 200ml,Fungal diastase with pepsin,Medicine,,bottle,No,10,Bottle,,,,,,,,1
Digestive Enzyme Tablet,Fungal diastase with pepsin,Medicine,,tablet,No,100,Tablet,,Strip,10,,Box,10,,2
Digestive Enzyme Drops 15ml,Digestive enzyme drops,Medicine,,drops,No,6,Bottle,,,,,,,,1
Pancreatin 10000 Capsule,"Pancreatin 10,000 units",Medicine,,capsule,No,100,Capsule,,Strip,10,,Box,10,,2
Pancreatin 25000 Capsule,"Pancreatin 25,000 units",Medicine,,capsule,No,100,Capsule,,Strip,10,,Box,10,,2
Ursodeoxycholic Acid 150mg,Ursodeoxycholic Acid 150mg,Medicine,,tablet,No,100,Tablet,,Strip,10,,Box,10,,2
Ursodeoxycholic Acid 500mg,Ursodeoxycholic Acid 500mg,Medicine,,tablet,No,100,Tablet,,Strip,10,,Box,10,,2
Ursodeoxycholic Acid Suspension 100ml,Ursodeoxycholic Acid 125mg/5ml,Medicine,,bottle,No,10,Bottle,,,,,,,,1
Silymarin 70mg,Silymarin 70mg,Medicine,,tablet,No,100,Tablet,,Strip,10,,Box,10,,2
Silymarin Syrup 200ml,Silymarin with B complex,Medicine,,bottle,No,10,Bottle,,,,,,,,1
L-Ornithine L-Aspartate 150mg,L-Ornithine L-Aspartate 150mg,Medicine,,capsule,No,100,Capsule,,Strip,10,,Box,10,,2
L-Ornithine L-Aspartate 3g Sachet,L-Ornithine L-Aspartate 3g,Medicine,,sachet,No,30,Sachet,,Strip,10,,Box,10,,2
L-Ornithine L-Aspartate Injection 5ml,L-Ornithine L-Aspartate 5g/10ml,Medicine,,vial,No,10,Vial,,,,,,,,1
Liver Tonic Syrup 200ml,Ayurvedic liver tonic,Medicine,,bottle,No,10,Bottle,,,,,,,,1
Liver Tonic Tablet,Ayurvedic liver tonic,Medicine,,tablet,No,100,Tablet,,Strip,10,,Box,10,,2
Appetite Tonic Syrup 200ml,Cyproheptadine with tricholine citrate,Medicine,,bottle,No,10,Bottle,,,,,,,,1
Tricholine Citrate with Sorbitol Syrup 200ml,Tricholine Citrate + Sorbitol,Medicine,,bottle,No,10,Bottle,,,,,,,,1
Megestrol 160mg,Megestrol Acetate 160mg,Medicine,,tablet,No,100,Tablet,,Strip,10,,Box,10,,2
H. Pylori Kit,Pantoprazole + Amoxicillin + Clarithromycin kit,Medicine,,box,No,5,Box,,,,,,,,1
H. Pylori Kit with Levofloxacin,Pantoprazole + Amoxicillin + Levofloxacin kit,Medicine,,box,No,5,Box,,,,,,,,1
Bismuth Subcitrate 120mg,Colloidal Bismuth Subcitrate 120mg,Medicine,,tablet,No,100,Tablet,,Strip,10,,Box,10,,2
Simethicone 40mg,Simethicone 40mg,Medicine,,tablet,No,100,Tablet,,Strip,10,,Box,10,,2
Activated Dimethicone 40mg,Activated Dimethicone 40mg,Medicine,,tablet,No,100,Tablet,,Strip,10,,Box,10,,2
Oxetacaine with Antacid Suspension 100ml,Oxetacaine + Antacid,Medicine,,bottle,No,10,Bottle,,,,,,,,1
Asthalin Inhaler 100 MD,Salbutamol 100mcg/dose,Medicine,Cipla,box,No,5,Inhaler,,,,,,,,1
Asthalin Respules 2.5mg 2.5ml,Salbutamol 2.5mg/2.5ml,Medicine,Cipla,vial,No,10,Vial,,,,,,,,1
Asthalin Respules 5mg 2.5ml,Salbutamol 5mg/2.5ml,Medicine,Cipla,vial,No,10,Vial,,,,,,,,1
Asthalin Rotacaps 100mcg,Salbutamol 100mcg rotacaps,Medicine,Cipla,box,No,5,Inhaler,,,,,,,,1
Levolin Inhaler 100 MD,Levosalbutamol 50mcg/dose,Medicine,Cipla,box,No,5,Inhaler,,,,,,,,1
Levolin Respules 0.63mg 2.5ml,Levosalbutamol 0.63mg/2.5ml,Medicine,Cipla,vial,No,10,Vial,,,,,,,,1
Budecort 100 Inhaler,Budesonide 100mcg/dose,Medicine,Cipla,box,No,5,Inhaler,,,,,,,,1
Budecort 400 Inhaler,Budesonide 400mcg/dose,Medicine,Cipla,box,No,5,Inhaler,,,,,,,,1
Budecort Respules 0.25mg 2ml,Budesonide 0.25mg/2ml,Medicine,Cipla,vial,No,10,Vial,,,,,,,,1
Budecort Respules 1mg 2ml,Budesonide 1mg/2ml,Medicine,Cipla,vial,No,10,Vial,,,,,,,,1
Budecort Rotacaps 200mcg,Budesonide 200mcg rotacaps,Medicine,Cipla,box,No,5,Inhaler,,,,,,,,1
Foracort 100 Inhaler,Formoterol 6mcg + Budesonide 100mcg,Medicine,Cipla,box,No,5,Inhaler,,,,,,,,1
Foracort Respules 2ml,Formoterol + Budesonide respules,Medicine,Cipla,vial,No,10,Vial,,,,,,,,1
Seroflo 50 Inhaler,Salmeterol 25mcg + Fluticasone 50mcg,Medicine,Cipla,box,No,5,Inhaler,,,,,,,,1
Seroflo 125 Inhaler,Salmeterol 25mcg + Fluticasone 125mcg,Medicine,Cipla,box,No,5,Inhaler,,,,,,,,1
Seretide 125 Inhaler,Salmeterol + Fluticasone,Medicine,GSK,box,No,5,Inhaler,,,,,,,,1
Symbicort 400 Turbuhaler,Formoterol + Budesonide,Medicine,AstraZeneca,box,No,5,Inhaler,,,,,,,,1
Duolin Rotacaps,Levosalbutamol + Ipratropium rotacaps,Medicine,Cipla,box,No,5,Inhaler,,,,,,,,1
Tiova Inhaler 18mcg,Tiotropium 18mcg/dose,Medicine,Cipla,box,No,5,Inhaler,,,,,,,,1
Tiova 15 Rotacaps,Tiotropium 15mcg rotacaps,Medicine,Cipla,box,No,5,Inhaler,,,,,,,,1
Tiomate Rotacaps 18mcg,Tiotropium 18mcg,Medicine,Sun Pharma,box,No,5,Inhaler,,,,,,,,1
Fluticasone Nasal Inhaler 120 MD,Fluticasone Propionate 50mcg/dose,Medicine,,box,No,5,Inhaler,,,,,,,,1
Formoterol + Fluticasone Inhaler,Formoterol 6mcg + Fluticasone 125mcg,Medicine,,box,No,5,Inhaler,,,,,,,,1
Ciclesonide Inhaler 160mcg,Ciclesonide 160mcg/dose,Medicine,,box,No,5,Inhaler,,,,,,,,1
Glycopyrronium + Formoterol Inhaler,Glycopyrronium + Formoterol,Medicine,,box,No,5,Inhaler,,,,,,,,1
Revolizer,Device for rotacaps,Consumable,Cipla,box,No,10,Piece,,,,,,,,1
Spacer with Mask Child,Inhaler spacer for children,Consumable,,box,No,10,Piece,,,,,,,,1
Montair 4,Montelukast 4mg,Medicine,Cipla,tablet,No,100,Tablet,,Strip,10,,Box,10,,2
Montek 4,Montelukast 4mg,Medicine,Sun Pharma,tablet,No,100,Tablet,,Strip,10,,Box,10,,2
Montek 5,Montelukast 5mg,Medicine,Sun Pharma,tablet,No,100,Tablet,,Strip,10,,Box,10,,2
Romilast 4,Montelukast 4mg,Medicine,Sun Pharma,tablet,No,100,Tablet,,Strip,10,,Box,10,,2
Romilast 5,Montelukast 5mg,Medicine,Sun Pharma,tablet,No,100,Tablet,,Strip,10,,Box,10,,2
Romilast 10,Montelukast 10mg,Medicine,Sun Pharma,tablet,No,100,Tablet,,Strip,10,,Box,10,,2
Telekast 4,Montelukast 4mg,Medicine,Lupin,tablet,No,100,Tablet,,Strip,10,,Box,10,,2
Telekast 5,Montelukast 5mg,Medicine,Lupin,tablet,No,100,Tablet,,Strip,10,,Box,10,,2
Telekast 10,Montelukast 10mg,Medicine,Lupin,tablet,No,100,Tablet,,Strip,10,,Box,10,,2
Montair-LC Kid,Montelukast 4mg + Levocetirizine 2.5mg,Medicine,Cipla,tablet,No,100,Tablet,,Strip,10,,Box,10,,2
Montair-LC Syrup 60ml,Montelukast + Levocetirizine suspension,Medicine,Cipla,bottle,No,10,Bottle,,,,,,,,1
Montek-LC Kid,Montelukast 4mg + Levocetirizine 2.5mg,Medicine,Sun Pharma,tablet,No,100,Tablet,,Strip,10,,Box,10,,2
Telekast-L,Montelukast 10mg + Levocetirizine 5mg,Medicine,Lupin,tablet,No,100,Tablet,,Strip,10,,Box,10,,2
Montelukast 10mg + Fexofenadine 120mg,Montelukast + Fexofenadine,Medicine,,tablet,No,100,Tablet,,Strip,10,,Box,10,,2
Montelukast 10mg + Bilastine 20mg,Montelukast + Bilastine,Medicine,,tablet,No,100,Tablet,,Strip,10,,Box,10,,2
Montelukast 10mg + Desloratadine 5mg,Montelukast + Desloratadine,Medicine,,tablet,No,100,Tablet,,Strip,10,,Box,10,,2
Doxofylline 200mg,Doxofylline 200mg,Medicine,,tablet,No,100,Tablet,,Strip,10,,Box,10,,2
Doxofylline 400mg SR,Doxofylline SR 400mg,Medicine,,tablet,No,100,Tablet,,Strip,10,,Box,10,,2
Doxofylline Syrup 100ml,Doxofylline 100mg/5ml,Medicine,,bottle,No,10,Bottle,,,,,,,,1
Acebrophylline 200mg,Acebrophylline 200mg,Medicine,,tablet,No,100,Tablet,,Strip,10,,Box,10,,2
Acebrophylline 200mg SR,Acebrophylline SR 200mg,Medicine,,capsule,No,100,Capsule,,Strip,10,,Box,10,,2
Deriphyllin Retard 300,Etofylline 231mg + Theophylline 69mg,Medicine,Zydus,tablet,No,100,Tablet,,Strip,10,,Box,10,,2
Theophylline SR 400mg,Theophylline SR 400mg,Medicine,,tablet,No,100,Tablet,,Strip,10,,Box,10,,2
Bambuterol 10mg,Bambuterol 10mg,Medicine,,tablet,No,100,Tablet,,Strip,10,,Box,10,,2
Bambuterol 20mg,Bambuterol 20mg,Medicine,,tablet,No,100,Tablet,,Strip,10,,Box,10,,2
Terbutaline 5mg,Terbutaline 5mg,Medicine,,tablet,No,100,Tablet,,Strip,10,,Box,10,,2
Terbutaline Syrup 100ml,Terbutaline 1.5mg/5ml,Medicine,,bottle,No,10,Bottle,,,,,,,,1
Salbutamol 2mg,Salbutamol 2mg,Medicine,,tablet,No,100,Tablet,,Strip,10,,Box,10,,2
Salbutamol 4mg,Salbutamol 4mg,Medicine,,tablet,No,100,Tablet,,Strip,10,,Box,10,,2
Ambroxol 60mg,Ambroxol 60mg,Medicine,,tablet,No,100,Tablet,,Strip,10,,Box,10,,2
Ambroxol Syrup 100ml,Ambroxol 30mg/5ml,Medicine,,bottle,No,10,Bottle,,,,,,,,1
Ambroxol Drops 15ml,Ambroxol 15mg/ml,Medicine,,drops,No,6,Bottle,,,,,,,,1
Acetylcysteine 200mg,Acetylcysteine 200mg,Medicine,,tablet,No,100,Tablet,,Strip,10,,Box,10,,2
Acetylcysteine 600mg Sachet,Acetylcysteine 600mg effervescent,Medicine,,sachet,No,30,Sachet,,Strip,10,,Box,10,,2
Bromhexine 8mg,Bromhexine 8mg,Medicine,,tablet,No,100,Tablet,,Strip,10,,Box,10,,2
Bromhexine Syrup 100ml,Bromhexine 4mg/5ml,Medicine,,bottle,No,10,Bottle,,,,,,,,1
Terbutaline + Bromhexine + Guaiphenesin Syrup 100ml,Cough expectorant,Medicine,,bottle,No,10,Bottle,,,,,,,,1
Dextromethorphan Syrup 100ml,Dextromethorphan 10mg/5ml,Medicine,,bottle,No,10,Bottle,,,,,,,,1
Dextromethorphan + Chlorpheniramine Syrup 60ml,Dry cough syrup,Medicine,,bottle,No,10,Bottle,,,,,,,,1
Guaiphenesin + Terbutaline Syrup 100ml,Cough expectorant,Medicine,,bottle,No,10,Bottle,,,,,,,,1
Ascoril LS Junior Syrup 60ml,Levosalbutamol + Ambroxol + Guaiphenesin,Medicine,Glenmark,bottle,No,10,Bottle,,,,,,,,1
Ascoril-C Syrup 100ml,Cough syrup with codeine,Medicine,Glenmark,bottle,Yes,10,Bottle,,,,,,,,1
Grilinctus-CD Syrup 100ml,Cough syrup with dextromethorphan,Medicine,Franco-Indian,bottle,No,10,Bottle,,,,,,,,1
Grilinctus Paed Syrup 60ml,Paediatric cough syrup,Medicine,Franco-Indian,bottle,No,10,Bottle,,,,,,,,1
Koflet-H Syrup 100ml,Ayurvedic cough syrup,Other,Himalaya,bottle,No,10,Bottle,,,,,,,,1
Tussnil Syrup 100ml,Cough syrup,Medicine,,bottle,No,10,Bottle,,,,,,,,1
Bro-Zedex Syrup 100ml,Bromhexine + Guaiphenesin + Terbutaline,Medicine,Wockhardt,bottle,No,10,Bottle,,,,,,,,1
Zedex Syrup 100ml,Cough syrup,Medicine,Wockhardt,bottle,No,10,Bottle,,,,,,,,1
Vicks Cough Drops Menthol,Menthol cough drops,Other,Procter & Gamble,box,No,5,Box,,,,,,,,1
Halls Cough Drops,Menthol cough drops,Other,Mondelez,box,No,5,Box,,,,,,,,1
Betadine Throat Lozenges,Povidone iodine lozenges,Medicine,Win-Medicare,box,No,5,Box,,,,,,,,1
Otrivin Paediatric Nasal Drops 10ml,Xylometazoline 0.05%,Medicine,Haleon,drops,No,6,Bottle,,,,,,,,1
Nasivion Paediatric Drops 10ml,Oxymetazoline 0.025%,Medicine,Merck,drops,No,6,Bottle,,,,,,,,1
Nasivion Nasal Spray 10ml,Oxymetazoline 0.05%,Medicine,Merck,drops,No,6,Bottle,,,,,,,,1
Oxymetazoline Nasal Spray 10ml,Oxymetazoline 0.05%,Medicine,,drops,No,6,Bottle,,,,,,,,1
Sodium Chloride Nasal Drops 10ml,Sodium Chloride 0.65% nasal drops,Medicine,,drops,No,6,Bottle,,,,,,,,1
Mometasone Nasal Spray 10ml,Mometasone Furoate 50mcg/dose,Medicine,,drops,No,6,Bottle,,,,,,,,1
Fluticasone Nasal Spray 10ml,Fluticasone Propionate 50mcg/dose,Medicine,,drops,No,6,Bottle,,,,,,,,1
Budesonide Nasal Spray 10ml,Budesonide 100mcg/dose,Medicine,,drops,No,6,Bottle,,,,,,,,1
Azelastine Nasal Spray 10ml,Azelastine 0.1% nasal spray,Medicine,,drops,No,6,Bottle,,,,,,,,1
Azelastine + Fluticasone Nasal Spray 10ml,Azelastine + Fluticasone,Medicine,,drops,No,6,Bottle,,,,,,,,1
Steam Inhalant Capsule,Inhalant capsules for steam,Medicine,,box,No,5,Box,,,,,,,,1
Karvol Plus Inhalant Capsule,Inhalant decongestant capsules,Medicine,Cipla,bottle,No,10,Bottle,,,,,,,,1
Nilkamal Nasal Rinse Sachet,Saline nasal rinse sachets,Medicine,,bottle,No,10,Bottle,,,,,,,,1
Alerid 5,Cetirizine 5mg,Medicine,Cipla,tablet,No,100,Tablet,,Strip,10,,Box,10,,2
Cetirizine 5mg,Cetirizine 5mg,Medicine,,tablet,No,100,Tablet,,Strip,10,,Box,10,,2
Cetirizine 10mg + Phenylephrine 10mg,Cetirizine + Phenylephrine,Medicine,,tablet,No,100,Tablet,,Strip,10,,Box,10,,2
Xyzal 2.5,Levocetirizine 2.5mg,Medicine,UCB,tablet,No,100,Tablet,,Strip,10,,Box,10,,2
Vozet 2.5,Levocetirizine 2.5mg,Medicine,Lupin,tablet,No,100,Tablet,,Strip,10,,Box,10,,2
Teczine 2.5,Levocetirizine 2.5mg,Medicine,Alkem,tablet,No,100,Tablet,,Strip,10,,Box,10,,2
Laveta 5,Levocetirizine 5mg,Medicine,Intas,tablet,No,100,Tablet,,Strip,10,,Box,10,,2
Levocetirizine Drops 15ml,Levocetirizine 2.5mg/ml,Medicine,,drops,No,6,Bottle,,,,,,,,1
Levocetirizine Syrup 60ml,Levocetirizine 2.5mg/5ml,Medicine,,bottle,No,10,Bottle,,,,,,,,1
Levocetirizine 5mg + Ambroxol 60mg,Levocetirizine + Ambroxol,Medicine,,tablet,No,100,Tablet,,Strip,10,,Box,10,,2
Levocetirizine 5mg + Phenylephrine 10mg,Levocetirizine + Phenylephrine,Medicine,,tablet,No,100,Tablet,,Strip,10,,Box,10,,2
Allegra 30,Fexofenadine 30mg,Medicine,Sanofi,tablet,No,100,Tablet,,Strip,10,,Box,10,,2
Allegra Suspension 60ml,Fexofenadine 30mg/5ml,Medicine,Sanofi,bottle,No,10,Bottle,,,,,,,,1
Fexova 180,Fexofenadine 180mg,Medicine,Ajanta,tablet,No,100,Tablet,,Strip,10,,Box,10,,2
Histafree 180,Fexofenadine 180mg,Medicine,Mankind,tablet,No,100,Tablet,,Strip,10,,Box,10,,2
Fexofenadine 30mg,Fexofenadine 30mg,Medicine,,tablet,No,100,Tablet,,Strip,10,,Box,10,,2
Fexofenadine 120mg,Fexofenadine 120mg,Medicine,,tablet,No,100,Tablet,,Strip,10,,Box,10,,2
Loratadine Syrup 60ml,Loratadine 5mg/5ml,Medicine,,bottle,No,10,Bottle,,,,,,,,1
Desloratadine Syrup 60ml,Desloratadine 2.5mg/5ml,Medicine,,bottle,No,10,Bottle,,,,,,,,1
Rupatadine 10mg,Rupatadine 10mg,Medicine,,tablet,No,100,Tablet,,Strip,10,,Box,10,,2
Ebastine 20mg,Ebastine 20mg,Medicine,,tablet,No,100,Tablet,,Strip,10,,Box,10,,2
Hydroxyzine 10mg,Hydroxyzine 10mg,Medicine,,tablet,No,100,Tablet,,Strip,10,,Box,10,,2
Hydroxyzine Syrup 60ml,Hydroxyzine 10mg/5ml,Medicine,,bottle,No,10,Bottle,,,,,,,,1
Cyproheptadine 4mg,Cyproheptadine 4mg,Medicine,,tablet,No,100,Tablet,,Strip,10,,Box,10,,2
Chlorpheniramine Maleate 2mg,Chlorpheniramine Maleate 2mg,Medicine,,tablet,No,100,Tablet,,Strip,10,,Box,10,,2
Chlorpheniramine Injection 1ml,Chlorpheniramine 10mg/ml,Medicine,,vial,No,10,Ampoule,,,,,,,,1
Hydrocortisone 500mg Injection,Hydrocortisone Sodium Succinate 500mg,Medicine,,vial,No,10,Ampoule,,,,,,,,1
Adrenaline Injection 1ml 1:10000,Adrenaline 0.1mg/ml,Medicine,,vial,No,10,Ampoule,,,,,,,,1
Sinarest AF,Paracetamol + Phenylephrine + Chlorpheniramine,Medicine,Centaur,tablet,No,100,Tablet,,Strip,10,,Box,10,,2
Sinarest Levo,Paracetamol + Phenylephrine + Levocetirizine,Medicine,Centaur,tablet,No,100,Tablet,,Strip,10,,Box,10,,2
Cheston Cold Total,Paracetamol + Cetirizine + Phenylephrine,Medicine,Cipla,tablet,No,100,Tablet,,Strip,10,,Box,10,,2
Wikoryl Tablet,Paracetamol + Phenylephrine + Chlorpheniramine,Medicine,Alembic,tablet,No,100,Tablet,,Strip,10,,Box,10,,2
Solvin Cold Tablet,Paracetamol + Phenylephrine + Chlorpheniramine,Medicine,Ipca,tablet,No,100,Tablet,,Strip,10,,Box,10,,2
Coldact Capsule,Phenylpropanolamine + Chlorpheniramine,Medicine,Ranbaxy,tablet,No,100,Tablet,,Strip,10,,Box,10,,2
D-Cold Total,Paracetamol + Phenylephrine + Chlorpheniramine,Medicine,Reckitt,tablet,No,100,Tablet,,Strip,10,,Box,10,,2
Crocin Cold and Flu Max,Paracetamol + Phenylephrine + Caffeine,Medicine,GSK,tablet,No,100,Tablet,,Strip,10,,Box,10,,2
Paracetamol 500mg + Phenylephrine 5mg + Chlorpheniramine 2mg,Cold combination tablet,Medicine,,tablet,No,100,Tablet,,Strip,10,,Box,10,,2
Paracetamol + Phenylephrine + Chlorpheniramine Syrup 60ml,Paediatric cold syrup,Medicine,,bottle,No,10,Bottle,,,,,,,,1
Nimesulide 100mg + Phenylephrine + Chlorpheniramine,Cold combination tablet,Medicine,,tablet,No,100,Tablet,,Strip,10,,Box,10,,2
Levocetirizine 5mg + Paracetamol 325mg + Phenylephrine 10mg,Cold combination tablet,Medicine,,tablet,No,100,Tablet,,Strip,10,,Box,10,,2
Dolo 125,Paracetamol 125mg,Medicine,Micro Labs,tablet,No,100,Tablet,,Strip,10,,Box,10,,2
Dolo 250,Paracetamol 250mg,Medicine,Micro Labs,tablet,No,100,Tablet,,Strip,10,,Box,10,,2
Dolo 650 Suspension 60ml,Paracetamol 250mg/5ml,Medicine,Micro Labs,bottle,No,10,Bottle,,,,,,,,1
Dolo Drops 15ml,Paracetamol 100mg/ml,Medicine,Micro Labs,drops,No,6,Bottle,,,,,,,,1
Calpol 120,Paracetamol 120mg,Medicine,GSK,tablet,No,100,Tablet,,Strip,10,,Box,10,,2
Calpol 250,Paracetamol 250mg,Medicine,GSK,tablet,No,100,Tablet,,Strip,10,,Box,10,,2
Calpol 650,Paracetamol 650mg,Medicine,GSK,tablet,No,100,Tablet,,Strip,10,,Box,10,,2
Calpol 120 Suspension 60ml,Paracetamol 120mg/5ml,Medicine,GSK,bottle,No,10,Bottle,,,,,,,,1
Crocin 500,Paracetamol 500mg,Medicine,GSK,tablet,No,100,Tablet,,Strip,10,,Box,10,,2
Crocin 650,Paracetamol 650mg,Medicine,GSK,tablet,No,100,Tablet,,Strip,10,,Box,10,,2
Crocin Suspension 60ml,Paracetamol 120mg/5ml,Medicine,GSK,bottle,No,10,Bottle,,,,,,,,1
Crocin Drops 15ml,Paracetamol 100mg/ml,Medicine,GSK,drops,No,6,Bottle,,,,,,,,1
Pacimol 650,Paracetamol 650mg,Medicine,Ipca,tablet,No,100,Tablet,,Strip,10,,Box,10,,2
Pacimol Drops 15ml,Paracetamol 100mg/ml,Medicine,Ipca,drops,No,6,Bottle,,,,,,,,1
Paracip 650,Paracetamol 650mg,Medicine,Cipla,tablet,No,100,Tablet,,Strip,10,,Box,10,,2
Febrex 500,Paracetamol 500mg,Medicine,Indoco,tablet,No,100,Tablet,,Strip,10,,Box,10,,2
Febrex 650,Paracetamol 650mg,Medicine,Indoco,tablet,No,100,Tablet,,Strip,10,,Box,10,,2
Pyrigesic 500,Paracetamol 500mg,Medicine,East India Pharma,tablet,No,100,Tablet,,Strip,10,,Box,10,,2
Pyrigesic 650,Paracetamol 650mg,Medicine,East India Pharma,tablet,No,100,Tablet,,Strip,10,,Box,10,,2
Paracetamol 125mg,Paracetamol 125mg,Medicine,,tablet,No,100,Tablet,,Strip,10,,Box,10,,2
Paracetamol 250mg,Paracetamol 250mg,Medicine,,tablet,No,100,Tablet,,Strip,10,,Box,10,,2
Paracetamol 1000mg,Paracetamol 1000mg,Medicine,,tablet,No,100,Tablet,,Strip,10,,Box,10,,2
Paracetamol Suspension 100ml,Paracetamol 250mg/5ml,Medicine,,bottle,No,10,Bottle,,,,,,,,1
Paracetamol Suppository 250mg,Paracetamol 250mg suppository,Medicine,,box,No,10,Piece,,,,,,,,1
Paracetamol Injection 2ml,Paracetamol 150mg/ml,Medicine,,vial,No,10,Ampoule,,,,,,,,1
Zerodol 200,Aceclofenac 200mg,Medicine,Ipca,tablet,No,100,Tablet,,Strip,10,,Box,10,,2
Zerodol-SP Plus,Aceclofenac + Paracetamol + Serratiopeptidase,Medicine,Ipca,tablet,No,100,Tablet,,Strip,10,,Box,10,,2
Zerodol-TH 8,Aceclofenac 100mg + Thiocolchicoside 8mg,Medicine,Ipca,tablet,No,100,Tablet,,Strip,10,,Box,10,,2
Zerodol Gel 30g,Aceclofenac topical gel,Medicine,Ipca,tube,No,6,Tube,,,,,,,,1
Hifenac 100,Aceclofenac 100mg,Medicine,Intas,tablet,No,100,Tablet,,Strip,10,,Box,10,,2
Hifenac 200,Aceclofenac 200mg,Medicine,Intas,tablet,No,100,Tablet,,Strip,10,,Box,10,,2
Hifenac-MR,Aceclofenac + Paracetamol + Chlorzoxazone,Medicine,Intas,tablet,No,100,Tablet,,Strip,10,,Box,10,,2
Hifenac-TH 4,Aceclofenac 100mg + Thiocolchicoside 4mg,Medicine,Intas,tablet,No,100,Tablet,,Strip,10,,Box,10,,2
Acenac 100,Aceclofenac 100mg,Medicine,Medley,tablet,No,100,Tablet,,Strip,10,,Box,10,,2
Acenac-MR,Aceclofenac + Paracetamol + Chlorzoxazone,Medicine,Medley,tablet,No,100,Tablet,,Strip,10,,Box,10,,2
Aceclofenac 200mg SR,Aceclofenac SR 200mg,Medicine,,tablet,No,100,Tablet,,Strip,10,,Box,10,,2
Aceclofenac 100mg + Paracetamol 500mg,Aceclofenac + Paracetamol,Medicine,,tablet,No,100,Tablet,,Strip,10,,Box,10,,2
Aceclofenac + Paracetamol + Chlorzoxazone,Aceclofenac + Paracetamol + Chlorzoxazone,Medicine,,tablet,No,100,Tablet,,Strip,10,,Box,10,,2
Aceclofenac Suspension 60ml,Aceclofenac 50mg/5ml,Medicine,,bottle,No,10,Bottle,,,,,,,,1
Voveran 75,Diclofenac 75mg,Medicine,Novartis,tablet,No,100,Tablet,,Strip,10,,Box,10,,2
Voveran Plus,Diclofenac 50mg + Paracetamol 500mg,Medicine,Novartis,tablet,No,100,Tablet,,Strip,10,,Box,10,,2
Voveran Suppository 12.5mg,Diclofenac 12.5mg suppository,Medicine,Novartis,box,No,10,Piece,,,,,,,,1
Diclofenac Suppository 50mg,Diclofenac 50mg suppository,Medicine,,box,No,10,Piece,,,,,,,,1
Diclofenac Sodium 25mg,Diclofenac Sodium 25mg,Medicine,,tablet,No,100,Tablet,,Strip,10,,Box,10,,2
Diclofenac Sodium 100mg,Diclofenac Sodium 100mg,Medicine,,tablet,No,100,Tablet,,Strip,10,,Box,10,,2
Diclofenac Potassium 50mg,Diclofenac Potassium 50mg,Medicine,,tablet,No,100,Tablet,,Strip,10,,Box,10,,2
Diclofenac 50mg + Serratiopeptidase 10mg,Diclofenac + Serratiopeptidase,Medicine,,tablet,No,100,Tablet,,Strip,10,,Box,10,,2
Diclofenac + Linseed Oil + Menthol Gel 30g,Topical pain gel,Medicine,,tube,No,6,Tube,,,,,,,,1
Diclofenac Spray 55g,Diclofenac topical spray,Medicine,,bottle,No,10,Bottle,,,,,,,,1
Brufen 200,Ibuprofen 200mg,Medicine,Abbott,tablet,No,100,Tablet,,Strip,10,,Box,10,,2
Brufen 600,Ibuprofen 600mg,Medicine,Abbott,tablet,No,100,Tablet,,Strip,10,,Box,10,,2
Ibuprofen 200mg,Ibuprofen 200mg,Medicine,,tablet,No,100,Tablet,,Strip,10,,Box,10,,2
Ibuprofen 600mg,Ibuprofen 600mg,Medicine,,tablet,No,100,Tablet,,Strip,10,,Box,10,,2
Ibuprofen + Paracetamol Suspension 100ml,Ibuprofen + Paracetamol suspension,Medicine,,bottle,No,10,Bottle,,,,,,,,1
Ibuprofen 400mg + Paracetamol 500mg,Ibuprofen + Paracetamol,Medicine,,tablet,No,100,Tablet,,Strip,10,,Box,10,,2
Nise 50,Nimesulide 50mg,Medicine,Dr. Reddy's,tablet,No,100,Tablet,,Strip,10,,Box,10,,2
Nise Suspension 60ml,Nimesulide 50mg/5ml,Medicine,Dr. Reddy's,bottle,No,10,Bottle,,,,,,,,1
Nimulid Transgel 30g,Nimesulide topical gel,Medicine,Panacea Biotec,tablet,No,100,Tablet,,Strip,10,,Box,10,,2
Nimesulide 100mg,Nimesulide 100mg,Medicine,,tablet,No,100,Tablet,,Strip,10,,Box,10,,2
Nimesulide Suspension 60ml,Nimesulide 50mg/5ml,Medicine,,bottle,No,10,Bottle,,,,,,,,1
Nimesulide 100mg + Paracetamol 325mg,Nimesulide + Paracetamol,Medicine,,tablet,No,100,Tablet,,Strip,10,,Box,10,,2
Meftal 250,Mefenamic Acid 250mg,Medicine,Blue Cross,tablet,No,100,Tablet,,Strip,10,,Box,10,,2
Meftal Forte,Mefenamic Acid 500mg + Paracetamol 325mg,Medicine,Blue Cross,tablet,No,100,Tablet,,Strip,10,,Box,10,,2
Mefenamic Acid Suspension 60ml,Mefenamic Acid 100mg/5ml,Medicine,,bottle,No,10,Bottle,,,,,,,,1
Nucoxia 120,Etoricoxib 120mg,Medicine,Zydus,tablet,No,100,Tablet,,Strip,10,,Box,10,,2
Etova 60,Etoricoxib 60mg,Medicine,Zydus,tablet,No,100,Tablet,,Strip,10,,Box,10,,2
Etova 120,Etoricoxib 120mg,Medicine,Zydus,tablet,No,100,Tablet,,Strip,10,,Box,10,,2
Etoshine 60,Etoricoxib 60mg,Medicine,Sun Pharma,tablet,No,100,Tablet,,Strip,10,,Box,10,,2
Etoshine 120,Etoricoxib 120mg,Medicine,Sun Pharma,tablet,No,100,Tablet,,Strip,10,,Box,10,,2
Etoricoxib 60mg + Paracetamol 325mg,Etoricoxib + Paracetamol,Medicine,,tablet,No,100,Tablet,,Strip,10,,Box,10,,2
Etoricoxib 90mg,Etoricoxib 90mg,Medicine,,tablet,No,100,Tablet,,Strip,10,,Box,10,,2
Celecoxib 100mg,Celecoxib 100mg,Medicine,,capsule,No,100,Capsule,,Strip,10,,Box,10,,2
Celecoxib 200mg,Celecoxib 200mg,Medicine,,capsule,No,100,Capsule,,Strip,10,,Box,10,,2
Naproxen 250mg,Naproxen 250mg,Medicine,,tablet,No,100,Tablet,,Strip,10,,Box,10,,2
Naproxen 500mg + Domperidone 10mg,Naproxen + Domperidone,Medicine,,tablet,No,100,Tablet,,Strip,10,,Box,10,,2
Ketoprofen 100mg,Ketoprofen 100mg,Medicine,,tablet,No,100,Tablet,,Strip,10,,Box,10,,2
Ketoprofen Gel 30g,Ketoprofen 2.5% gel,Medicine,,tube,No,6,Tube,,,,,,,,1
Flurbiprofen 100mg,Flurbiprofen 100mg,Medicine,,tablet,No,100,Tablet,,Strip,10,,Box,10,,2
Lornoxicam 4mg,Lornoxicam 4mg,Medicine,,tablet,No,100,Tablet,,Strip,10,,Box,10,,2
Lornoxicam 8mg,Lornoxicam 8mg,Medicine,,tablet,No,100,Tablet,,Strip,10,,Box,10,,2
Lornoxicam 8mg + Paracetamol 325mg,Lornoxicam + Paracetamol,Medicine,,tablet,No,100,Tablet,,Strip,10,,Box,10,,2
Ketorolac 10mg,Ketorolac 10mg,Medicine,,tablet,No,100,Tablet,,Strip,10,,Box,10,,2
Ketorolac Nasal Spray 10ml,Ketorolac nasal spray,Medicine,,drops,No,6,Bottle,,,,,,,,1
Aceclofenac + Rabeprazole 100mg,Aceclofenac + Rabeprazole 100mg,Medicine,,tablet,No,100,Tablet,,Strip,10,,Box,10,,2
Indomethacin 75mg,Indomethacin 75mg,Medicine,,tablet,No,100,Tablet,,Strip,10,,Box,10,,2
Piroxicam 10mg,Piroxicam 10mg,Medicine,,tablet,No,100,Tablet,,Strip,10,,Box,10,,2
Piroxicam Gel 30g,Piroxicam 0.5% gel,Medicine,,tube,No,6,Tube,,,,,,,,1
Tramadol 100mg,Tramadol 100mg,Medicine,,tablet,Yes,100,Tablet,,Strip,10,,Box,10,,2
Tramadol 50mg,Tramadol 50mg,Medicine,,capsule,Yes,100,Capsule,,Strip,10,,Box,10,,2
Tapentadol 50mg,Tapentadol 50mg,Medicine,,tablet,No,100,Tablet,,Strip,10,,Box,10,,2
Tapentadol 100mg,Tapentadol 100mg,Medicine,,tablet,No,100,Tablet,,Strip,10,,Box,10,,2
Codeine Phosphate 30mg + Paracetamol 500mg,Codeine + Paracetamol,Medicine,,tablet,Yes,100,Tablet,,Strip,10,,Box,10,,2
Buprenorphine 0.2mg Sublingual,Buprenorphine 0.2mg,Medicine,,tablet,Yes,100,Tablet,,Strip,10,,Box,10,,2
Buprenorphine Injection 1ml,Buprenorphine 0.3mg/ml,Medicine,,vial,Yes,10,Ampoule,,,,,,,,1
Morphine Sulphate 10mg,Morphine Sulphate 10mg,Medicine,,tablet,Yes,100,Tablet,,Strip,10,,Box,10,,2
Morphine Injection 1ml,Morphine Sulphate 10mg/ml,Medicine,,vial,Yes,10,Ampoule,,,,,,,,1
Fentanyl Transdermal Patch 25mcg,Fentanyl 25mcg/hour patch,Medicine,,box,No,10,Piece,,,,,,,,1
Fentanyl Injection 2ml,Fentanyl 100mcg/2ml,Medicine,,vial,No,10,Ampoule,,,,,,,,1
Nalbuphine Injection 1ml,Nalbuphine 10mg/ml,Medicine,,vial,No,10,Ampoule,,,,,,,,1
Diclofenac + Paracetamol Injection 3ml,Diclofenac + Paracetamol injection,Medicine,,vial,No,10,Ampoule,,,,,,,,1
Piroxicam Injection 2ml,Piroxicam 40mg/2ml,Medicine,,vial,No,10,Ampoule,,,,,,,,1
Thiocolchicoside 8mg,Thiocolchicoside 8mg,Medicine,,tablet,No,100,Tablet,,Strip,10,,Box,10,,2
Thiocolchicoside 4mg Capsule,Thiocolchicoside 4mg,Medicine,,capsule,No,100,Capsule,,Strip,10,,Box,10,,2
Thiocolchicoside Injection 2ml,Thiocolchicoside 4mg/2ml,Medicine,,vial,No,10,Ampoule,,,,,,,,1
Chlorzoxazone 500mg,Chlorzoxazone 500mg,Medicine,,tablet,No,100,Tablet,,Strip,10,,Box,10,,2
Chlorzoxazone 250mg + Paracetamol 300mg + Diclofenac 50mg,Muscle relaxant combination,Medicine,,tablet,No,100,Tablet,,Strip,10,,Box,10,,2
Tizanidine 4mg,Tizanidine 4mg,Medicine,,tablet,No,100,Tablet,,Strip,10,,Box,10,,2
Baclofen 25mg,Baclofen 25mg,Medicine,,tablet,No,100,Tablet,,Strip,10,,Box,10,,2
Cyclobenzaprine 5mg,Cyclobenzaprine 5mg,Medicine,,tablet,No,100,Tablet,,Strip,10,,Box,10,,2
Cyclobenzaprine 10mg,Cyclobenzaprine 10mg,Medicine,,tablet,No,100,Tablet,,Strip,10,,Box,10,,2
Eperisone 50mg,Eperisone 50mg,Medicine,,tablet,No,100,Tablet,,Strip,10,,Box,10,,2
Eperisone 50mg + Diclofenac 50mg,Eperisone + Diclofenac,Medicine,,tablet,No,100,Tablet,,Strip,10,,Box,10,,2
Diclofenac + Methyl Salicylate + Menthol Gel 50g,Topical pain gel,Medicine,,tube,No,6,Tube,,,,,,,,1
Capsaicin Cream 30g,Capsaicin 0.025% cream,Medicine,,tube,No,6,Tube,,,,,,,,1
Diclofenac Transdermal Patch,Diclofenac patch,Medicine,,box,No,10,Piece,,,,,,,,1
Pain Relief Spray 100ml,Topical analgesic spray,Medicine,,box,No,10,Piece,,,,,,,,1
Febuxostat 20mg,Febuxostat 20mg,Medicine,,tablet,No,100,Tablet,,Strip,10,,Box,10,,2
Febuxostat 40mg + Diclofenac 50mg,Febuxostat + Diclofenac,Medicine,,tablet,No,100,Tablet,,Strip,10,,Box,10,,2
Probenecid 500mg,Probenecid 500mg,Medicine,,tablet,No,100,Tablet,,Strip,10,,Box,10,,2
Serratiopeptidase 5mg,Serratiopeptidase 5mg,Medicine,,tablet,No,100,Tablet,,Strip,10,,Box,10,,2
Serratiopeptidase 15mg,Serratiopeptidase 15mg,Medicine,,tablet,No,100,Tablet,,Strip,10,,Box,10,,2
Trypsin + Bromelain + Rutoside Tablet,Trypsin Bromelain Rutoside,Medicine,,tablet,No,100,Tablet,,Strip,10,,Box,10,,2
Diclofenac 50mg + Serratiopeptidase 15mg + Paracetamol 325mg,Anti-inflammatory combination,Medicine,,tablet,No,100,Tablet,,Strip,10,,Box,10,,2
Methotrexate 5mg,Methotrexate 5mg,Medicine,,tablet,No,100,Tablet,,Strip,10,,Box,10,,2
Methotrexate 10mg,Methotrexate 10mg,Medicine,,tablet,No,100,Tablet,,Strip,10,,Box,10,,2
Methotrexate 15mg,Methotrexate 15mg,Medicine,,tablet,No,100,Tablet,,Strip,10,,Box,10,,2
Methotrexate Injection 2ml,Methotrexate 50mg/2ml,Medicine,,vial,No,10,Vial,,,,,,,,1
Leflunomide 10mg,Leflunomide 10mg,Medicine,,tablet,No,100,Tablet,,Strip,10,,Box,10,,2
Leflunomide 20mg,Leflunomide 20mg,Medicine,,tablet,No,100,Tablet,,Strip,10,,Box,10,,2
Sulfasalazine EN 500mg,Sulfasalazine EN 500mg,Medicine,,tablet,No,100,Tablet,,Strip,10,,Box,10,,2
Sulfasalazine EN 1000mg,Sulfasalazine EN 1000mg,Medicine,,tablet,No,100,Tablet,,Strip,10,,Box,10,,2
Azathioprine 25mg,Azathioprine 25mg,Medicine,,capsule,No,100,Capsule,,Strip,10,,Box,10,,2
Mycophenolate Mofetil 250mg,Mycophenolate Mofetil 250mg,Medicine,,capsule,No,100,Capsule,,Strip,10,,Box,10,,2
Mycophenolate Mofetil 500mg,Mycophenolate Mofetil 500mg,Medicine,,capsule,No,100,Capsule,,Strip,10,,Box,10,,2
Cyclosporine 25mg,Cyclosporine 25mg,Medicine,,capsule,No,100,Capsule,,Strip,10,,Box,10,,2
Cyclosporine 50mg,Cyclosporine 50mg,Medicine,,capsule,No,100,Capsule,,Strip,10,,Box,10,,2
Cyclosporine 100mg,Cyclosporine 100mg,Medicine,,capsule,No,100,Capsule,,Strip,10,,Box,10,,2
Tofacitinib 5mg,Tofacitinib 5mg,Medicine,,tablet,No,100,Tablet,,Strip,10,,Box,10,,2
Hydroxychloroquine Sulphate 100mg,Hydroxychloroquine Sulphate 100mg,Medicine,,tablet,No,100,Tablet,,Strip,10,,Box,10,,2
Deflazacort 1mg,Deflazacort 1mg,Medicine,,tablet,No,100,Tablet,,Strip,10,,Box,10,,2
Deflazacort 12mg,Deflazacort 12mg,Medicine,,tablet,No,100,Tablet,,Strip,10,,Box,10,,2
Prednisolone 2.5mg,Prednisolone 2.5mg,Medicine,,tablet,No,100,Tablet,,Strip,10,,Box,10,,2
Prednisolone 30mg,Prednisolone 30mg,Medicine,,tablet,No,100,Tablet,,Strip,10,,Box,10,,2
Prednisolone 40mg,Prednisolone 40mg,Medicine,,tablet,No,100,Tablet,,Strip,10,,Box,10,,2
Methylprednisolone 2mg,Methylprednisolone 2mg,Medicine,,tablet,No,100,Tablet,,Strip,10,,Box,10,,2
Methylprednisolone 32mg,Methylprednisolone 32mg,Medicine,,tablet,No,100,Tablet,,Strip,10,,Box,10,,2
Glucosamine 1500mg + Diacerein 50mg,Glucosamine + Diacerein,Medicine,,capsule,No,100,Capsule,,Strip,10,,Box,10,,2
Diacerein 50mg,Diacerein 50mg,Medicine,,capsule,No,100,Capsule,,Strip,10,,Box,10,,2
Glucosamine 500mg + Chondroitin 400mg,Glucosamine + Chondroitin,Medicine,,tablet,No,100,Tablet,,Strip,10,,Box,10,,2
Hyaluronic Acid Knee Injection 2ml,Sodium Hyaluronate intra-articular,Medicine,,vial,No,10,Vial,,,,,,,,1
Triamcinolone Injection 1ml,Triamcinolone Acetonide 40mg/ml,Medicine,,vial,No,10,Vial,,,,,,,,1
Methylprednisolone Acetate 80mg Injection,Methylprednisolone Acetate 80mg,Medicine,,vial,No,10,Vial,,,,,,,,1
Levipil 750,Levetiracetam 750mg,Medicine,Intas,tablet,No,100,Tablet,,Strip,10,,Box,10,,2
Levipil 1000,Levetiracetam 1000mg,Medicine,Intas,tablet,No,100,Tablet,,Strip,10,,Box,10,,2
Levera 250,Levetiracetam 250mg,Medicine,Sun Pharma,tablet,No,100,Tablet,,Strip,10,,Box,10,,2
Levera 750,Levetiracetam 750mg,Medicine,Sun Pharma,tablet,No,100,Tablet,,Strip,10,,Box,10,,2
Levera 1000,Levetiracetam 1000mg,Medicine,Sun Pharma,tablet,No,100,Tablet,,Strip,10,,Box,10,,2
Torleva 250,Levetiracetam 250mg,Medicine,Torrent,tablet,No,100,Tablet,,Strip,10,,Box,10,,2
Torleva 500,Levetiracetam 500mg,Medicine,Torrent,tablet,No,100,Tablet,,Strip,10,,Box,10,,2
Torleva 750,Levetiracetam 750mg,Medicine,Torrent,tablet,No,100,Tablet,,Strip,10,,Box,10,,2
Keppra 250,Levetiracetam 250mg,Medicine,UCB,tablet,No,100,Tablet,,Strip,10,,Box,10,,2
Keppra 500,Levetiracetam 500mg,Medicine,UCB,tablet,No,100,Tablet,,Strip,10,,Box,10,,2
Levetiracetam 750mg,Levetiracetam 750mg,Medicine,,tablet,No,100,Tablet,,Strip,10,,Box,10,,2
Levetiracetam 1000mg,Levetiracetam 1000mg,Medicine,,tablet,No,100,Tablet,,Strip,10,,Box,10,,2
Levetiracetam 500mg XR,Levetiracetam extended release 500mg,Medicine,,tablet,No,100,Tablet,,Strip,10,,Box,10,,2
Levetiracetam Syrup 100ml,Levetiracetam 100mg/ml,Medicine,,bottle,No,10,Bottle,,,,,,,,1
Brivaracetam 25mg,Brivaracetam 25mg,Medicine,,tablet,No,100,Tablet,,Strip,10,,Box,10,,2
Brivaracetam 50mg,Brivaracetam 50mg,Medicine,,tablet,No,100,Tablet,,Strip,10,,Box,10,,2
Brivaracetam 100mg,Brivaracetam 100mg,Medicine,,tablet,No,100,Tablet,,Strip,10,,Box,10,,2
Valparin Chrono 200,Sodium Valproate 200mg,Medicine,Sanofi,tablet,No,100,Tablet,,Strip,10,,Box,10,,2
Valparin Chrono 300,Sodium Valproate 300mg,Medicine,Sanofi,tablet,No,100,Tablet,,Strip,10,,Box,10,,2
Valparin Chrono 1000,Sodium Valproate 1000mg,Medicine,Sanofi,tablet,No,100,Tablet,,Strip,10,,Box,10,,2
Encorate Chrono 200,Sodium Valproate 200mg,Medicine,Sun Pharma,tablet,No,100,Tablet,,Strip,10,,Box,10,,2
Encorate Chrono 300,Sodium Valproate 300mg,Medicine,Sun Pharma,tablet,No,100,Tablet,,Strip,10,,Box,10,,2
Encorate Chrono 1000,Sodium Valproate 1000mg,Medicine,Sun Pharma,tablet,No,100,Tablet,,Strip,10,,Box,10,,2
Sodium Valproate 200mg,Sodium Valproate 200mg,Medicine,,tablet,No,100,Tablet,,Strip,10,,Box,10,,2
Sodium Valproate 300mg,Sodium Valproate 300mg,Medicine,,tablet,No,100,Tablet,,Strip,10,,Box,10,,2
Sodium Valproate Syrup 100ml,Sodium Valproate 200mg/5ml,Medicine,,bottle,No,10,Bottle,,,,,,,,1
Sodium Valproate Injection 5ml,Sodium Valproate 100mg/ml,Medicine,,vial,No,10,Vial,,,,,,,,1
Divalproex Sodium ER 250mg,Divalproex Sodium ER 250mg,Medicine,,tablet,No,100,Tablet,,Strip,10,,Box,10,,2
Divalproex Sodium ER 500mg,Divalproex Sodium ER 500mg,Medicine,,tablet,No,100,Tablet,,Strip,10,,Box,10,,2
Divalproex Sodium ER 750mg,Divalproex Sodium ER 750mg,Medicine,,tablet,No,100,Tablet,,Strip,10,,Box,10,,2
Divalproex Sodium ER 1000mg,Divalproex Sodium ER 1000mg,Medicine,,tablet,No,100,Tablet,,Strip,10,,Box,10,,2
Tegretol CR 100,Carbamazepine 100mg,Medicine,Novartis,tablet,No,100,Tablet,,Strip,10,,Box,10,,2
Tegretol CR 300,Carbamazepine 300mg,Medicine,Novartis,tablet,No,100,Tablet,,Strip,10,,Box,10,,2
Tegretol CR 400,Carbamazepine 400mg,Medicine,Novartis,tablet,No,100,Tablet,,Strip,10,,Box,10,,2
Mazetol SR 100,Carbamazepine 100mg,Medicine,Sun Pharma,tablet,No,100,Tablet,,Strip,10,,Box,10,,2
Mazetol SR 300,Carbamazepine 300mg,Medicine,Sun Pharma,tablet,No,100,Tablet,,Strip,10,,Box,10,,2
Mazetol SR 400,Carbamazepine 400mg,Medicine,Sun Pharma,tablet,No,100,Tablet,,Strip,10,,Box,10,,2
Carbamazepine 100mg,Carbamazepine 100mg,Medicine,,tablet,No,100,Tablet,,Strip,10,,Box,10,,2
Carbamazepine 400mg,Carbamazepine 400mg,Medicine,,tablet,No,100,Tablet,,Strip,10,,Box,10,,2
Carbamazepine Suspension 100ml,Carbamazepine 100mg/5ml,Medicine,,bottle,No,10,Bottle,,,,,,,,1
Oxetol 150,Oxcarbazepine 150mg,Medicine,Sun Pharma,tablet,No,100,Tablet,,Strip,10,,Box,10,,2
Oxetol 450,Oxcarbazepine 450mg,Medicine,Sun Pharma,tablet,No,100,Tablet,,Strip,10,,Box,10,,2
Oxetol 600,Oxcarbazepine 600mg,Medicine,Sun Pharma,tablet,No,100,Tablet,,Strip,10,,Box,10,,2
Oxcarbazepine 150mg,Oxcarbazepine 150mg,Medicine,,tablet,No,100,Tablet,,Strip,10,,Box,10,,2
Oxcarbazepine 600mg,Oxcarbazepine 600mg,Medicine,,tablet,No,100,Tablet,,Strip,10,,Box,10,,2
Oxcarbazepine Suspension 100ml,Oxcarbazepine 300mg/5ml,Medicine,,bottle,No,10,Bottle,,,,,,,,1
Lamitor 25,Lamotrigine 25mg,Medicine,Torrent,tablet,No,100,Tablet,,Strip,10,,Box,10,,2
Lamitor 100,Lamotrigine 100mg,Medicine,Torrent,tablet,No,100,Tablet,,Strip,10,,Box,10,,2
Lametec 25,Lamotrigine 25mg,Medicine,Intas,tablet,No,100,Tablet,,Strip,10,,Box,10,,2
Lametec 50,Lamotrigine 50mg,Medicine,Intas,tablet,No,100,Tablet,,Strip,10,,Box,10,,2
Lametec 100,Lamotrigine 100mg,Medicine,Intas,tablet,No,100,Tablet,,Strip,10,,Box,10,,2
Lamotrigine 25mg,Lamotrigine 25mg,Medicine,,tablet,No,100,Tablet,,Strip,10,,Box,10,,2
Lamotrigine 100mg,Lamotrigine 100mg,Medicine,,tablet,No,100,Tablet,,Strip,10,,Box,10,,2
Topiramate 25mg,Topiramate 25mg,Medicine,,tablet,No,100,Tablet,,Strip,10,,Box,10,,2
Topiramate 100mg,Topiramate 100mg,Medicine,,tablet,No,100,Tablet,,Strip,10,,Box,10,,2
Zonisamide 25mg,Zonisamide 25mg,Medicine,,tablet,No,100,Tablet,,Strip,10,,Box,10,,2
Zonisamide 50mg,Zonisamide 50mg,Medicine,,tablet,No,100,Tablet,,Strip,10,,Box,10,,2
Zonisamide 100mg,Zonisamide 100mg,Medicine,,tablet,No,100,Tablet,,Strip,10,,Box,10,,2
Clobazam 5mg,Clobazam 5mg,Medicine,,tablet,No,100,Tablet,,Strip,10,,Box,10,,2
Clobazam 20mg,Clobazam 20mg,Medicine,,tablet,No,100,Tablet,,Strip,10,,Box,10,,2
Phenytoin Sodium 50mg,Phenytoin Sodium 50mg,Medicine,,tablet,No,100,Tablet,,Strip,10,,Box,10,,2
Phenytoin Sodium 300mg,Phenytoin Sodium 300mg,Medicine,,tablet,No,100,Tablet,,Strip,10,,Box,10,,2
Phenobarbitone 30mg,Phenobarbitone 30mg,Medicine,,tablet,Yes,100,Tablet,,Strip,10,,Box,10,,2
Phenobarbitone 100mg,Phenobarbitone 100mg,Medicine,,tablet,Yes,100,Tablet,,Strip,10,,Box,10,,2
Phenobarbitone Syrup 100ml,Phenobarbitone 20mg/5ml,Medicine,,bottle,Yes,10,Bottle,,,,,,,,1
Perampanel 2mg,Perampanel 2mg,Medicine,,tablet,No,100,Tablet,,Strip,10,,Box,10,,2
Perampanel 4mg,Perampanel 4mg,Medicine,,tablet,No,100,Tablet,,Strip,10,,Box,10,,2
Lacosamide 50mg,Lacosamide 50mg,Medicine,,tablet,No,100,Tablet,,Strip,10,,Box,10,,2
Lacosamide 100mg,Lacosamide 100mg,Medicine,,tablet,No,100,Tablet,,Strip,10,,Box,10,,2
Lacosamide 200mg,Lacosamide 200mg,Medicine,,tablet,No,100,Tablet,,Strip,10,,Box,10,,2
Lacosamide Injection 20ml,Lacosamide 200mg/20ml,Medicine,,vial,No,10,Vial,,,,,,,,1
Gabapin 100,Gabapentin 100mg,Medicine,Intas,capsule,No,100,Capsule,,Strip,10,,Box,10,,2
Gabapin 400,Gabapentin 400mg,Medicine,Intas,capsule,No,100,Capsule,,Strip,10,,Box,10,,2
Gabapin ME,Gabapentin 300mg + Methylcobalamin 500mcg,Medicine,Intas,tablet,No,100,Tablet,,Strip,10,,Box,10,,2
Gabapin NT 400,Gabapentin 400mg + Nortriptyline 10mg,Medicine,Intas,tablet,No,100,Tablet,,Strip,10,,Box,10,,2
Gabantin 100,Gabapentin 100mg,Medicine,Sun Pharma,capsule,No,100,Capsule,,Strip,10,,Box,10,,2
Gabantin 400,Gabapentin 400mg,Medicine,Sun Pharma,capsule,No,100,Capsule,,Strip,10,,Box,10,,2
Gabapentin 100mg,Gabapentin 100mg,Medicine,,capsule,No,100,Capsule,,Strip,10,,Box,10,,2
Gabapentin 400mg,Gabapentin 400mg,Medicine,,capsule,No,100,Capsule,,Strip,10,,Box,10,,2
Gabapentin 600mg,Gabapentin 600mg,Medicine,,capsule,No,100,Capsule,,Strip,10,,Box,10,,2
Pregabid 25,Pregabalin 25mg,Medicine,Intas,capsule,No,100,Capsule,,Strip,10,,Box,10,,2
Pregabid 50,Pregabalin 50mg,Medicine,Intas,capsule,No,100,Capsule,,Strip,10,,Box,10,,2
Pregabid 150,Pregabalin 150mg,Medicine,Intas,capsule,No,100,Capsule,,Strip,10,,Box,10,,2
Pregabid 300,Pregabalin 300mg,Medicine,Intas,capsule,No,100,Capsule,,Strip,10,,Box,10,,2
Maxgalin 50,Pregabalin 50mg,Medicine,Sun Pharma,capsule,No,100,Capsule,,Strip,10,,Box,10,,2
Maxgalin 150,Pregabalin 150mg,Medicine,Sun Pharma,capsule,No,100,Capsule,,Strip,10,,Box,10,,2
Maxgalin 300,Pregabalin 300mg,Medicine,Sun Pharma,capsule,No,100,Capsule,,Strip,10,,Box,10,,2
Lyrica 150,Pregabalin 150mg,Medicine,Pfizer,capsule,No,100,Capsule,,Strip,10,,Box,10,,2
Lyrica 300,Pregabalin 300mg,Medicine,Pfizer,capsule,No,100,Capsule,,Strip,10,,Box,10,,2
Pregabalin 75mg SR,Pregabalin sustained release 75mg,Medicine,,capsule,No,100,Capsule,,Strip,10,,Box,10,,2
Pregabalin 25mg,Pregabalin 25mg,Medicine,,capsule,No,100,Capsule,,Strip,10,,Box,10,,2
Pregabalin 150mg,Pregabalin 150mg,Medicine,,capsule,No,100,Capsule,,Strip,10,,Box,10,,2
Pregabalin 300mg,Pregabalin 300mg,Medicine,,capsule,No,100,Capsule,,Strip,10,,Box,10,,2
Pregabalin 75mg + Nortriptyline 10mg,Pregabalin + Nortriptyline,Medicine,,tablet,No,100,Tablet,,Strip,10,,Box,10,,2
Pregabalin 75mg + Duloxetine 20mg,Pregabalin + Duloxetine,Medicine,,tablet,No,100,Tablet,,Strip,10,,Box,10,,2
Methylcobalamin 1500mcg + Alpha Lipoic Acid 100mg,Methylcobalamin + Alpha Lipoic Acid,Medicine,,capsule,No,100,Capsule,,Strip,10,,Box,10,,2
Methylcobalamin 500mcg,Methylcobalamin 500mcg,Medicine,,tablet,No,100,Tablet,,Strip,10,,Box,10,,2
Methylcobalamin Injection 2ml,Methylcobalamin 1500mcg/2ml,Medicine,,vial,No,10,Vial,,,,,,,,1
Sumatriptan 25mg,Sumatriptan 25mg,Medicine,,tablet,No,100,Tablet,,Strip,10,,Box,10,,2
Sumatriptan 100mg,Sumatriptan 100mg,Medicine,,tablet,No,100,Tablet,,Strip,10,,Box,10,,2
Sumatriptan Nasal Spray,Sumatriptan 20mg nasal spray,Medicine,,drops,No,6,Bottle,,,,,,,,1
Rizatriptan 10mg,Rizatriptan 10mg,Medicine,,tablet,No,100,Tablet,,Strip,10,,Box,10,,2
Naratriptan 2.5mg,Naratriptan 2.5mg,Medicine,,tablet,No,100,Tablet,,Strip,10,,Box,10,,2
Zolmitriptan 2.5mg,Zolmitriptan 2.5mg,Medicine,,tablet,No,100,Tablet,,Strip,10,,Box,10,,2
Zolmitriptan 5mg,Zolmitriptan 5mg,Medicine,,tablet,No,100,Tablet,,Strip,10,,Box,10,,2
Flunarizine 5mg,Flunarizine 5mg,Medicine,,tablet,No,100,Tablet,,Strip,10,,Box,10,,2
Flunarizine 20mg,Flunarizine 20mg,Medicine,,tablet,No,100,Tablet,,Strip,10,,Box,10,,2
Flunarizine 20mg + Propranolol 40mg,Flunarizine + Propranolol,Medicine,,tablet,No,100,Tablet,,Strip,10,,Box,10,,2
Cinnarizine 75mg,Cinnarizine 75mg,Medicine,,tablet,No,100,Tablet,,Strip,10,,Box,10,,2
Cinnarizine 20mg + Dimenhydrinate 40mg,Cinnarizine + Dimenhydrinate,Medicine,,tablet,No,100,Tablet,,Strip,10,,Box,10,,2
Betahistine 8mg,Betahistine 8mg,Medicine,,tablet,No,100,Tablet,,Strip,10,,Box,10,,2
Betahistine 32mg,Betahistine 32mg,Medicine,,tablet,No,100,Tablet,,Strip,10,,Box,10,,2
Dimenhydrinate 50mg,Dimenhydrinate 50mg,Medicine,,tablet,No,100,Tablet,,Strip,10,,Box,10,,2
Prochlorperazine 10mg,Prochlorperazine 10mg,Medicine,,tablet,No,100,Tablet,,Strip,10,,Box,10,,2
Vertin 24,Betahistine 24mg,Medicine,Abbott,tablet,No,100,Tablet,,Strip,10,,Box,10,,2
Ergotamine 1mg + Caffeine 100mg,Ergotamine + Caffeine,Medicine,,tablet,No,100,Tablet,,Strip,10,,Box,10,,2
Divalproex for migraine 125mg,Divalproex for migraine 125mg,Medicine,,tablet,No,100,Tablet,,Strip,10,,Box,10,,2
Syndopa 275,Levodopa 250mg + Carbidopa 25mg,Medicine,Sun Pharma,tablet,No,100,Tablet,,Strip,10,,Box,10,,2
Syndopa CR 125,Levodopa + Carbidopa controlled release,Medicine,Sun Pharma,tablet,No,100,Tablet,,Strip,10,,Box,10,,2
Levodopa 100mg + Carbidopa 10mg,Levodopa + Carbidopa,Medicine,,tablet,No,100,Tablet,,Strip,10,,Box,10,,2
Levodopa 250mg + Carbidopa 25mg,Levodopa + Carbidopa,Medicine,,tablet,No,100,Tablet,,Strip,10,,Box,10,,2
Pramipexole 0.125mg,Pramipexole 0.125mg,Medicine,,tablet,No,100,Tablet,,Strip,10,,Box,10,,2
Pramipexole 0.5mg,Pramipexole 0.5mg,Medicine,,tablet,No,100,Tablet,,Strip,10,,Box,10,,2
Pramipexole 1mg,Pramipexole 1mg,Medicine,,tablet,No,100,Tablet,,Strip,10,,Box,10,,2
Pramipexole ER 0.75mg,Pramipexole extended release 0.75mg,Medicine,,tablet,No,100,Tablet,,Strip,10,,Box,10,,2
Ropinirole 0.25mg,Ropinirole 0.25mg,Medicine,,tablet,No,100,Tablet,,Strip,10,,Box,10,,2
Ropinirole 0.5mg,Ropinirole 0.5mg,Medicine,,tablet,No,100,Tablet,,Strip,10,,Box,10,,2
Ropinirole 1mg,Ropinirole 1mg,Medicine,,tablet,No,100,Tablet,,Strip,10,,Box,10,,2
Ropinirole 2mg,Ropinirole 2mg,Medicine,,tablet,No,100,Tablet,,Strip,10,,Box,10,,2
Trihexyphenidyl 5mg,Trihexyphenidyl 5mg,Medicine,,tablet,No,100,Tablet,,Strip,10,,Box,10,,2
Amantadine 100mg,Amantadine 100mg,Medicine,,tablet,No,100,Tablet,,Strip,10,,Box,10,,2
Entacapone 200mg,Entacapone 200mg,Medicine,,tablet,No,100,Tablet,,Strip,10,,Box,10,,2
Rasagiline 0.5mg,Rasagiline 0.5mg,Medicine,,tablet,No,100,Tablet,,Strip,10,,Box,10,,2
Rasagiline 1mg,Rasagiline 1mg,Medicine,,tablet,No,100,Tablet,,Strip,10,,Box,10,,2
Donepezil 10mg,Donepezil 10mg,Medicine,,tablet,No,100,Tablet,,Strip,10,,Box,10,,2
Donepezil 10mg + Memantine 10mg,Donepezil + Memantine,Medicine,,tablet,No,100,Tablet,,Strip,10,,Box,10,,2
Memantine 10mg,Memantine 10mg,Medicine,,tablet,No,100,Tablet,,Strip,10,,Box,10,,2
Rivastigmine 1.5mg,Rivastigmine 1.5mg,Medicine,,capsule,No,100,Capsule,,Strip,10,,Box,10,,2
Rivastigmine 3mg,Rivastigmine 3mg,Medicine,,capsule,No,100,Capsule,,Strip,10,,Box,10,,2
Rivastigmine Patch 9.5mg,Rivastigmine transdermal patch,Medicine,,box,No,10,Piece,,,,,,,,1
Citicoline 250mg,Citicoline 250mg,Medicine,,capsule,No,100,Capsule,,Strip,10,,Box,10,,2
Citicoline 500mg + Piracetam 800mg,Citicoline + Piracetam,Medicine,,tablet,No,100,Tablet,,Strip,10,,Box,10,,2
Piracetam 400mg,Piracetam 400mg,Medicine,,tablet,No,100,Tablet,,Strip,10,,Box,10,,2
Piracetam 800mg,Piracetam 800mg,Medicine,,tablet,No,100,Tablet,,Strip,10,,Box,10,,2
Piracetam 1200mg,Piracetam 1200mg,Medicine,,tablet,No,100,Tablet,,Strip,10,,Box,10,,2
Piracetam Syrup 100ml,Piracetam 500mg/5ml,Medicine,,bottle,No,10,Bottle,,,,,,,,1
Ginkgo Biloba 40mg,Ginkgo Biloba 40mg,Medicine,,capsule,No,100,Capsule,,Strip,10,,Box,10,,2
Ginkgo Biloba 60mg,Ginkgo Biloba 60mg,Medicine,,capsule,No,100,Capsule,,Strip,10,,Box,10,,2
Ginkgo Biloba 120mg,Ginkgo Biloba 120mg,Medicine,,capsule,No,100,Capsule,,Strip,10,,Box,10,,2
Vinpocetine 5mg,Vinpocetine 5mg,Medicine,,tablet,No,100,Tablet,,Strip,10,,Box,10,,2
Vinpocetine 10mg,Vinpocetine 10mg,Medicine,,tablet,No,100,Tablet,,Strip,10,,Box,10,,2
Edaravone 30mg,Edaravone 30mg,Medicine,,tablet,No,100,Tablet,,Strip,10,,Box,10,,2
Nimodipine 30mg,Nimodipine 30mg,Medicine,,tablet,No,100,Tablet,,Strip,10,,Box,10,,2
Alprax 1,Alprazolam 1mg,Medicine,Torrent,tablet,Yes,100,Tablet,,Strip,10,,Box,10,,2
Restyl 0.25,Alprazolam 0.25mg,Medicine,Sun Pharma,tablet,Yes,100,Tablet,,Strip,10,,Box,10,,2
Restyl 1,Alprazolam 1mg,Medicine,Sun Pharma,tablet,Yes,100,Tablet,,Strip,10,,Box,10,,2
Alprazolam 1mg,Alprazolam 1mg,Medicine,,tablet,Yes,100,Tablet,,Strip,10,,Box,10,,2
Lonazep 0.25,Clonazepam 0.25mg,Medicine,Sun Pharma,tablet,Yes,100,Tablet,,Strip,10,,Box,10,,2
Lonazep 1,Clonazepam 1mg,Medicine,Sun Pharma,tablet,Yes,100,Tablet,,Strip,10,,Box,10,,2
Lonazep 2,Clonazepam 2mg,Medicine,Sun Pharma,tablet,Yes,100,Tablet,,Strip,10,,Box,10,,2
Clonotril 0.25,Clonazepam 0.25mg,Medicine,Torrent,tablet,Yes,100,Tablet,,Strip,10,,Box,10,,2
Clonotril 1,Clonazepam 1mg,Medicine,Torrent,tablet,Yes,100,Tablet,,Strip,10,,Box,10,,2
Clonotril 2,Clonazepam 2mg,Medicine,Torrent,tablet,Yes,100,Tablet,,Strip,10,,Box,10,,2
Lonazep MD 0.5,Clonazepam mouth dissolving 0.5mg,Medicine,Sun Pharma,tablet,Yes,100,Tablet,,Strip,10,,Box,10,,2
Clonazepam 0.25mg,Clonazepam 0.25mg,Medicine,,tablet,Yes,100,Tablet,,Strip,10,,Box,10,,2
Clonazepam 1mg,Clonazepam 1mg,Medicine,,tablet,Yes,100,Tablet,,Strip,10,,Box,10,,2
Clonazepam 2mg,Clonazepam 2mg,Medicine,,tablet,Yes,100,Tablet,,Strip,10,,Box,10,,2
Diazepam 2mg,Diazepam 2mg,Medicine,,tablet,Yes,100,Tablet,,Strip,10,,Box,10,,2
Diazepam 5mg,Diazepam 5mg,Medicine,,tablet,Yes,100,Tablet,,Strip,10,,Box,10,,2
Diazepam 10mg,Diazepam 10mg,Medicine,,tablet,Yes,100,Tablet,,Strip,10,,Box,10,,2
Lorazepam 2mg,Lorazepam 2mg,Medicine,,tablet,Yes,100,Tablet,,Strip,10,,Box,10,,2
Lorazepam Injection 2ml,Lorazepam 4mg/2ml,Medicine,,vial,Yes,10,Ampoule,,,,,,,,1
Etilaam 0.25,Etizolam 0.25mg,Medicine,Intas,tablet,Yes,100,Tablet,,Strip,10,,Box,10,,2
Etilaam 1,Etizolam 1mg,Medicine,Intas,tablet,Yes,100,Tablet,,Strip,10,,Box,10,,2
Etilaam MD 0.5,Etizolam mouth dissolving 0.5mg,Medicine,Intas,tablet,Yes,100,Tablet,,Strip,10,,Box,10,,2
Etizolam 0.25mg,Etizolam 0.25mg,Medicine,,tablet,Yes,100,Tablet,,Strip,10,,Box,10,,2
Etizolam 1mg,Etizolam 1mg,Medicine,,tablet,Yes,100,Tablet,,Strip,10,,Box,10,,2
Zolpidem 12.5mg,Zolpidem 12.5mg,Medicine,,tablet,Yes,100,Tablet,,Strip,10,,Box,10,,2
Zopiclone 7.5mg,Zopiclone 7.5mg,Medicine,,tablet,No,100,Tablet,,Strip,10,,Box,10,,2
Eszopiclone 1mg,Eszopiclone 1mg,Medicine,,tablet,No,100,Tablet,,Strip,10,,Box,10,,2
Eszopiclone 2mg,Eszopiclone 2mg,Medicine,,tablet,No,100,Tablet,,Strip,10,,Box,10,,2
Eszopiclone 3mg,Eszopiclone 3mg,Medicine,,tablet,No,100,Tablet,,Strip,10,,Box,10,,2
Melatonin 5mg,Melatonin 5mg,Medicine,,tablet,No,100,Tablet,,Strip,10,,Box,10,,2
Melatonin 10mg,Melatonin 10mg,Medicine,,tablet,No,100,Tablet,,Strip,10,,Box,10,,2
Melatonin 3mg + Zolpidem 5mg,Melatonin + Zolpidem,Medicine,,tablet,Yes,100,Tablet,,Strip,10,,Box,10,,2
Buspirone 5mg,Buspirone 5mg,Medicine,,tablet,No,100,Tablet,,Strip,10,,Box,10,,2
Buspirone 10mg,Buspirone 10mg,Medicine,,tablet,No,100,Tablet,,Strip,10,,Box,10,,2
Propranolol for anxiety 40mg,Propranolol for anxiety 40mg,Medicine,,tablet,No,100,Tablet,,Strip,10,,Box,10,,2
Chlordiazepoxide 10mg,Chlordiazepoxide 10mg,Medicine,,tablet,Yes,100,Tablet,,Strip,10,,Box,10,,2
Chlordiazepoxide 25mg,Chlordiazepoxide 25mg,Medicine,,tablet,Yes,100,Tablet,,Strip,10,,Box,10,,2
Midazolam Injection 5ml,Midazolam 5mg/ml,Medicine,,vial,Yes,10,Ampoule,,,,,,,,1
Nexito 15,Escitalopram 15mg,Medicine,Sun Pharma,tablet,No,100,Tablet,,Strip,10,,Box,10,,2
Nexito 20,Escitalopram 20mg,Medicine,Sun Pharma,tablet,No,100,Tablet,,Strip,10,,Box,10,,2
Cipralex 5,Escitalopram 5mg,Medicine,Lundbeck,tablet,No,100,Tablet,,Strip,10,,Box,10,,2
Cipralex 10,Escitalopram 10mg,Medicine,Lundbeck,tablet,No,100,Tablet,,Strip,10,,Box,10,,2
Cipralex 20,Escitalopram 20mg,Medicine,Lundbeck,tablet,No,100,Tablet,,Strip,10,,Box,10,,2
Escitalent 5,Escitalopram 5mg,Medicine,Intas,tablet,No,100,Tablet,,Strip,10,,Box,10,,2
Escitalent 10,Escitalopram 10mg,Medicine,Intas,tablet,No,100,Tablet,,Strip,10,,Box,10,,2
Escitalent 20,Escitalopram 20mg,Medicine,Intas,tablet,No,100,Tablet,,Strip,10,,Box,10,,2
Escitalopram 15mg,Escitalopram 15mg,Medicine,,tablet,No,100,Tablet,,Strip,10,,Box,10,,2
Escitalopram 20mg,Escitalopram 20mg,Medicine,,tablet,No,100,Tablet,,Strip,10,,Box,10,,2
Escitalopram 10mg + Clonazepam 0.5mg,Escitalopram + Clonazepam,Medicine,,tablet,Yes,100,Tablet,,Strip,10,,Box,10,,2
Fluoxetine 10mg,Fluoxetine 10mg,Medicine,,capsule,No,100,Capsule,,Strip,10,,Box,10,,2
Fluoxetine 20mg,Fluoxetine 20mg,Medicine,,capsule,No,100,Capsule,,Strip,10,,Box,10,,2
Fluoxetine 40mg,Fluoxetine 40mg,Medicine,,capsule,No,100,Capsule,,Strip,10,,Box,10,,2
Sertraline 100mg,Sertraline 100mg,Medicine,,tablet,No,100,Tablet,,Strip,10,,Box,10,,2
Paroxetine 10mg,Paroxetine 10mg,Medicine,,tablet,No,100,Tablet,,Strip,10,,Box,10,,2
Paroxetine 20mg,Paroxetine 20mg,Medicine,,tablet,No,100,Tablet,,Strip,10,,Box,10,,2
Paroxetine CR 25mg,Paroxetine controlled release 25mg,Medicine,,tablet,No,100,Tablet,,Strip,10,,Box,10,,2
Fluvoxamine 50mg,Fluvoxamine 50mg,Medicine,,tablet,No,100,Tablet,,Strip,10,,Box,10,,2
Fluvoxamine 100mg,Fluvoxamine 100mg,Medicine,,tablet,No,100,Tablet,,Strip,10,,Box,10,,2
Duloxetine 40mg,Duloxetine 40mg,Medicine,,capsule,No,100,Capsule,,Strip,10,,Box,10,,2
Duloxetine 60mg,Duloxetine 60mg,Medicine,,capsule,No,100,Capsule,,Strip,10,,Box,10,,2
Venlafaxine XR 37.5mg,Venlafaxine XR 37.5mg,Medicine,,capsule,No,100,Capsule,,Strip,10,,Box,10,,2
Venlafaxine XR 150mg,Venlafaxine XR 150mg,Medicine,,capsule,No,100,Capsule,,Strip,10,,Box,10,,2
Desvenlafaxine 50mg,Desvenlafaxine 50mg,Medicine,,tablet,No,100,Tablet,,Strip,10,,Box,10,,2
Desvenlafaxine 100mg,Desvenlafaxine 100mg,Medicine,,tablet,No,100,Tablet,,Strip,10,,Box,10,,2
Mirtazapine 7.5mg,Mirtazapine 7.5mg,Medicine,,tablet,No,100,Tablet,,Strip,10,,Box,10,,2
Mirtazapine 30mg,Mirtazapine 30mg,Medicine,,tablet,No,100,Tablet,,Strip,10,,Box,10,,2
Bupropion SR 150mg,Bupropion SR 150mg,Medicine,,tablet,No,100,Tablet,,Strip,10,,Box,10,,2
Bupropion SR 300mg,Bupropion SR 300mg,Medicine,,tablet,No,100,Tablet,,Strip,10,,Box,10,,2
Vortioxetine 5mg,Vortioxetine 5mg,Medicine,,tablet,No,100,Tablet,,Strip,10,,Box,10,,2
Vortioxetine 10mg,Vortioxetine 10mg,Medicine,,tablet,No,100,Tablet,,Strip,10,,Box,10,,2
Amitriptyline 50mg,Amitriptyline 50mg,Medicine,,tablet,No,100,Tablet,,Strip,10,,Box,10,,2
Amitriptyline 75mg,Amitriptyline 75mg,Medicine,,tablet,No,100,Tablet,,Strip,10,,Box,10,,2
Imipramine 25mg,Imipramine 25mg,Medicine,,tablet,No,100,Tablet,,Strip,10,,Box,10,,2
Imipramine 75mg,Imipramine 75mg,Medicine,,tablet,No,100,Tablet,,Strip,10,,Box,10,,2
Nortriptyline 10mg,Nortriptyline 10mg,Medicine,,tablet,No,100,Tablet,,Strip,10,,Box,10,,2
Dosulepin 25mg,Dosulepin 25mg,Medicine,,tablet,No,100,Tablet,,Strip,10,,Box,10,,2
Dosulepin 75mg,Dosulepin 75mg,Medicine,,tablet,No,100,Tablet,,Strip,10,,Box,10,,2
Olanzapine 2.5mg,Olanzapine 2.5mg,Medicine,,tablet,No,100,Tablet,,Strip,10,,Box,10,,2
Olanzapine 7.5mg,Olanzapine 7.5mg,Medicine,,tablet,No,100,Tablet,,Strip,10,,Box,10,,2
Olanzapine 15mg,Olanzapine 15mg,Medicine,,tablet,No,100,Tablet,,Strip,10,,Box,10,,2
Olanzapine 20mg,Olanzapine 20mg,Medicine,,tablet,No,100,Tablet,,Strip,10,,Box,10,,2
Olanzapine 5mg + Fluoxetine 20mg,Olanzapine + Fluoxetine,Medicine,,tablet,No,100,Tablet,,Strip,10,,Box,10,,2
Olanzapine 10mg Mouth Dissolving,Olanzapine 10mg orally disintegrating,Medicine,,tablet,No,100,Tablet,,Strip,10,,Box,10,,2
Risperidone 0.5mg,Risperidone 0.5mg,Medicine,,tablet,No,100,Tablet,,Strip,10,,Box,10,,2
Risperidone 1mg,Risperidone 1mg,Medicine,,tablet,No,100,Tablet,,Strip,10,,Box,10,,2
Risperidone 3mg,Risperidone 3mg,Medicine,,tablet,No,100,Tablet,,Strip,10,,Box,10,,2
Risperidone 4mg,Risperidone 4mg,Medicine,,tablet,No,100,Tablet,,Strip,10,,Box,10,,2
Risperidone Oral Solution 30ml,Risperidone 1mg/ml,Medicine,,bottle,No,10,Bottle,,,,,,,,1
Quetiapine 50mg,Quetiapine 50mg,Medicine,,tablet,No,100,Tablet,,Strip,10,,Box,10,,2
Quetiapine 200mg,Quetiapine 200mg,Medicine,,tablet,No,100,Tablet,,Strip,10,,Box,10,,2
Quetiapine 300mg,Quetiapine 300mg,Medicine,,tablet,No,100,Tablet,,Strip,10,,Box,10,,2
Quetiapine SR 200mg,Quetiapine sustained release 200mg,Medicine,,tablet,No,100,Tablet,,Strip,10,,Box,10,,2
Aripiprazole 2mg,Aripiprazole 2mg,Medicine,,tablet,No,100,Tablet,,Strip,10,,Box,10,,2
Aripiprazole 5mg,Aripiprazole 5mg,Medicine,,tablet,No,100,Tablet,,Strip,10,,Box,10,,2
Aripiprazole 15mg,Aripiprazole 15mg,Medicine,,tablet,No,100,Tablet,,Strip,10,,Box,10,,2
Aripiprazole 20mg,Aripiprazole 20mg,Medicine,,tablet,No,100,Tablet,,Strip,10,,Box,10,,2
Amisulpride 50mg,Amisulpride 50mg,Medicine,,tablet,No,100,Tablet,,Strip,10,,Box,10,,2
Amisulpride 100mg,Amisulpride 100mg,Medicine,,tablet,No,100,Tablet,,Strip,10,,Box,10,,2
Amisulpride 200mg,Amisulpride 200mg,Medicine,,tablet,No,100,Tablet,,Strip,10,,Box,10,,2
Clozapine 25mg,Clozapine 25mg,Medicine,,tablet,No,100,Tablet,,Strip,10,,Box,10,,2
Clozapine 50mg,Clozapine 50mg,Medicine,,tablet,No,100,Tablet,,Strip,10,,Box,10,,2
Clozapine 100mg,Clozapine 100mg,Medicine,,tablet,No,100,Tablet,,Strip,10,,Box,10,,2
Haloperidol 1.5mg,Haloperidol 1.5mg,Medicine,,tablet,No,100,Tablet,,Strip,10,,Box,10,,2
Haloperidol 10mg,Haloperidol 10mg,Medicine,,tablet,No,100,Tablet,,Strip,10,,Box,10,,2
Haloperidol Decanoate Injection 1ml,Haloperidol Decanoate 50mg/ml,Medicine,,vial,No,10,Ampoule,,,,,,,,1
Trifluoperazine 1mg,Trifluoperazine 1mg,Medicine,,tablet,No,100,Tablet,,Strip,10,,Box,10,,2
Trifluoperazine 5mg,Trifluoperazine 5mg,Medicine,,tablet,No,100,Tablet,,Strip,10,,Box,10,,2
Chlorpromazine 25mg,Chlorpromazine 25mg,Medicine,,tablet,No,100,Tablet,,Strip,10,,Box,10,,2
Chlorpromazine 50mg,Chlorpromazine 50mg,Medicine,,tablet,No,100,Tablet,,Strip,10,,Box,10,,2
Chlorpromazine 100mg,Chlorpromazine 100mg,Medicine,,tablet,No,100,Tablet,,Strip,10,,Box,10,,2
Lithium Carbonate 400mg,Lithium Carbonate 400mg,Medicine,,tablet,No,100,Tablet,,Strip,10,,Box,10,,2
Lithium Carbonate SR 450mg,Lithium Carbonate sustained release 450mg,Medicine,,tablet,No,100,Tablet,,Strip,10,,Box,10,,2
Flupentixol + Melitracen 0.5mg,Flupentixol + Melitracen 0.5mg,Medicine,,tablet,No,100,Tablet,,Strip,10,,Box,10,,2
Flupentixol 0.5mg + Melitracen 10mg,Flupentixol + Melitracen,Medicine,,tablet,No,100,Tablet,,Strip,10,,Box,10,,2
Atomoxetine 10mg,Atomoxetine 10mg,Medicine,,tablet,No,100,Tablet,,Strip,10,,Box,10,,2
Atomoxetine 18mg,Atomoxetine 18mg,Medicine,,tablet,No,100,Tablet,,Strip,10,,Box,10,,2
Atomoxetine 25mg,Atomoxetine 25mg,Medicine,,tablet,No,100,Tablet,,Strip,10,,Box,10,,2
Atomoxetine 40mg,Atomoxetine 40mg,Medicine,,tablet,No,100,Tablet,,Strip,10,,Box,10,,2
Methylphenidate 5mg,Methylphenidate 5mg,Medicine,,tablet,No,100,Tablet,,Strip,10,,Box,10,,2
Methylphenidate 10mg,Methylphenidate 10mg,Medicine,,tablet,No,100,Tablet,,Strip,10,,Box,10,,2
Naltrexone 50mg,Naltrexone 50mg,Medicine,,tablet,No,100,Tablet,,Strip,10,,Box,10,,2
Acamprosate 333mg,Acamprosate 333mg,Medicine,,tablet,No,100,Tablet,,Strip,10,,Box,10,,2
Disulfiram 250mg,Disulfiram 250mg,Medicine,,tablet,No,100,Tablet,,Strip,10,,Box,10,,2
Baclofen for alcohol 10mg,Baclofen for alcohol 10mg,Medicine,,tablet,No,100,Tablet,,Strip,10,,Box,10,,2
Clotrimazole Cream 15g,Clotrimazole 1% cream,Medicine,,tube,No,6,Tube,,,,,,,,1
Clotrimazole Dusting Powder 50g,Clotrimazole 1% powder,Medicine,,bottle,No,10,Bottle,,,,,,,,1
Clotrimazole Lotion 15ml,Clotrimazole 1% lotion,Medicine,,bottle,No,10,Bottle,,,,,,,,1
Miconazole Cream 15g,Miconazole Nitrate 2% cream,Medicine,,tube,No,6,Tube,,,,,,,,1
Miconazole Dusting Powder 50g,Miconazole 2% powder,Medicine,,bottle,No,10,Bottle,,,,,,,,1
Terbinafine Cream 15g,Terbinafine 1% cream,Medicine,,tube,No,6,Tube,,,,,,,,1
Terbinafine Spray 30ml,Terbinafine 1% spray,Medicine,,bottle,No,10,Bottle,,,,,,,,1
Sertaconazole Cream 30g,Sertaconazole 2% cream,Medicine,,tube,No,6,Tube,,,,,,,,1
Sertaconazole Dusting Powder 50g,Sertaconazole 2% powder,Medicine,,bottle,No,10,Bottle,,,,,,,,1
Luliconazole Cream 20g,Luliconazole 1% cream,Medicine,,tube,No,6,Tube,,,,,,,,1
Luliconazole Lotion 30ml,Luliconazole 1% lotion,Medicine,,bottle,No,10,Bottle,,,,,,,,1
Eberconazole Cream 15g,Eberconazole 1% cream,Medicine,,tube,No,6,Tube,,,,,,,,1
Amorolfine Cream 15g,Amorolfine 0.25% cream,Medicine,,tube,No,6,Tube,,,,,,,,1
Ketoconazole + Zinc Pyrithione Cream 30g,Ketoconazole + Zinc Pyrithione,Medicine,,tube,No,6,Tube,,,,,,,,1
Ketoconazole + Zinc Pyrithione Shampoo 100ml,Antidandruff shampoo,Medicine,,bottle,No,10,Bottle,,,,,,,,1
Zinc Pyrithione Shampoo 100ml,Zinc Pyrithione 1% shampoo,Medicine,,bottle,No,10,Bottle,,,,,,,,1
Selenium Sulphide Shampoo 60ml,Selenium Sulphide 2.5% shampoo,Medicine,,bottle,No,10,Bottle,,,,,,,,1
Ciclopirox Olamine Shampoo 100ml,Ciclopirox Olamine 1% shampoo,Medicine,,bottle,No,10,Bottle,,,,,,,,1
Ciclopirox Olamine Cream 30g,Ciclopirox Olamine 1% cream,Medicine,,tube,No,6,Tube,,,,,,,,1
Ketoconazole Lotion 100ml,Ketoconazole 2% lotion,Medicine,,bottle,No,10,Bottle,,,,,,,,1
Ofloxacin + Ornidazole + Terbinafine + Clobetasol Cream 15g,Four drug skin cream,Medicine,,tube,No,6,Tube,,,,,,,,1
Beclomethasone + Clotrimazole + Neomycin Cream 15g,Three drug skin cream,Medicine,,tube,No,6,Tube,,,,,,,,1
Mometasone + Terbinafine Cream 15g,Mometasone + Terbinafine,Medicine,,tube,No,6,Tube,,,,,,,,1
Luliconazole + Mometasone Cream 15g,Luliconazole + Mometasone,Medicine,,tube,No,6,Tube,,,,,,,,1
Mometasone Lotion 30ml,Mometasone 0.1% lotion,Medicine,,tube,No,6,Tube,,,,,,,,1
Mometasone Ointment 15g,Mometasone 0.1% ointment,Medicine,,tube,No,6,Tube,,,,,,,,1
Fluticasone Cream 15g,Fluticasone Propionate 0.05% cream,Medicine,,tube,No,6,Tube,,,,,,,,1
Halobetasol Cream 15g,Halobetasol Propionate 0.05% cream,Medicine,,tube,No,6,Tube,,,,,,,,1
Halobetasol + Salicylic Acid Ointment 15g,Halobetasol + Salicylic Acid,Medicine,,tube,No,6,Tube,,,,,,,,1
Betamethasone Cream 15g,Betamethasone Valerate 0.1% cream,Medicine,,tube,No,6,Tube,,,,,,,,1
Betamethasone + Salicylic Acid Ointment 15g,Betamethasone + Salicylic Acid,Medicine,,tube,No,6,Tube,,,,,,,,1
Desonide Cream 15g,Desonide 0.05% cream,Medicine,,tube,No,6,Tube,,,,,,,,1
Clobetasol Lotion 30ml,Clobetasol Propionate 0.05% lotion,Medicine,,bottle,No,10,Bottle,,,,,,,,1
Clobetasol Scalp Solution 30ml,Clobetasol 0.05% scalp solution,Medicine,,bottle,No,10,Bottle,,,,,,,,1
Clobetasol + Salicylic Acid Ointment 15g,Clobetasol + Salicylic Acid,Medicine,,tube,No,6,Tube,,,,,,,,1
Fluocinolone Cream 15g,Fluocinolone Acetonide 0.01% cream,Medicine,,tube,No,6,Tube,,,,,,,,1
Fluocinolone Scalp Oil 60ml,Fluocinolone 0.01% scalp oil,Medicine,,bottle,No,10,Bottle,,,,,,,,1
Hydrocortisone Butyrate Cream 15g,Hydrocortisone Butyrate 0.1% cream,Medicine,,tube,No,6,Tube,,,,,,,,1
Mupirocin Cream 10g,Mupirocin 2% cream,Medicine,,tube,No,6,Tube,,,,,,,,1
Fusidic Acid Ointment 10g,Fusidic Acid 2% ointment,Medicine,,tube,No,6,Tube,,,,,,,,1
Fusidic Acid + Mometasone Cream 10g,Fusidic Acid + Mometasone,Medicine,,tube,No,6,Tube,,,,,,,,1
Nadifloxacin Cream 10g,Nadifloxacin 1% cream,Medicine,,tube,No,6,Tube,,,,,,,,1
Framycetin Cream 20g,Framycetin Sulphate 1% cream,Medicine,,tube,No,6,Tube,,,,,,,,1
Neomycin + Bacitracin Ointment 10g,Neomycin + Bacitracin,Medicine,,tube,No,6,Tube,,,,,,,,1
Povidone Iodine Ointment 20g,Povidone Iodine 5% ointment,Medicine,,tube,No,6,Tube,,,,,,,,1
Metronidazole Gel 30g,Metronidazole 1% topical gel,Medicine,,tube,No,6,Tube,,,,,,,,1
Collagen Wound Dressing Gel 20g,Collagen wound gel,Medicine,,tube,No,6,Tube,,,,,,,,1
Sucralfate + Metronidazole Ointment 20g,Wound healing ointment,Medicine,,tube,No,6,Tube,,,,,,,,1
Hydrogen Peroxide Solution 450ml,Hydrogen Peroxide 6%,Medicine,,bottle,No,10,Bottle,,,,,,,,1
Povidone Iodine Scrub 100ml,Povidone Iodine 7.5% surgical scrub,Medicine,,bottle,No,10,Bottle,,,,,,,,1
Chlorhexidine 5% Solution 500ml,Chlorhexidine Gluconate 5%,Medicine,,bottle,No,10,Bottle,,,,,,,,1
Adapalene Gel 15g,Adapalene 0.1% gel,Medicine,,tube,No,6,Tube,,,,,,,,1
Adapalene 0.3% Gel 15g,Adapalene 0.3% gel,Medicine,,tube,No,6,Tube,,,,,,,,1
Adapalene + Benzoyl Peroxide Gel 15g,Adapalene + Benzoyl Peroxide,Medicine,,tube,No,6,Tube,,,,,,,,1
Adapalene + Clindamycin Gel 15g,Adapalene + Clindamycin,Medicine,,tube,No,6,Tube,,,,,,,,1
Benzoyl Peroxide 2.5% Gel 20g,Benzoyl Peroxide 2.5% gel,Medicine,,tube,No,6,Tube,,,,,,,,1
Benzoyl Peroxide 5% Gel 20g,Benzoyl Peroxide 5% gel,Medicine,,tube,No,6,Tube,,,,,,,,1
Clindamycin + Nicotinamide Gel 15g,Clindamycin + Nicotinamide,Medicine,,tube,No,6,Tube,,,,,,,,1
Clindamycin + Adapalene Gel 20g,Clindamycin + Adapalene,Medicine,,tube,No,6,Tube,,,,,,,,1
Azelaic Acid 10% Gel 15g,Azelaic Acid 10% gel,Medicine,,tube,No,6,Tube,,,,,,,,1
Tretinoin 0.05% Cream 20g,Tretinoin 0.05% cream,Medicine,,tube,No,6,Tube,,,,,,,,1
Tretinoin 0.1% Gel 15g,Tretinoin 0.1% gel,Medicine,,tube,No,6,Tube,,,,,,,,1
Salicylic Acid Face Wash 60ml,Salicylic acid cleanser,Medicine,,bottle,No,10,Bottle,,,,,,,,1
Benzoyl Peroxide Face Wash 60ml,Benzoyl peroxide cleanser,Medicine,,bottle,No,10,Bottle,,,,,,,,1
Hydroquinone 2% Cream 20g,Hydroquinone 2% cream,Medicine,,tube,No,6,Tube,,,,,,,,1
Hydroquinone + Tretinoin + Mometasone Cream 15g,Triple combination depigmenting cream,Medicine,,tube,No,6,Tube,,,,,,,,1
Kojic Acid Cream 20g,Kojic Acid cream,Medicine,,tube,No,6,Tube,,,,,,,,1
Glycolic Acid 6% Cream 30g,Glycolic Acid 6% cream,Medicine,,tube,No,6,Tube,,,,,,,,1
Glycolic Acid Face Wash 60ml,Glycolic acid cleanser,Medicine,,bottle,No,10,Bottle,,,,,,,,1
Arbutin + Niacinamide Serum 30ml,Alpha Arbutin + Niacinamide serum,Medicine,,tube,No,6,Tube,,,,,,,,1
Vitamin C Serum 20ml,Ascorbic acid topical serum,Medicine,,tube,No,6,Tube,,,,,,,,1
Calcipotriol + Betamethasone Ointment 15g,Calcipotriol + Betamethasone,Medicine,,tube,No,6,Tube,,,,,,,,1
Coal Tar Lotion 100ml,Coal Tar lotion,Medicine,,bottle,No,10,Bottle,,,,,,,,1
Salicylic Acid + Coal Tar Ointment 30g,Salicylic Acid + Coal Tar,Medicine,,tube,No,6,Tube,,,,,,,,1
Tazarotene Gel 15g,Tazarotene 0.1% gel,Medicine,,tube,No,6,Tube,,,,,,,,1
Isotretinoin 10mg,Isotretinoin 10mg,Medicine,,capsule,No,100,Capsule,,Strip,10,,Box,10,,2
Isotretinoin 30mg,Isotretinoin 30mg,Medicine,,capsule,No,100,Capsule,,Strip,10,,Box,10,,2
Acitretin 10mg,Acitretin 10mg,Medicine,,tablet,No,100,Tablet,,Strip,10,,Box,10,,2
Acitretin 25mg,Acitretin 25mg,Medicine,,tablet,No,100,Tablet,,Strip,10,,Box,10,,2
Dapsone 100mg,Dapsone 100mg,Medicine,,tablet,No,100,Tablet,,Strip,10,,Box,10,,2
Dapsone 5% Gel 15g,Dapsone 5% topical gel,Medicine,,tube,No,6,Tube,,,,,,,,1
Permethrin 1% Lotion 60ml,Permethrin 1% lotion,Medicine,,bottle,No,10,Bottle,,,,,,,,1
Permethrin 5% Cream 30g,Permethrin 5% cream,Medicine,,tube,No,6,Tube,,,,,,,,1
Benzyl Benzoate Lotion 60ml,Benzyl Benzoate 25% lotion,Medicine,,bottle,No,10,Bottle,,,,,,,,1
Crotamiton Lotion 60ml,Crotamiton 10% lotion,Medicine,,bottle,No,10,Bottle,,,,,,,,1
Permethrin Lice Shampoo 60ml,Permethrin 1% shampoo,Medicine,,bottle,No,10,Bottle,,,,,,,,1
Salicylic Acid 12% Lotion 15ml,Salicylic Acid wart lotion,Medicine,,bottle,No,10,Bottle,,,,,,,,1
Podophyllotoxin 0.5% Solution 5ml,Podophyllotoxin solution,Medicine,,bottle,No,10,Bottle,,,,,,,,1
Imiquimod 5% Cream 5g,Imiquimod 5% cream,Medicine,,tube,No,6,Tube,,,,,,,,1
Silver Nitrate Stick,Silver nitrate cautery stick,Medicine,,tube,No,6,Tube,,,,,,,,1
Urea 10% Cream 50g,Urea 10% cream,Medicine,,tube,No,6,Tube,,,,,,,,1
Urea 40% Cream 30g,Urea 40% cream,Medicine,,tube,No,6,Tube,,,,,,,,1
Liquid Paraffin + White Soft Paraffin Cream 100g,Emollient cream,Medicine,,tube,No,6,Tube,,,,,,,,1
Ceramide Moisturising Cream 100g,Ceramide based moisturiser,Medicine,,tube,No,6,Tube,,,,,,,,1
Moisturising Lotion 200ml,Body moisturising lotion,Medicine,,bottle,No,10,Bottle,,,,,,,,1
Syndet Cleansing Bar 75g,Soap free cleansing bar,Medicine,,bottle,No,10,Bottle,,,,,,,,1
Tacrolimus 0.03% Ointment 10g,Tacrolimus 0.03% ointment,Medicine,,tube,No,6,Tube,,,,,,,,1
Pimecrolimus 1% Cream 10g,Pimecrolimus 1% cream,Medicine,,tube,No,6,Tube,,,,,,,,1
Sunscreen Lotion SPF 50 75ml,Broad spectrum sunscreen SPF 50,Medicine,,bottle,No,10,Bottle,,,,,,,,1
Sunscreen Cream SPF 30 50g,Broad spectrum sunscreen SPF 30,Medicine,,tube,No,6,Tube,,,,,,,,1
Sunscreen Gel SPF 40 60g,Broad spectrum sunscreen gel,Medicine,,bottle,No,10,Bottle,,,,,,,,1
Zinc Oxide Cream 50g,Zinc Oxide barrier cream,Medicine,,tube,No,6,Tube,,,,,,,,1
Calamine with Aloe Lotion 100ml,Calamine lotion with aloe,Medicine,,bottle,No,10,Bottle,,,,,,,,1
Minoxidil 2% Solution 60ml,Minoxidil 2% topical solution,Medicine,,bottle,No,10,Bottle,,,,,,,,1
Minoxidil 10% Solution 60ml,Minoxidil 10% topical solution,Medicine,,bottle,No,10,Bottle,,,,,,,,1
Minoxidil + Finasteride Solution 60ml,Minoxidil with Finasteride topical,Medicine,,bottle,No,10,Bottle,,,,,,,,1
Redensyl Hair Serum 60ml,Redensyl hair growth serum,Medicine,,bottle,No,10,Bottle,,,,,,,,1
Anti-Hairfall Shampoo 200ml,Hair fall control shampoo,Medicine,,bottle,No,10,Bottle,,,,,,,,1
Biotin 10mg,Biotin 10mg,Medicine,,capsule,No,100,Capsule,,Strip,10,,Box,10,,2
Biotin 5mg,Biotin 5mg,Medicine,,tablet,No,100,Tablet,,Strip,10,,Box,10,,2
Hair Multivitamin Capsule,Multivitamin for hair and nails,Medicine,,capsule,No,100,Capsule,,Strip,10,,Box,10,,2
Amorolfine Nail Lacquer 3ml,Amorolfine 5% nail lacquer,Medicine,,bottle,No,10,Bottle,,,,,,,,1
Ciclopirox Nail Lacquer 3ml,Ciclopirox 8% nail lacquer,Medicine,,bottle,No,10,Bottle,,,,,,,,1
Ketoconazole + Salicylic Acid Shampoo 100ml,Antidandruff shampoo,Medicine,,bottle,No,10,Bottle,,,,,,,,1
Calamine + Menthol Lotion 100ml,Antipruritic lotion,Medicine,,tube,No,6,Tube,,,,,,,,1
Menthol + Camphor Cream 50g,Cooling antipruritic cream,Medicine,,tube,No,6,Tube,,,,,,,,1
Antifungal Dusting Powder 100g,Antifungal dusting powder,Medicine,,tube,No,6,Tube,,,,,,,,1
Lignocaine 5% Ointment 30g,Lignocaine 5% ointment,Medicine,,tube,No,6,Tube,,,,,,,,1
Lignocaine 4% Topical Solution 30ml,Lignocaine 4% solution,Medicine,,bottle,No,10,Bottle,,,,,,,,1
Diphenhydramine Cream 20g,Diphenhydramine topical cream,Medicine,,tube,No,6,Tube,,,,,,,,1
Mupirocin + Beclomethasone Cream 10g,Mupirocin + Beclomethasone,Medicine,,tube,No,6,Tube,,,,,,,,1
Moxifloxacin + Dexamethasone Eye Drops 5ml,Moxifloxacin + Dexamethasone,Medicine,,drops,No,6,Bottle,,,,,,,,1
Moxifloxacin + Loteprednol Eye Drops 5ml,Moxifloxacin + Loteprednol,Medicine,,drops,No,6,Bottle,,,,,,,,1
Gatifloxacin + Dexamethasone Eye Drops 5ml,Gatifloxacin + Dexamethasone,Medicine,,drops,No,6,Bottle,,,,,,,,1
Ofloxacin Eye Drops 5ml,Ofloxacin 0.3% eye drops,Medicine,,drops,No,6,Bottle,,,,,,,,1
Ofloxacin + Dexamethasone Eye Drops 5ml,Ofloxacin + Dexamethasone,Medicine,,drops,No,6,Bottle,,,,,,,,1
Tobramycin Eye Drops 5ml,Tobramycin 0.3% eye drops,Medicine,,drops,No,6,Bottle,,,,,,,,1
Tobramycin Eye Ointment 3.5g,Tobramycin 0.3% eye ointment,Medicine,,tube,No,6,Tube,,,,,,,,1
Levofloxacin Eye Drops 5ml,Levofloxacin 0.5% eye drops,Medicine,,drops,No,6,Bottle,,,,,,,,1
Besifloxacin Eye Drops 5ml,Besifloxacin 0.6% eye drops,Medicine,,drops,No,6,Bottle,,,,,,,,1
Natamycin Eye Drops 5ml,Natamycin 5% eye suspension,Medicine,,drops,No,6,Bottle,,,,,,,,1
Voriconazole Eye Drops 5ml,Voriconazole 1% eye drops,Medicine,,drops,No,6,Bottle,,,,,,,,1
Acyclovir Eye Ointment 5g,Acyclovir 3% eye ointment,Medicine,,tube,No,6,Tube,,,,,,,,1
Ganciclovir Eye Gel 5g,Ganciclovir 0.15% eye gel,Medicine,,drops,No,6,Bottle,,,,,,,,1
Gentamicin Eye Ointment 5g,Gentamicin 0.3% eye ointment,Medicine,,tube,No,6,Tube,,,,,,,,1
Sulphacetamide Eye Drops 10ml,Sulphacetamide 10% eye drops,Medicine,,drops,No,6,Bottle,,,,,,,,1
Prednisolone Acetate Eye Drops 5ml,Prednisolone Acetate 1% eye drops,Medicine,,drops,No,6,Bottle,,,,,,,,1
Dexamethasone + Chloramphenicol Eye Drops 10ml,Dexamethasone + Chloramphenicol,Medicine,,drops,No,6,Bottle,,,,,,,,1
Fluorometholone Eye Drops 5ml,Fluorometholone 0.1% eye drops,Medicine,,drops,No,6,Bottle,,,,,,,,1
Loteprednol Eye Drops 5ml,Loteprednol Etabonate 0.5% eye drops,Medicine,,drops,No,6,Bottle,,,,,,,,1
Difluprednate Eye Drops 5ml,Difluprednate 0.05% eye emulsion,Medicine,,drops,No,6,Bottle,,,,,,,,1
Nepafenac Eye Drops 5ml,Nepafenac 0.1% eye drops,Medicine,,drops,No,6,Bottle,,,,,,,,1
Bromfenac Eye Drops 5ml,Bromfenac 0.09% eye drops,Medicine,,drops,No,6,Bottle,,,,,,,,1
Ketorolac Eye Drops 5ml,Ketorolac Tromethamine 0.5% eye drops,Medicine,,drops,No,6,Bottle,,,,,,,,1
Olopatadine 0.2% Eye Drops 5ml,Olopatadine 0.2% eye drops,Medicine,,drops,No,6,Bottle,,,,,,,,1
Ketotifen Eye Drops 5ml,Ketotifen Fumarate 0.025% eye drops,Medicine,,drops,No,6,Bottle,,,,,,,,1
Sodium Cromoglycate Eye Drops 10ml,Sodium Cromoglycate 2% eye drops,Medicine,,drops,No,6,Bottle,,,,,,,,1
Azelastine Eye Drops 5ml,Azelastine 0.05% eye drops,Medicine,,drops,No,6,Bottle,,,,,,,,1
Cyclosporine Eye Drops 3ml,Cyclosporine 0.05% eye emulsion,Medicine,,drops,No,6,Bottle,,,,,,,,1
Carboxymethylcellulose 0.5% Eye Drops 10ml,Carboxymethylcellulose 0.5%,Medicine,,drops,No,6,Bottle,,,,,,,,1
Carboxymethylcellulose 1% Eye Drops 10ml,Carboxymethylcellulose 1%,Medicine,,drops,No,6,Bottle,,,,,,,,1
Sodium Hyaluronate Eye Drops 10ml,Sodium Hyaluronate 0.1% eye drops,Medicine,,drops,No,6,Bottle,,,,,,,,1
Hydroxypropyl Methylcellulose Eye Drops 10ml,HPMC 0.3% eye drops,Medicine,,drops,No,6,Bottle,,,,,,,,1
Polyethylene Glycol + Propylene Glycol Eye Drops 10ml,Lubricant eye drops,Medicine,,drops,No,6,Bottle,,,,,,,,1
Carbomer Eye Gel 10g,Carbomer 0.2% eye gel,Medicine,,tube,No,6,Tube,,,,,,,,1
Timolol 0.25% Eye Drops 5ml,Timolol Maleate 0.25% eye drops,Medicine,,drops,No,6,Bottle,,,,,,,,1
Latanoprost Eye Drops 2.5ml,Latanoprost 0.005% eye drops,Medicine,,drops,No,6,Bottle,,,,,,,,1
Bimatoprost Eye Drops 3ml,Bimatoprost 0.01% eye drops,Medicine,,drops,No,6,Bottle,,,,,,,,1
Travoprost Eye Drops 2.5ml,Travoprost 0.004% eye drops,Medicine,,drops,No,6,Bottle,,,,,,,,1
Latanoprost + Timolol Eye Drops 2.5ml,Latanoprost + Timolol,Medicine,,drops,No,6,Bottle,,,,,,,,1
Bimatoprost + Timolol Eye Drops 3ml,Bimatoprost + Timolol,Medicine,,drops,No,6,Bottle,,,,,,,,1
Brimonidine Eye Drops 5ml,Brimonidine Tartrate 0.15% eye drops,Medicine,,drops,No,6,Bottle,,,,,,,,1
Brimonidine + Timolol Eye Drops 5ml,Brimonidine + Timolol,Medicine,,drops,No,6,Bottle,,,,,,,,1
Dorzolamide Eye Drops 5ml,Dorzolamide 2% eye drops,Medicine,,drops,No,6,Bottle,,,,,,,,1
Brinzolamide Eye Drops 5ml,Brinzolamide 1% eye suspension,Medicine,,drops,No,6,Bottle,,,,,,,,1
Brinzolamide + Brimonidine Eye Drops 5ml,Brinzolamide + Brimonidine,Medicine,,drops,No,6,Bottle,,,,,,,,1
Pilocarpine Eye Drops 5ml,Pilocarpine 2% eye drops,Medicine,,drops,No,6,Bottle,,,,,,,,1
Acetazolamide 500mg SR,Acetazolamide SR 500mg,Medicine,,tablet,No,100,Tablet,,Strip,10,,Box,10,,2
Tropicamide + Phenylephrine Eye Drops 5ml,Tropicamide + Phenylephrine,Medicine,,drops,No,6,Bottle,,,,,,,,1
Cyclopentolate Eye Drops 5ml,Cyclopentolate 1% eye drops,Medicine,,drops,No,6,Bottle,,,,,,,,1
Atropine Eye Drops 5ml,Atropine Sulphate 1% eye drops,Medicine,,drops,No,6,Bottle,,,,,,,,1
Atropine Eye Ointment 5g,Atropine 1% eye ointment,Medicine,,tube,No,6,Tube,,,,,,,,1
Proparacaine Eye Drops 5ml,Proparacaine 0.5% eye drops,Medicine,,drops,No,6,Bottle,,,,,,,,1
Fluorescein Eye Drops 5ml,Fluorescein Sodium 2% eye drops,Medicine,,drops,No,6,Bottle,,,,,,,,1
Fluorescein Strips,Fluorescein sodium ophthalmic strips,Consumable,,box,No,10,Piece,,,,,,,,1
Carbachol Intraocular Solution,Carbachol 0.01% intraocular,Medicine,,drops,No,6,Bottle,,,,,,,,1
Lutein + Zeaxanthin Tablet,Lutein with Zeaxanthin and antioxidants,Medicine,,tablet,No,100,Tablet,,Strip,10,,Box,10,,2
Eye Vitamin Capsule,Multivitamin for eye health,Medicine,,capsule,No,100,Capsule,,Strip,10,,Box,10,,2
Ciprofloxacin Ear Drops 5ml,Ciprofloxacin 0.3% ear drops,Medicine,,drops,No,6,Bottle,,,,,,,,1
Ofloxacin + Dexamethasone Ear Drops 5ml,Ofloxacin + Dexamethasone ear drops,Medicine,,drops,No,6,Bottle,,,,,,,,1
Neomycin + Polymyxin + Hydrocortisone Ear Drops 5ml,Antibiotic steroid ear drops,Medicine,,drops,No,6,Bottle,,,,,,,,1
Chloramphenicol Ear Drops 10ml,Chloramphenicol 5% ear drops,Medicine,,drops,No,6,Bottle,,,,,,,,1
Lignocaine + Phenazone Ear Drops 10ml,Analgesic ear drops,Medicine,,drops,No,6,Bottle,,,,,,,,1
Carbamide Peroxide Ear Drops 10ml,Carbamide Peroxide 6.5% ear drops,Medicine,,drops,No,6,Bottle,,,,,,,,1
Olive Oil Ear Drops 10ml,Olive oil ear drops,Medicine,,drops,No,6,Bottle,,,,,,,,1
Ear Bud Soft,Cotton ear buds,Other,,box,No,10,Piece,,,,,,,,1
Chlorhexidine + Sodium Fluoride Mouthwash 150ml,Chlorhexidine with fluoride mouthwash,Medicine,,bottle,No,10,Bottle,,,,,,,,1
Povidone Iodine Mouthwash 100ml,Povidone Iodine 1% mouthwash,Medicine,,bottle,No,10,Bottle,,,,,,,,1
Benzydamine Mouthwash 100ml,Benzydamine 0.15% mouthwash,Medicine,,bottle,No,10,Bottle,,,,,,,,1
Benzydamine Throat Spray 30ml,Benzydamine throat spray,Medicine,,bottle,No,10,Bottle,,,,,,,,1
Choline Salicylate + Lignocaine Gel 15g,Oral ulcer gel,Medicine,,tube,No,6,Tube,,,,,,,,1
Triamcinolone Oral Paste 5g,Triamcinolone Acetonide 0.1% oral paste,Medicine,,tube,No,6,Tube,,,,,,,,1
Benzocaine Oral Gel 10g,Benzocaine 20% oral gel,Medicine,,tube,No,6,Tube,,,,,,,,1
Vitamin B Complex for mouth ulcers,Vitamin B complex with zinc,Medicine,,tablet,No,100,Tablet,,Strip,10,,Box,10,,2
Chlorhexidine Lozenges,Chlorhexidine throat lozenges,Medicine,,box,No,5,Box,,,,,,,,1
Amoxicillin Throat Lozenges,Antiseptic throat lozenges,Medicine,,box,No,5,Box,,,,,,,,1
Ginger Lemon Lozenges,Herbal throat lozenges,Other,,box,No,5,Box,,,,,,,,1
Clove Oil 10ml,Clove oil for toothache,Other,,tube,No,6,Tube,,,,,,,,1
Potassium Nitrate Toothpaste 70g,Toothpaste for sensitive teeth,Other,,tube,No,6,Tube,,,,,,,,1
Fluoride Gel 50g,Topical fluoride gel,Medicine,,tube,No,6,Tube,,,,,,,,1
Fluoride Mouth Rinse 250ml,Sodium fluoride mouth rinse,Medicine,,bottle,No,10,Bottle,,,,,,,,1
Interdental Brush,Interdental cleaning brush,Other,,box,No,10,Piece,,,,,,,,1
Tongue Cleaner,Stainless steel tongue cleaner,Other,,box,No,10,Piece,,,,,,,,1
Denture Adhesive Cream 20g,Denture fixative cream,Other,,box,No,10,Piece,,,,,,,,1
Denture Cleaning Tablets,Effervescent denture cleanser,Other,,box,No,5,Box,,,,,,,,1
Orthodontic Wax,Dental relief wax,Other,,box,No,10,Piece,,,,,,,,1
Calcium Carbonate 500mg + Vitamin D3 400 IU,Calcium with Vitamin D3,Medicine,,tablet,No,100,Tablet,,Strip,10,,Box,10,,2
Calcium Carbonate 625mg + Vitamin D3 400 IU,Calcium with Vitamin D3,Medicine,,tablet,No,100,Tablet,,Strip,10,,Box,10,,2
Calcium Citrate 500mg + Vitamin D3 200 IU,Calcium Citrate with Vitamin D3,Medicine,,tablet,No,100,Tablet,,Strip,10,,Box,10,,2
Calcium + Vitamin D3 + Magnesium + Zinc Tablet,Calcium with minerals,Medicine,,tablet,No,100,Tablet,,Strip,10,,Box,10,,2
Calcium + Vitamin K2-7 + D3 Tablet,Calcium with K2-7 and D3,Medicine,,tablet,No,100,Tablet,,Strip,10,,Box,10,,2
Calcium Syrup 200ml,Calcium with Vitamin D3 syrup,Medicine,,bottle,No,10,Bottle,,,,,,,,1
Calcium Sachet Orange,Calcium with Vitamin D3 effervescent,Medicine,,sachet,No,30,Sachet,,Strip,10,,Box,10,,2
Calcium Effervescent Tablet,Calcium with Vitamin C effervescent,Medicine,,tablet,No,100,Tablet,,Strip,10,,Box,10,,2
Coral Calcium Tablet,Coral calcium with Vitamin D3,Medicine,,tablet,No,100,Tablet,,Strip,10,,Box,10,,2
Cholecalciferol 60000 IU Granules,"Cholecalciferol 60,000 IU granules",Medicine,,sachet,No,30,Sachet,,Strip,10,,Box,10,,2
Cholecalciferol 60000 IU Soft Gel,"Cholecalciferol 60,000 IU",Medicine,,capsule,No,100,Capsule,,Strip,10,,Box,10,,2
Cholecalciferol 1000 IU Chewable,Cholecalciferol 1000 IU chewable,Medicine,,tablet,No,100,Tablet,,Strip,10,,Box,10,,2
Cholecalciferol Drops 30ml,Cholecalciferol 400 IU/ml,Medicine,,drops,No,6,Bottle,,,,,,,,1
Vitamin D3 6 Lakh Injection,"Cholecalciferol 6,00,000 IU",Medicine,,vial,No,10,Vial,,,,,,,,1
Ferrous Fumarate 300mg + Folic Acid 1.5mg,Ferrous Fumarate + Folic Acid,Medicine,,tablet,No,100,Tablet,,Strip,10,,Box,10,,2
Carbonyl Iron + Folic Acid + Vitamin B12,Carbonyl Iron with vitamins,Medicine,,tablet,No,100,Tablet,,Strip,10,,Box,10,,2
Ferrous Ascorbate 100mg + Folic Acid 1.5mg + Zinc,Iron with folic acid and zinc,Medicine,,capsule,No,100,Capsule,,Strip,10,,Box,10,,2
Iron + Folic Acid + Vitamin B12 + Zinc Tablet,Haematinic tablet,Medicine,,tablet,No,100,Tablet,,Strip,10,,Box,10,,2
Ferrous Ascorbate Syrup 200ml,Ferrous Ascorbate with Folic Acid,Medicine,,bottle,No,10,Bottle,,,,,,,,1
Iron Drops for Infants 15ml,Ferrous ascorbate paediatric drops,Medicine,,drops,No,6,Bottle,,,,,,,,1
Iron Polymaltose Complex Capsule,Iron Polymaltose Complex,Medicine,,capsule,No,100,Capsule,,Strip,10,,Box,10,,2
Iron Polymaltose Syrup 150ml,Iron Polymaltose Complex syrup,Medicine,,bottle,No,10,Bottle,,,,,,,,1
Ferric Carboxymaltose 500mg Injection,Ferric Carboxymaltose 500mg/10ml,Medicine,,vial,No,10,Vial,,,,,,,,1
Iron Sucrose 100mg Injection 5ml,Iron Sucrose 100mg,Medicine,,vial,No,10,Vial,,,,,,,,1
Folic Acid 1mg,Folic Acid 1mg,Medicine,,tablet,No,100,Tablet,,Strip,10,,Box,10,,2
Folic Acid 5mg + Vitamin B12,Folic Acid with Vitamin B12,Medicine,,tablet,No,100,Tablet,,Strip,10,,Box,10,,2
Erythropoietin 4000 IU Injection,Recombinant Human Erythropoietin 4000 IU,Medicine,,vial,No,10,Vial,,,,,,,,1
Erythropoietin 10000 IU Injection,Recombinant Human Erythropoietin 10000 IU,Medicine,,vial,No,10,Vial,,,,,,,,1
Vitamin B1 100mg,Thiamine 100mg,Medicine,,tablet,No,100,Tablet,,Strip,10,,Box,10,,2
Vitamin B2 10mg,Riboflavin 10mg,Medicine,,tablet,No,100,Tablet,,Strip,10,,Box,10,,2
Vitamin B6 50mg,Pyridoxine 50mg,Medicine,,tablet,No,100,Tablet,,Strip,10,,Box,10,,2
Vitamin B6 100mg,Pyridoxine 100mg,Medicine,,tablet,No,100,Tablet,,Strip,10,,Box,10,,2
Vitamin B12 500mcg,Cyanocobalamin 500mcg,Medicine,,tablet,No,100,Tablet,,Strip,10,,Box,10,,2
Methylcobalamin 750mcg,Methylcobalamin 750mcg,Medicine,,tablet,No,100,Tablet,,Strip,10,,Box,10,,2
Methylcobalamin 1000mcg,Methylcobalamin 1000mcg,Medicine,,tablet,No,100,Tablet,,Strip,10,,Box,10,,2
Methylcobalamin + Folic Acid + Pyridoxine,Methylcobalamin combination,Medicine,,capsule,No,100,Capsule,,Strip,10,,Box,10,,2
Vitamin B Complex with Zinc Tablet,B complex with zinc,Medicine,,tablet,No,100,Tablet,,Strip,10,,Box,10,,2
Vitamin B Complex Capsule with Vitamin C,B complex with Vitamin C,Medicine,,capsule,No,100,Capsule,,Strip,10,,Box,10,,2
Vitamin B Complex Syrup 200ml,Vitamin B complex syrup,Medicine,,bottle,No,10,Bottle,,,,,,,,1
Vitamin B Complex Drops 15ml,Vitamin B complex drops,Medicine,,drops,No,6,Bottle,,,,,,,,1
Niacinamide 500mg,Niacinamide 500mg,Medicine,,tablet,No,100,Tablet,,Strip,10,,Box,10,,2
Benfotiamine 150mg,Benfotiamine 150mg,Medicine,,capsule,No,100,Capsule,,Strip,10,,Box,10,,2
Benfotiamine + Methylcobalamin + Alpha Lipoic Acid,Neurotropic vitamin combination,Medicine,,capsule,No,100,Capsule,,Strip,10,,Box,10,,2
Vitamin C 1000mg Effervescent,Ascorbic Acid 1000mg effervescent,Medicine,,tablet,No,100,Tablet,,Strip,10,,Box,10,,2
Vitamin C 500mg Chewable,Ascorbic Acid 500mg chewable,Medicine,,tablet,No,100,Tablet,,Strip,10,,Box,10,,2
Vitamin C + Zinc Tablet,Ascorbic Acid with Zinc,Medicine,,tablet,No,100,Tablet,,Strip,10,,Box,10,,2
Vitamin E 200mg,Vitamin E 200mg,Medicine,,capsule,No,100,Capsule,,Strip,10,,Box,10,,2
Vitamin E 600mg,Vitamin E 600mg,Medicine,,capsule,No,100,Capsule,,Strip,10,,Box,10,,2
Vitamin A 25000 IU,"Retinol 25,000 IU",Medicine,,capsule,No,100,Capsule,,Strip,10,,Box,10,,2
Vitamin A + D Drops 15ml,Vitamin A and D drops,Medicine,,drops,No,6,Bottle,,,,,,,,1
Vitamin K 10mg,Menadione 10mg,Medicine,,tablet,No,100,Tablet,,Strip,10,,Box,10,,2
Vitamin K2-7 100mcg,Menaquinone-7 100mcg,Medicine,,tablet,No,100,Tablet,,Strip,10,,Box,10,,2
Multivitamin Multimineral Tablet,Multivitamin with minerals,Medicine,,tablet,No,100,Tablet,,Strip,10,,Box,10,,2
Multivitamin Multimineral Capsule,Multivitamin with minerals,Medicine,,capsule,No,100,Capsule,,Strip,10,,Box,10,,2
Multivitamin Syrup 200ml,Multivitamin syrup,Medicine,,bottle,No,10,Bottle,,,,,,,,1
Multivitamin Drops 15ml,Multivitamin drops for infants,Medicine,,drops,No,6,Bottle,,,,,,,,1
Multivitamin with Ginseng Capsule,Multivitamin with ginseng,Medicine,,tablet,No,100,Tablet,,Strip,10,,Box,10,,2
Multivitamin with Antioxidants Tablet,Multivitamin with antioxidants,Medicine,,tablet,No,100,Tablet,,Strip,10,,Box,10,,2
Multivitamin Effervescent Tablet,Multivitamin effervescent,Medicine,,tablet,No,100,Tablet,,Strip,10,,Box,10,,2
Iron and Vitamin Tonic 200ml,Haematinic tonic,Medicine,,bottle,No,10,Bottle,,,,,,,,1
Appetite and Growth Syrup 200ml,Nutritional tonic for children,Medicine,,bottle,No,10,Bottle,,,,,,,,1
Prenatal Multivitamin Tablet,Multivitamin for pregnancy,Medicine,,tablet,No,100,Tablet,,Strip,10,,Box,10,,2
Antioxidant with Lycopene Capsule,Lycopene with antioxidants,Medicine,,capsule,No,100,Capsule,,Strip,10,,Box,10,,2
Lycopene 2000mcg Capsule,Lycopene 2000mcg,Medicine,,capsule,No,100,Capsule,,Strip,10,,Box,10,,2
Wheat Germ Oil Capsule,Wheat germ oil with vitamin E,Medicine,,capsule,No,100,Capsule,,Strip,10,,Box,10,,2
Evening Primrose Oil 500mg,Evening Primrose Oil 500mg,Medicine,,capsule,No,100,Capsule,,Strip,10,,Box,10,,2
Fish Oil 1000mg Capsule,Omega-3 fish oil 1000mg,Medicine,,capsule,No,100,Capsule,,Strip,10,,Box,10,,2
Krill Oil Capsule,Krill oil omega-3,Medicine,,capsule,No,100,Capsule,,Strip,10,,Box,10,,2
Flaxseed Oil Capsule,Flaxseed oil omega-3,Medicine,,capsule,No,100,Capsule,,Strip,10,,Box,10,,2
Coenzyme Q10 100mg,Coenzyme Q10 100mg,Medicine,,tablet,No,100,Tablet,,Strip,10,,Box,10,,2
Coenzyme Q10 with Omega-3,Coenzyme Q10 with omega-3,Medicine,,capsule,No,100,Capsule,,Strip,10,,Box,10,,2
L-Arginine + Proanthocyanidin Sachet,L-Arginine with proanthocyanidin,Medicine,,capsule,No,100,Capsule,,Strip,10,,Box,10,,2
L-Arginine Sachet 3g,L-Arginine 3g,Medicine,,sachet,No,30,Sachet,,Strip,10,,Box,10,,2
L-Carnitine 500mg,Levocarnitine 500mg,Medicine,,tablet,No,100,Tablet,,Strip,10,,Box,10,,2
L-Carnitine Syrup 200ml,Levocarnitine syrup,Medicine,,bottle,No,10,Bottle,,,,,,,,1
Taurine 500mg,Taurine 500mg,Medicine,,tablet,No,100,Tablet,,Strip,10,,Box,10,,2
Zinc Gluconate 50mg,Zinc Gluconate 50mg,Medicine,,tablet,No,100,Tablet,,Strip,10,,Box,10,,2
Zinc Acetate 50mg,Zinc Acetate 50mg,Medicine,,tablet,No,100,Tablet,,Strip,10,,Box,10,,2
Zinc 20mg Dispersible Sachet,Zinc Sulphate 20mg,Medicine,,sachet,No,30,Sachet,,Strip,10,,Box,10,,2
Magnesium Oxide 400mg,Magnesium Oxide 400mg,Medicine,,tablet,No,100,Tablet,,Strip,10,,Box,10,,2
Magnesium Glycinate 100mg,Magnesium Glycinate 100mg,Medicine,,tablet,No,100,Tablet,,Strip,10,,Box,10,,2
Potassium Citrate 1100mg,Potassium Citrate 1100mg,Medicine,,tablet,No,100,Tablet,,Strip,10,,Box,10,,2
Selenium 100mcg,Selenium 100mcg,Medicine,,tablet,No,100,Tablet,,Strip,10,,Box,10,,2
Chromium Picolinate 200mcg,Chromium Picolinate 200mcg,Medicine,,tablet,No,100,Tablet,,Strip,10,,Box,10,,2
Iodine 150mcg,Potassium Iodide 150mcg,Medicine,,tablet,No,100,Tablet,,Strip,10,,Box,10,,2
Electrolyte Energy Drink Sachet,Electrolyte with glucose,Other,,sachet,No,30,Sachet,,Strip,10,,Box,10,,2
Whey Protein Powder 400g,Whey protein supplement,Other,,box,No,5,Box,,,,,,,,1
Soya Protein Powder 200g,Soya protein supplement,Other,,box,No,5,Box,,,,,,,,1
Protein Powder for Diabetics 400g,"Protein supplement, sugar free",Other,,box,No,5,Box,,,,,,,,1
High Protein Powder Chocolate 400g,Protein supplement,Other,,box,No,5,Box,,,,,,,,1
Renal Nutrition Powder 400g,Nutrition powder for kidney patients,Other,,box,No,5,Box,,,,,,,,1
Diabetic Nutrition Powder 400g,Nutrition powder for diabetics,Other,,box,No,5,Box,,,,,,,,1
Paediatric Nutrition Powder 400g,Children's nutrition powder,Other,,box,No,5,Box,,,,,,,,1
Malt Based Health Drink 500g,Malt health drink,Other,,box,No,5,Box,,,,,,,,1
Glucose Powder 500g,Glucose with vitamin C,Other,,box,No,5,Box,,,,,,,,1
Isotonic Glucose Powder 1kg,Glucose powder,Other,,box,No,5,Box,,,,,,,,1
Ready to Drink Nutrition 200ml,Liquid nutrition supplement,Other,,bottle,No,10,Bottle,,,,,,,,1
Glucosamine 1500mg,Glucosamine Sulphate 1500mg,Medicine,,tablet,No,100,Tablet,,Strip,10,,Box,10,,2
Glucosamine 1500mg Sachet,Glucosamine Sulphate 1500mg,Medicine,,sachet,No,30,Sachet,,Strip,10,,Box,10,,2
Collagen Peptide Tablet,Hydrolysed collagen peptide,Medicine,,tablet,No,100,Tablet,,Strip,10,,Box,10,,2
Collagen Peptide Powder Sachet,Hydrolysed collagen peptide,Medicine,,sachet,No,30,Sachet,,Strip,10,,Box,10,,2
Methylsulfonylmethane 500mg,MSM 500mg,Medicine,,tablet,No,100,Tablet,,Strip,10,,Box,10,,2
Boswellia Serrata 400mg,Boswellia Serrata extract,Medicine,,tablet,No,100,Tablet,,Strip,10,,Box,10,,2
Curcumin 500mg,Curcumin with piperine,Medicine,,tablet,No,100,Tablet,,Strip,10,,Box,10,,2
Turmeric Extract Capsule,Curcuminoid extract,Medicine,,capsule,No,100,Capsule,,Strip,10,,Box,10,,2
Milk Thistle 200mg,Silybum marianum extract,Medicine,,tablet,No,100,Tablet,,Strip,10,,Box,10,,2
Saw Palmetto 320mg,Saw Palmetto extract,Medicine,,capsule,No,100,Capsule,,Strip,10,,Box,10,,2
Ashwagandha 500mg,Withania somnifera extract,Medicine,,tablet,No,100,Tablet,,Strip,10,,Box,10,,2
Shilajit Capsule,Purified shilajit,Other,,tablet,No,100,Tablet,,Strip,10,,Box,10,,2
Spirulina 500mg,Spirulina 500mg,Other,,capsule,No,100,Capsule,,Strip,10,,Box,10,,2
Garlic Oil Capsule,Garlic oil 500mg,Other,,capsule,No,100,Capsule,,Strip,10,,Box,10,,2
Probiotic with Prebiotic Tablet,Probiotic with prebiotic,Medicine,,tablet,No,100,Tablet,,Strip,10,,Box,10,,2
Melatonin with L-Theanine Capsule,Melatonin with L-Theanine,Medicine,,capsule,No,100,Capsule,,Strip,10,,Box,10,,2
Sugar Free Tablet 100s,Aspartame sweetener tablets,Other,,tablet,No,100,Tablet,,Strip,10,,Box,10,,2
Sugar Free Liquid 100ml,Sucralose liquid sweetener,Other,,bottle,No,10,Bottle,,,,,,,,1
Progesterone 100mg,Natural Micronised Progesterone 100mg,Medicine,,capsule,No,100,Capsule,,Strip,10,,Box,10,,2
Progesterone 300mg,Natural Micronised Progesterone 300mg,Medicine,,capsule,No,100,Capsule,,Strip,10,,Box,10,,2
Progesterone 400mg Vaginal,Natural Micronised Progesterone 400mg,Medicine,,capsule,No,100,Capsule,,Strip,10,,Box,10,,2
Progesterone SR 200mg,Progesterone sustained release 200mg,Medicine,,tablet,No,100,Tablet,,Strip,10,,Box,10,,2
Hydroxyprogesterone Caproate 250mg Injection,Hydroxyprogesterone Caproate 250mg,Medicine,,vial,No,10,Vial,,,,,,,,1
Dydrogesterone 10mg Film Coated,Dydrogesterone 10mg,Medicine,,tablet,No,100,Tablet,,Strip,10,,Box,10,,2
Medroxyprogesterone 5mg,Medroxyprogesterone 5mg,Medicine,,tablet,No,100,Tablet,,Strip,10,,Box,10,,2
Medroxyprogesterone 150mg Injection,Medroxyprogesterone Acetate 150mg,Medicine,,vial,No,10,Vial,,,,,,,,1
Norethisterone 5mg,Norethisterone 5mg,Medicine,,tablet,No,100,Tablet,,Strip,10,,Box,10,,2
Estradiol Valerate 2mg,Estradiol Valerate 2mg,Medicine,,tablet,No,100,Tablet,,Strip,10,,Box,10,,2
Conjugated Estrogens 0.625mg,Conjugated Estrogens 0.625mg,Medicine,,tablet,No,100,Tablet,,Strip,10,,Box,10,,2
Estriol Vaginal Cream 15g,Estriol 1mg/g vaginal cream,Medicine,,tube,No,6,Tube,,,,,,,,1
Tibolone 2.5mg,Tibolone 2.5mg,Medicine,,tablet,No,100,Tablet,,Strip,10,,Box,10,,2
Ormeloxifene 60mg,Ormeloxifene 60mg,Medicine,,tablet,No,100,Tablet,,Strip,10,,Box,10,,2
Ulipristal Acetate 30mg,Ulipristal Acetate 30mg,Medicine,,tablet,No,100,Tablet,,Strip,10,,Box,10,,2
Letrozole 2.5mg with Folic Acid,Letrozole with Folic Acid,Medicine,,tablet,No,100,Tablet,,Strip,10,,Box,10,,2
Clomiphene 25mg,Clomiphene Citrate 25mg,Medicine,,tablet,No,100,Tablet,,Strip,10,,Box,10,,2
Metformin 500mg for PCOS,Metformin 500mg,Medicine,,tablet,No,100,Tablet,,Strip,10,,Box,10,,2
Myo-Inositol + D-Chiro Inositol Tablet,Myo-Inositol with D-Chiro Inositol,Medicine,,tablet,No,100,Tablet,,Strip,10,,Box,10,,2
Myo-Inositol Sachet,Myo-Inositol with folic acid,Medicine,,sachet,No,30,Sachet,,Strip,10,,Box,10,,2
N-Acetyl Cysteine 600mg for PCOS,N-Acetylcysteine 600mg,Medicine,,tablet,No,100,Tablet,,Strip,10,,Box,10,,2
Spironolactone 50mg for PCOS,Spironolactone 50mg,Medicine,,tablet,No,100,Tablet,,Strip,10,,Box,10,,2
Cyproterone 2mg + Ethinylestradiol 0.035mg,Cyproterone + Ethinylestradiol,Medicine,,tablet,No,100,Tablet,,Strip,10,,Box,10,,2
Drospirenone 3mg + Ethinylestradiol 0.03mg,Drospirenone + Ethinylestradiol,Medicine,,tablet,No,100,Tablet,,Strip,10,,Box,10,,2
Desogestrel 0.15mg + Ethinylestradiol 0.03mg,Desogestrel + Ethinylestradiol,Medicine,,tablet,No,100,Tablet,,Strip,10,,Box,10,,2
Levonorgestrel 0.15mg + Ethinylestradiol 0.03mg,Levonorgestrel + Ethinylestradiol,Medicine,,tablet,No,100,Tablet,,Strip,10,,Box,10,,2
Levonorgestrel 0.75mg,Levonorgestrel 0.75mg,Medicine,,tablet,No,100,Tablet,,Strip,10,,Box,10,,2
Centchroman 30mg,Centchroman 30mg,Medicine,,tablet,No,100,Tablet,,Strip,10,,Box,10,,2
Copper T 380A,Intrauterine contraceptive device,Consumable,,box,No,10,Piece,,,,,,,,1
Multiload IUD,Intrauterine contraceptive device,Consumable,,box,No,10,Piece,,,,,,,,1
Human Chorionic Gonadotropin 5000 IU Injection,hCG 5000 IU,Medicine,,vial,No,10,Vial,,,,,,,,1
Follicle Stimulating Hormone 75 IU Injection,FSH 75 IU,Medicine,,vial,No,10,Vial,,,,,,,,1
Gonadotropin 150 IU Injection,Human Menopausal Gonadotropin 150 IU,Medicine,,vial,No,10,Vial,,,,,,,,1
Folic Acid 5mg + Iron + Calcium Tablet,Antenatal supplement,Medicine,,tablet,No,100,Tablet,,Strip,10,,Box,10,,2
DHA 200mg Capsule,Docosahexaenoic Acid 200mg,Medicine,,tablet,No,100,Tablet,,Strip,10,,Box,10,,2
DHA with Folic Acid Capsule,DHA with folic acid for pregnancy,Medicine,,capsule,No,100,Capsule,,Strip,10,,Box,10,,2
Calcium 500mg + Vitamin D3 for pregnancy,Calcium with Vitamin D3,Medicine,,tablet,No,100,Tablet,,Strip,10,,Box,10,,2
Iron + Folic Acid Tablet for pregnancy,Iron with folic acid,Medicine,,tablet,No,100,Tablet,,Strip,10,,Box,10,,2
Isoxsuprine 10mg,Isoxsuprine Hydrochloride 10mg,Medicine,,tablet,No,100,Tablet,,Strip,10,,Box,10,,2
Isoxsuprine SR 40mg,Isoxsuprine sustained release 40mg,Medicine,,tablet,No,100,Tablet,,Strip,10,,Box,10,,2
Isoxsuprine Injection 2ml,Isoxsuprine 10mg/2ml,Medicine,,vial,No,10,Vial,,,,,,,,1
Nifedipine 10mg for tocolysis,Nifedipine 10mg,Medicine,,tablet,No,100,Tablet,,Strip,10,,Box,10,,2
Magnesium Sulphate 50% Injection 10ml,Magnesium Sulphate 50%,Medicine,,vial,No,10,Vial,,,,,,,,1
Oxytocin Injection 1ml 10 IU,Oxytocin 10 IU/ml,Medicine,,vial,No,10,Vial,,,,,,,,1
Carboprost 125mcg Injection,Carboprost Tromethamine 125mcg,Medicine,,vial,No,10,Vial,,,,,,,,1
Misoprostol 25mcg,Misoprostol 25mcg,Medicine,,tablet,No,100,Tablet,,Strip,10,,Box,10,,2
Mifepristone + Misoprostol Kit,Mifepristone 200mg with Misoprostol,Medicine,,box,No,5,Box,,,,,,,,1
Methylergometrine 0.25mg,Methylergometrine 0.25mg,Medicine,,tablet,No,100,Tablet,,Strip,10,,Box,10,,2
Cabergoline 0.5mg for lactation,Cabergoline 0.5mg,Medicine,,tablet,No,100,Tablet,,Strip,10,,Box,10,,2
Domperidone 10mg for lactation,Domperidone 10mg,Medicine,,tablet,No,100,Tablet,,Strip,10,,Box,10,,2
Lanolin Nipple Cream 15g,Purified lanolin nipple cream,Other,,tube,No,6,Tube,,,,,,,,1
Stretch Mark Oil 100ml,Stretch mark prevention oil,Other,,bottle,No,10,Bottle,,,,,,,,1
Stretch Mark Cream 50g,Stretch mark cream,Other,,tube,No,6,Tube,,,,,,,,1
Clotrimazole Vaginal Tablet 200mg,Clotrimazole 200mg vaginal tablet,Medicine,,box,No,10,Piece,,,,,,,,1
Clotrimazole Vaginal Tablet 500mg,Clotrimazole 500mg vaginal tablet,Medicine,,box,No,10,Piece,,,,,,,,1
Clotrimazole Vaginal Cream 30g,Clotrimazole 2% vaginal cream,Medicine,,tube,No,6,Tube,,,,,,,,1
Clindamycin Vaginal Suppository 100mg,Clindamycin 100mg suppository,Medicine,,box,No,10,Piece,,,,,,,,1
Clindamycin Vaginal Cream 30g,Clindamycin 2% vaginal cream,Medicine,,tube,No,6,Tube,,,,,,,,1
Metronidazole Vaginal Suppository,Metronidazole vaginal suppository,Medicine,,box,No,10,Piece,,,,,,,,1
Metronidazole Vaginal Gel 30g,Metronidazole 0.75% vaginal gel,Medicine,,tube,No,6,Tube,,,,,,,,1
Clotrimazole + Metronidazole Vaginal Tablet,Clotrimazole + Metronidazole,Medicine,,box,No,10,Piece,,,,,,,,1
Fluconazole 150mg Single Dose,Fluconazole 150mg,Medicine,,box,No,10,Piece,,,,,,,,1
Intimate Wash 100ml,Intimate hygiene wash,Other,,bottle,No,10,Bottle,,,,,,,,1
Lactic Acid Intimate Wash 100ml,Lactic acid intimate wash,Other,,bottle,No,10,Bottle,,,,,,,,1
Vaginal Moisturiser Gel 30g,Vaginal moisturising gel,Other,,tube,No,6,Tube,,,,,,,,1
Vaginal Probiotic Capsule,Lactobacillus vaginal capsule,Medicine,,box,No,10,Piece,,,,,,,,1
Tamsulosin 0.2mg,Tamsulosin 0.2mg,Medicine,,capsule,No,100,Capsule,,Strip,10,,Box,10,,2
Tamsulosin 0.4mg + Solifenacin 6mg,Tamsulosin + Solifenacin,Medicine,,tablet,No,100,Tablet,,Strip,10,,Box,10,,2
Silodosin 4mg,Silodosin 4mg,Medicine,,tablet,No,100,Tablet,,Strip,10,,Box,10,,2
Silodosin 8mg,Silodosin 8mg,Medicine,,tablet,No,100,Tablet,,Strip,10,,Box,10,,2
Alfuzosin 10mg,Alfuzosin SR 10mg,Medicine,,tablet,No,100,Tablet,,Strip,10,,Box,10,,2
Prazosin 5mg,Prazosin XL 5mg,Medicine,,tablet,No,100,Tablet,,Strip,10,,Box,10,,2
Terazosin 2mg,Terazosin 2mg,Medicine,,tablet,No,100,Tablet,,Strip,10,,Box,10,,2
Dutasteride 0.5mg + Tamsulosin 0.4mg,Dutasteride + Tamsulosin,Medicine,,tablet,No,100,Tablet,,Strip,10,,Box,10,,2
Sildenafil 25mg,Sildenafil 25mg,Medicine,,tablet,No,100,Tablet,,Strip,10,,Box,10,,2
Tadalafil 5mg,Tadalafil 5mg,Medicine,,tablet,No,100,Tablet,,Strip,10,,Box,10,,2
Tadalafil 2.5mg,Tadalafil 2.5mg,Medicine,,tablet,No,100,Tablet,,Strip,10,,Box,10,,2
Vardenafil 20mg,Vardenafil 20mg,Medicine,,tablet,No,100,Tablet,,Strip,10,,Box,10,,2
Udenafil 100mg,Udenafil 100mg,Medicine,,tablet,No,100,Tablet,,Strip,10,,Box,10,,2
Dapoxetine 30mg,Dapoxetine 30mg,Medicine,,tablet,No,100,Tablet,,Strip,10,,Box,10,,2
Dapoxetine 60mg,Dapoxetine 60mg,Medicine,,tablet,No,100,Tablet,,Strip,10,,Box,10,,2
Sildenafil 50mg + Dapoxetine 30mg,Sildenafil + Dapoxetine,Medicine,,tablet,No,100,Tablet,,Strip,10,,Box,10,,2
Lignocaine Delay Spray 20ml,Lignocaine topical spray,Medicine,,bottle,No,10,Bottle,,,,,,,,1
Testosterone Undecanoate 40mg,Testosterone Undecanoate 40mg,Medicine,,tablet,No,100,Tablet,,Strip,10,,Box,10,,2
Testosterone Enanthate 250mg Injection,Testosterone Enanthate 250mg,Medicine,,vial,No,10,Vial,,,,,,,,1
Testosterone Gel 1% 50g,Testosterone 1% topical gel,Medicine,,tube,No,6,Tube,,,,,,,,1
Zinc + Selenium + Lycopene for fertility,Male fertility supplement,Medicine,,tablet,No,100,Tablet,,Strip,10,,Box,10,,2
L-Carnitine + Coenzyme Q10 Sachet,Male fertility supplement,Medicine,,sachet,No,30,Sachet,,Strip,10,,Box,10,,2
Solifenacin 10mg,Solifenacin 10mg,Medicine,,tablet,No,100,Tablet,,Strip,10,,Box,10,,2
Tolterodine 2mg,Tolterodine 2mg,Medicine,,tablet,No,100,Tablet,,Strip,10,,Box,10,,2
Tolterodine ER 4mg,Tolterodine extended release 4mg,Medicine,,tablet,No,100,Tablet,,Strip,10,,Box,10,,2
Mirabegron 25mg,Mirabegron 25mg,Medicine,,tablet,No,100,Tablet,,Strip,10,,Box,10,,2
Mirabegron 50mg,Mirabegron 50mg,Medicine,,tablet,No,100,Tablet,,Strip,10,,Box,10,,2
Trospium 20mg,Trospium Chloride 20mg,Medicine,,tablet,No,100,Tablet,,Strip,10,,Box,10,,2
Flavoxate 200mg,Flavoxate 200mg,Medicine,,tablet,No,100,Tablet,,Strip,10,,Box,10,,2
Oxybutynin ER 10mg,Oxybutynin extended release 10mg,Medicine,,tablet,No,100,Tablet,,Strip,10,,Box,10,,2
Potassium Citrate Syrup 100ml,Potassium Citrate syrup,Medicine,,bottle,No,10,Bottle,,,,,,,,1
Disodium Hydrogen Citrate Syrup 100ml,Disodium Hydrogen Citrate,Medicine,,bottle,No,10,Bottle,,,,,,,,1
Potassium Magnesium Citrate Sachet,Potassium Magnesium Citrate,Medicine,,sachet,No,30,Sachet,,Strip,10,,Box,10,,2
Sodium Bicarbonate 500mg for kidney,Sodium Bicarbonate 500mg,Medicine,,tablet,No,100,Tablet,,Strip,10,,Box,10,,2
Sevelamer 400mg,Sevelamer Carbonate 400mg,Medicine,,tablet,No,100,Tablet,,Strip,10,,Box,10,,2
Sevelamer 800mg,Sevelamer Carbonate 800mg,Medicine,,tablet,No,100,Tablet,,Strip,10,,Box,10,,2
Calcium Acetate 667mg,Calcium Acetate 667mg,Medicine,,tablet,No,100,Tablet,,Strip,10,,Box,10,,2
Lanthanum Carbonate 500mg,Lanthanum Carbonate 500mg,Medicine,,tablet,No,100,Tablet,,Strip,10,,Box,10,,2
Cinacalcet 30mg,Cinacalcet 30mg,Medicine,,tablet,No,100,Tablet,,Strip,10,,Box,10,,2
Ketoanalogue Tablet,Ketoanalogues of essential amino acids,Medicine,,sachet,No,30,Sachet,,Strip,10,,Box,10,,2
Nephro Protein Powder 200g,Renal nutrition powder,Other,,sachet,No,30,Sachet,,Strip,10,,Box,10,,2
Cystone Syrup 200ml,Ayurvedic for urinary stones,Other,Himalaya,bottle,No,10,Bottle,,,,,,,,1
Neeri Syrup 200ml,Ayurvedic for urinary stones,Other,Aimil,bottle,No,10,Bottle,,,,,,,,1
Neeri Tablet,Ayurvedic for urinary stones,Other,Aimil,tablet,No,100,Tablet,,Strip,10,,Box,10,,2
Tamsulosin with Tadalafil,Tamsulosin 0.4mg + Tadalafil 5mg,Medicine,,tablet,No,100,Tablet,,Strip,10,,Box,10,,2
Phenazopyridine 200mg,Phenazopyridine 200mg,Medicine,,tablet,No,100,Tablet,,Strip,10,,Box,10,,2
Methenamine Hippurate 1g,Methenamine Hippurate 1g,Medicine,,tablet,No,100,Tablet,,Strip,10,,Box,10,,2
D-Mannose Sachet,D-Mannose for urinary health,Other,,sachet,No,30,Sachet,,Strip,10,,Box,10,,2
Paracetamol Suspension 250mg 60ml,Paracetamol 250mg/5ml,Medicine,,bottle,No,10,Bottle,,,,,,,,1
Paracetamol Suspension 120mg 100ml,Paracetamol 120mg/5ml,Medicine,,bottle,No,10,Bottle,,,,,,,,1
Paracetamol Infant Drops 30ml,Paracetamol 100mg/ml,Medicine,,drops,No,6,Bottle,,,,,,,,1
Paracetamol 250mg Dispersible,Paracetamol 250mg dispersible,Medicine,,tablet,No,100,Tablet,,Strip,10,,Box,10,,2
Paracetamol 125mg Dispersible,Paracetamol 125mg dispersible,Medicine,,tablet,No,100,Tablet,,Strip,10,,Box,10,,2
Ibuprofen Suspension 100ml,Ibuprofen 100mg/5ml,Medicine,,bottle,No,10,Bottle,,,,,,,,1
Ibuprofen Infant Drops 15ml,Ibuprofen 100mg/ml,Medicine,,drops,No,6,Bottle,,,,,,,,1
Mefenamic Acid Suspension 100ml,Mefenamic Acid 50mg/5ml,Medicine,,bottle,No,10,Bottle,,,,,,,,1
Nimesulide Paediatric Suspension 30ml,Nimesulide 50mg/5ml,Medicine,,bottle,No,10,Bottle,,,,,,,,1
Amoxicillin Dry Syrup 30ml 250mg,Amoxicillin 250mg/5ml,Medicine,,bottle,No,10,Bottle,,,,,,,,1
Amoxicillin 125mg Dispersible,Amoxicillin 125mg dispersible,Medicine,,tablet,No,100,Tablet,,Strip,10,,Box,10,,2
Amoxicillin 250mg Dispersible,Amoxicillin 250mg dispersible,Medicine,,tablet,No,100,Tablet,,Strip,10,,Box,10,,2
Amoxicillin + Clavulanate 228.5mg Dispersible,Amoxicillin 200mg + Clavulanate 28.5mg,Medicine,,tablet,No,100,Tablet,,Strip,10,,Box,10,,2
Amoxicillin + Clavulanate 457mg Dispersible,Amoxicillin 400mg + Clavulanate 57mg,Medicine,,tablet,No,100,Tablet,,Strip,10,,Box,10,,2
Cefixime 50mg Dispersible,Cefixime 50mg dispersible,Medicine,,tablet,No,100,Tablet,,Strip,10,,Box,10,,2
Cefixime 100mg Dispersible,Cefixime 100mg dispersible,Medicine,,tablet,No,100,Tablet,,Strip,10,,Box,10,,2
Cefpodoxime 50mg Dispersible,Cefpodoxime 50mg dispersible,Medicine,,tablet,No,100,Tablet,,Strip,10,,Box,10,,2
Cefpodoxime 100mg Dispersible,Cefpodoxime 100mg dispersible,Medicine,,tablet,No,100,Tablet,,Strip,10,,Box,10,,2
Cefuroxime Dry Syrup 30ml,Cefuroxime 125mg/5ml,Medicine,,bottle,No,10,Bottle,,,,,,,,1
Cefuroxime 125mg Dispersible,Cefuroxime Axetil 125mg dispersible,Medicine,,tablet,No,100,Tablet,,Strip,10,,Box,10,,2
Azithromycin Dry Syrup 200mg 15ml,Azithromycin 200mg/5ml,Medicine,,bottle,No,10,Bottle,,,,,,,,1
Azithromycin 100mg Dispersible,Azithromycin 100mg dispersible,Medicine,,tablet,No,100,Tablet,,Strip,10,,Box,10,,2
Azithromycin 200mg Dispersible,Azithromycin 200mg dispersible,Medicine,,tablet,No,100,Tablet,,Strip,10,,Box,10,,2
Cephalexin Dry Syrup 30ml 250mg,Cephalexin 250mg/5ml,Medicine,,bottle,No,10,Bottle,,,,,,,,1
Cotrimoxazole Suspension 100ml,Sulfamethoxazole + Trimethoprim suspension,Medicine,,bottle,No,10,Bottle,,,,,,,,1
Ofloxacin Paediatric Suspension 30ml,Ofloxacin 50mg/5ml,Medicine,,bottle,No,10,Bottle,,,,,,,,1
Cefdinir Dry Syrup 30ml,Cefdinir 125mg/5ml,Medicine,,bottle,No,10,Bottle,,,,,,,,1
Ornidazole 250mg Dispersible,Ornidazole 250mg dispersible,Medicine,,tablet,No,100,Tablet,,Strip,10,,Box,10,,2
Cefixime + Ofloxacin Dry Syrup 30ml,Cefixime + Ofloxacin suspension,Medicine,,bottle,No,10,Bottle,,,,,,,,1
Paediatric Dry Cough Syrup 60ml,Dextromethorphan paediatric syrup,Medicine,,bottle,No,10,Bottle,,,,,,,,1
Paediatric Expectorant Syrup 60ml,Guaiphenesin paediatric syrup,Medicine,,bottle,No,10,Bottle,,,,,,,,1
Ambroxol + Guaiphenesin Paediatric Syrup 60ml,Ambroxol with Guaiphenesin,Medicine,,bottle,No,10,Bottle,,,,,,,,1
Nasal Saline Drops for Infants 10ml,Sodium Chloride 0.65% nasal drops,Medicine,,drops,No,6,Bottle,,,,,,,,1
Levosalbutamol + Ambroxol + Guaiphenesin Syrup 60ml,Paediatric cough syrup,Medicine,,bottle,No,10,Bottle,,,,,,,,1
Montelukast + Levocetirizine Paediatric Syrup 30ml,Montelukast with Levocetirizine,Medicine,,bottle,No,10,Bottle,,,,,,,,1
Montelukast 4mg Chewable,Montelukast 4mg chewable,Medicine,,tablet,No,100,Tablet,,Strip,10,,Box,10,,2
Montelukast 5mg Chewable,Montelukast 5mg chewable,Medicine,,tablet,No,100,Tablet,,Strip,10,,Box,10,,2
Salbutamol Paediatric Syrup 60ml,Salbutamol 2mg/5ml,Medicine,,bottle,No,10,Bottle,,,,,,,,1
Budesonide Respules 0.5mg for children,Budesonide 0.5mg/2ml,Medicine,,vial,No,10,Vial,,,,,,,,1
Simethicone Paediatric Drops 30ml,Simethicone 40mg/ml,Medicine,,drops,No,6,Bottle,,,,,,,,1
Dill Oil + Fennel + Simethicone Drops 30ml,Colic relief drops,Medicine,,drops,No,6,Bottle,,,,,,,,1
Gripe Water 150ml,Ayurvedic gripe water,Other,,bottle,No,10,Bottle,,,,,,,,1
Domperidone Paediatric Suspension 30ml,Domperidone 1mg/ml,Medicine,,bottle,No,10,Bottle,,,,,,,,1
Ondansetron Paediatric Syrup 30ml,Ondansetron 2mg/5ml,Medicine,,bottle,No,10,Bottle,,,,,,,,1
Ondansetron 4mg Mouth Dissolving for children,Ondansetron 4mg orally disintegrating,Medicine,,tablet,No,100,Tablet,,Strip,10,,Box,10,,2
Albendazole Suspension 20ml,Albendazole 200mg/5ml,Medicine,,bottle,No,10,Bottle,,,,,,,,1
Albendazole 400mg Chewable,Albendazole 400mg chewable,Medicine,,tablet,No,100,Tablet,,Strip,10,,Box,10,,2
Mebendazole Suspension 30ml,Mebendazole 100mg/5ml,Medicine,,bottle,No,10,Bottle,,,,,,,,1
Zinc + ORS Paediatric Pack,Zinc with oral rehydration salts,Medicine,,sachet,No,30,Sachet,,Strip,10,,Box,10,,2
Zinc Paediatric Syrup 60ml,Zinc 20mg/5ml,Medicine,,bottle,No,10,Bottle,,,,,,,,1
Zinc Drops 15ml,Zinc 10mg/ml,Medicine,,drops,No,6,Bottle,,,,,,,,1
Lactulose Paediatric Syrup 100ml,Lactulose 10g/15ml,Medicine,,bottle,No,10,Bottle,,,,,,,,1
Probiotic Drops for Infants 5ml,Lactobacillus reuteri drops,Medicine,,sachet,No,30,Sachet,,Strip,10,,Box,10,,2
Probiotic Sachet for Children,Probiotic powder sachet,Medicine,,sachet,No,30,Sachet,,Strip,10,,Box,10,,2
Digestive Enzyme Paediatric Syrup 100ml,Digestive enzyme syrup,Medicine,,bottle,No,10,Bottle,,,,,,,,1
Multivitamin Paediatric Syrup 100ml,Multivitamin syrup for children,Medicine,,bottle,No,10,Bottle,,,,,,,,1
Multivitamin Infant Drops 30ml,Multivitamin drops,Medicine,,drops,No,6,Bottle,,,,,,,,1
Calcium Paediatric Syrup 200ml,Calcium with Vitamin D3 syrup,Medicine,,bottle,No,10,Bottle,,,,,,,,1
Calcium + Vitamin D3 Drops 30ml,Calcium with Vitamin D3 drops,Medicine,,drops,No,6,Bottle,,,,,,,,1
Iron Paediatric Syrup 100ml,Iron with folic acid syrup,Medicine,,bottle,No,10,Bottle,,,,,,,,1
Lysine + Multivitamin Syrup 200ml,Lysine with B complex,Medicine,,bottle,No,10,Bottle,,,,,,,,1
Appetite Stimulant Syrup 200ml,Cyproheptadine with tricholine,Medicine,,bottle,No,10,Bottle,,,,,,,,1
Vitamin D3 1000 IU Chewable for children,Cholecalciferol 1000 IU chewable,Medicine,,tablet,No,100,Tablet,,Strip,10,,Box,10,,2
Multivitamin Gummies,Multivitamin gummy tablets,Other,,tablet,No,100,Tablet,,Strip,10,,Box,10,,2
Vitamin C Gummies,Vitamin C gummy tablets,Other,,tablet,No,100,Tablet,,Strip,10,,Box,10,,2
Omega-3 DHA Syrup 100ml,DHA syrup for children,Medicine,,bottle,No,10,Bottle,,,,,,,,1
Protein Syrup for Children 200ml,Protein and vitamin syrup,Medicine,,bottle,No,10,Bottle,,,,,,,,1
Infant Formula Stage 1 400g,Infant milk formula 0-6 months,Other,,box,No,5,Box,,,,,,,,1
Infant Formula Stage 2 400g,Follow on formula 6-12 months,Other,,box,No,5,Box,,,,,,,,1
Infant Formula Stage 3 400g,Growing up milk formula,Other,,box,No,5,Box,,,,,,,,1
Soy Based Infant Formula 400g,Soy protein infant formula,Other,,box,No,5,Box,,,,,,,,1
Lactose Free Infant Formula 400g,Lactose free infant formula,Other,,box,No,5,Box,,,,,,,,1
Preterm Infant Formula 400g,Formula for low birth weight infants,Other,,box,No,5,Box,,,,,,,,1
Infant Cereal Rice 300g,Rice based infant cereal,Other,,box,No,5,Box,,,,,,,,1
Infant Cereal Mixed Fruit 300g,Infant cereal with fruit,Other,,box,No,5,Box,,,,,,,,1
Baby Massage Oil 100ml,Baby massage oil,Other,,bottle,No,10,Bottle,,,,,,,,1
Baby Rash Cream 30g,Zinc oxide nappy rash cream,Other,,tube,No,6,Tube,,,,,,,,1
Baby Body Wash 200ml,Gentle baby body wash,Other,,bottle,No,10,Bottle,,,,,,,,1
Baby Wipes 80s,Fragrance free baby wipes,Other,,box,No,5,Box,,,,,,,,1
Baby Feeding Bottle 150ml,Feeding bottle,Other,,box,No,10,Piece,,,,,,,,1
Sipper Cup,Children's sipper cup,Other,,box,No,10,Piece,,,,,,,,1
Digital Baby Thermometer,Digital thermometer for infants,Other,,box,No,10,Piece,,,,,,,,1
Medicine Dropper,Oral medicine dropper,Consumable,,box,No,10,Piece,,,,,,,,1
Nasal Saline Spray for Infants,Saline nasal spray,Medicine,,box,No,10,Piece,,,,,,,,1
Teething Gel 15g,Teething relief gel,Other,,box,No,5,Box,,,,,,,,1
Baby Cologne 100ml,Baby cologne,Other,,bottle,No,10,Bottle,,,,,,,,1
Cloth Nappy Pack,Reusable cloth nappies,Other,,box,No,5,Box,,,,,,,,1
Paediatric Moisturising Cream 100g,Emollient cream for children,Medicine,,tube,No,6,Tube,,,,,,,,1
Paediatric Sunscreen Lotion 75ml,Sunscreen for children,Other,,bottle,No,10,Bottle,,,,,,,,1
Permethrin 2.5% Cream for children 30g,Permethrin 2.5% cream,Medicine,,tube,No,6,Tube,,,,,,,,1
Paediatric Antifungal Powder 50g,Antifungal dusting powder,Medicine,,bottle,No,10,Bottle,,,,,,,,1
Paediatric Antibiotic Eye Drops 5ml,Chloramphenicol eye drops,Medicine,,drops,No,6,Bottle,,,,,,,,1
Head Lice Treatment Lotion 60ml,Permethrin lice lotion,Medicine,,bottle,No,10,Bottle,,,,,,,,1
Calamine Lotion for children 100ml,Calamine lotion,Medicine,,tube,No,6,Tube,,,,,,,,1
Ceftriaxone 1g + Tazobactam 125mg Injection,Ceftriaxone + Tazobactam,Medicine,,vial,No,10,Vial,,,,,,,,1
Ceftriaxone 2g + Sulbactam 1g Injection,Ceftriaxone + Sulbactam,Medicine,,vial,No,10,Vial,,,,,,,,1
Cefuroxime 1.5g Injection,Cefuroxime 1.5g,Medicine,,vial,No,10,Vial,,,,,,,,1
Cefotaxime 250mg Injection,Cefotaxime 250mg,Medicine,,vial,No,10,Vial,,,,,,,,1
Ceftazidime 250mg Injection,Ceftazidime 250mg,Medicine,,vial,No,10,Vial,,,,,,,,1
Ceftazidime + Avibactam Injection,Ceftazidime 2g + Avibactam 500mg,Medicine,,vial,No,10,Vial,,,,,,,,1
Cefepime 2g Injection,Cefepime 2g,Medicine,,vial,No,10,Vial,,,,,,,,1
Cefazolin 1g Injection,Cefazolin 1g,Medicine,,vial,No,10,Vial,,,,,,,,1
Cefoxitin 1g Injection,Cefoxitin 1g,Medicine,,vial,No,10,Vial,,,,,,,,1
Amoxicillin 500mg Injection,Amoxicillin 500mg,Medicine,,vial,No,10,Vial,,,,,,,,1
Ampicillin 1g Injection,Ampicillin 1g,Medicine,,vial,No,10,Vial,,,,,,,,1
Piperacillin + Tazobactam 1.125g Injection,Piperacillin 1g + Tazobactam 125mg,Medicine,,vial,No,10,Vial,,,,,,,,1
Meropenem 250mg Injection,Meropenem 250mg,Medicine,,vial,No,10,Vial,,,,,,,,1
Meropenem + Vaborbactam Injection,Meropenem with Vaborbactam,Medicine,,vial,No,10,Vial,,,,,,,,1
Doripenem 500mg Injection,Doripenem 500mg,Medicine,,vial,No,10,Vial,,,,,,,,1
Aztreonam 1g Injection,Aztreonam 1g,Medicine,,vial,No,10,Vial,,,,,,,,1
Vancomycin 250mg Injection,Vancomycin 250mg,Medicine,,vial,No,10,Vial,,,,,,,,1
Daptomycin 500mg Injection,Daptomycin 500mg,Medicine,,vial,No,10,Vial,,,,,,,,1
Tigecycline 50mg Injection,Tigecycline 50mg,Medicine,,vial,No,10,Vial,,,,,,,,1
Linezolid 600mg Infusion 300ml,Linezolid 600mg/300ml,Medicine,,vial,No,10,Vial,,,,,,,,1
Metronidazole Infusion 100ml 500mg,Metronidazole 500mg/100ml,Medicine,,vial,No,10,Vial,,,,,,,,1
Ornidazole Infusion 100ml,Ornidazole 500mg/100ml,Medicine,,vial,No,10,Vial,,,,,,,,1
Azithromycin 500mg Injection,Azithromycin 500mg,Medicine,,vial,No,10,Vial,,,,,,,,1
Clarithromycin 500mg Injection,Clarithromycin 500mg,Medicine,,vial,No,10,Vial,,,,,,,,1
Doxycycline 100mg Injection,Doxycycline 100mg,Medicine,,vial,No,10,Vial,,,,,,,,1
Netilmicin 300mg Injection,Netilmicin 300mg,Medicine,,vial,No,10,Vial,,,,,,,,1
Isepamicin 200mg Injection,Isepamicin 200mg,Medicine,,vial,No,10,Vial,,,,,,,,1
Rifampicin 600mg Injection,Rifampicin 600mg,Medicine,,vial,No,10,Vial,,,,,,,,1
Dexamethasone Injection 1ml,Dexamethasone 4mg/ml,Medicine,,vial,No,10,Ampoule,,,,,,,,1
Betamethasone Injection 2ml,Betamethasone 4mg/ml,Medicine,,vial,No,10,Ampoule,,,,,,,,1
Methylprednisolone 1g Injection,Methylprednisolone 1g,Medicine,,vial,No,10,Vial,,,,,,,,1
Methylprednisolone 125mg Injection,Methylprednisolone 125mg,Medicine,,vial,No,10,Vial,,,,,,,,1
Diclofenac Injection 1ml,Diclofenac 25mg/ml,Medicine,,vial,No,10,Ampoule,,,,,,,,1
Paracetamol Injection 100ml,Paracetamol 1g/100ml,Medicine,,vial,No,10,Ampoule,,,,,,,,1
Ketorolac Injection 2ml,Ketorolac 60mg/2ml,Medicine,,vial,No,10,Ampoule,,,,,,,,1
Tramadol Injection 1ml,Tramadol 50mg/ml,Medicine,,vial,Yes,10,Ampoule,,,,,,,,1
Pentazocine Injection 1ml,Pentazocine 30mg/ml,Medicine,,vial,No,10,Ampoule,,,,,,,,1
Hyoscine Injection 1ml,Hyoscine Butylbromide 20mg/ml,Medicine,,vial,No,10,Ampoule,,,,,,,,1
Atropine Injection 10ml,Atropine 0.6mg/ml,Medicine,,vial,No,10,Ampoule,,,,,,,,1
Neostigmine Injection 1ml,Neostigmine 0.5mg/ml,Medicine,,vial,No,10,Ampoule,,,,,,,,1
Glycopyrrolate Injection 1ml,Glycopyrrolate 0.2mg/ml,Medicine,,vial,No,10,Ampoule,,,,,,,,1
Naloxone Injection 1ml,Naloxone 0.4mg/ml,Medicine,,vial,No,10,Ampoule,,,,,,,,1
Flumazenil Injection 5ml,Flumazenil 0.5mg/5ml,Medicine,,vial,No,10,Ampoule,,,,,,,,1
Calcium Gluconate Injection 10ml 10%,Calcium Gluconate 10%,Medicine,,vial,No,10,Ampoule,,,,,,,,1
Sodium Bicarbonate Injection 25ml,Sodium Bicarbonate 7.5%,Medicine,,vial,No,10,Ampoule,,,,,,,,1
Potassium Chloride Injection 20ml,Potassium Chloride 15%,Medicine,,vial,No,10,Ampoule,,,,,,,,1
Dextrose 25% Injection 25ml,Dextrose 25%,Medicine,,vial,No,10,Ampoule,,,,,,,,1
Dextrose 50% Injection 25ml,Dextrose 50%,Medicine,,vial,No,10,Ampoule,,,,,,,,1
Adrenaline Injection 30ml,Adrenaline 1mg/ml multidose,Medicine,,vial,No,10,Ampoule,,,,,,,,1
Ephedrine Injection 1ml,Ephedrine 30mg/ml,Medicine,,vial,No,10,Ampoule,,,,,,,,1
Phenylephrine Injection 1ml,Phenylephrine 10mg/ml,Medicine,,vial,No,10,Ampoule,,,,,,,,1
Vasopressin Injection 1ml,Vasopressin 20 units/ml,Medicine,,vial,No,10,Ampoule,,,,,,,,1
Terlipressin 1mg Injection,Terlipressin 1mg,Medicine,,vial,No,10,Ampoule,,,,,,,,1
Labetalol Injection 4ml,Labetalol 20mg/4ml,Medicine,,vial,No,10,Ampoule,,,,,,,,1
Esmolol Injection 10ml,Esmolol 100mg/10ml,Medicine,,vial,No,10,Ampoule,,,,,,,,1
Nitroglycerin Injection 10ml,Nitroglycerin 50mg/10ml,Medicine,,vial,No,10,Ampoule,,,,,,,,1
Furosemide Injection 4ml,Furosemide 40mg/4ml,Medicine,,vial,No,10,Ampoule,,,,,,,,1
Hydralazine Injection 1ml,Hydralazine 20mg/ml,Medicine,,vial,No,10,Ampoule,,,,,,,,1
Amiodarone Injection 3ml,Amiodarone 150mg/3ml,Medicine,,vial,No,10,Ampoule,,,,,,,,1
Adenosine Injection 2ml,Adenosine 6mg/2ml,Medicine,,vial,No,10,Ampoule,,,,,,,,1
Lignocaine 2% Injection 5ml,Lignocaine 2%,Medicine,,vial,No,10,Ampoule,,,,,,,,1
Lignocaine with Adrenaline Injection 30ml,Lignocaine 2% with Adrenaline,Medicine,,vial,No,10,Ampoule,,,,,,,,1
Bupivacaine Heavy 0.5% Injection 4ml,Bupivacaine Heavy 0.5%,Medicine,,vial,No,10,Ampoule,,,,,,,,1
Ropivacaine 0.75% Injection 20ml,Ropivacaine 0.75%,Medicine,,vial,No,10,Ampoule,,,,,,,,1
Propofol Injection 20ml,Propofol 200mg/20ml,Medicine,,vial,No,10,Ampoule,,,,,,,,1
Ketamine Injection 10ml,Ketamine 50mg/ml,Medicine,,vial,Yes,10,Ampoule,,,,,,,,1
Thiopentone 500mg Injection,Thiopentone Sodium 500mg,Medicine,,vial,No,10,Ampoule,,,,,,,,1
Succinylcholine 500mg Injection,Succinylcholine Chloride 500mg,Medicine,,vial,No,10,Ampoule,,,,,,,,1
Atracurium Injection 2.5ml,Atracurium 25mg/2.5ml,Medicine,,vial,No,10,Ampoule,,,,,,,,1
Vecuronium 4mg Injection,Vecuronium Bromide 4mg,Medicine,,vial,No,10,Ampoule,,,,,,,,1
Normal Saline 0.9% 1000ml,Sodium Chloride 0.9% IV fluid,Medicine,,bottle,No,10,Bottle,,,,,,,,1
Normal Saline 0.45% 500ml,Sodium Chloride 0.45% IV fluid,Medicine,,bottle,No,10,Bottle,,,,,,,,1
Normal Saline 3% 500ml,Sodium Chloride 3% IV fluid,Medicine,,bottle,No,10,Bottle,,,,,,,,1
Dextrose 5% 1000ml,Dextrose 5% IV fluid,Medicine,,bottle,No,10,Bottle,,,,,,,,1
Dextrose 5% 100ml,Dextrose 5% IV fluid,Medicine,,bottle,No,10,Bottle,,,,,,,,1
Ringer Lactate 1000ml,Compound Sodium Lactate IV fluid,Medicine,,bottle,No,10,Bottle,,,,,,,,1
Isolyte-G 500ml,Multiple electrolyte IV fluid,Medicine,Baxter,bottle,No,10,Bottle,,,,,,,,1
Sterofundin 500ml,Balanced electrolyte IV fluid,Medicine,B. Braun,bottle,No,10,Bottle,,,,,,,,1
Mannitol 20% 350ml,Mannitol 20% IV infusion,Medicine,,bottle,No,10,Bottle,,,,,,,,1
Hydroxyethyl Starch 6% 500ml,Hydroxyethyl Starch 6% colloid,Medicine,,bottle,No,10,Bottle,,,,,,,,1
Gelatin Polysuccinate 500ml,Gelatin colloid infusion,Medicine,,bottle,No,10,Bottle,,,,,,,,1
Human Albumin 20% 100ml,Human Albumin 20%,Medicine,,bottle,No,10,Bottle,,,,,,,,1
Amino Acid Infusion 500ml,Amino acid parenteral nutrition,Medicine,,bottle,No,10,Bottle,,,,,,,,1
Lipid Emulsion 20% 100ml,Intravenous lipid emulsion,Medicine,,bottle,No,10,Bottle,,,,,,,,1
Multivitamin Infusion 5ml,Parenteral multivitamin,Medicine,,bottle,No,10,Bottle,,,,,,,,1
Potassium Chloride in Dextrose 500ml,Dextrose with potassium chloride,Medicine,,bottle,No,10,Bottle,,,,,,,,1
Sodium Bicarbonate Infusion 100ml,Sodium Bicarbonate 5%,Medicine,,bottle,No,10,Bottle,,,,,,,,1
Water for Injection 100ml,Sterile water for injection,Medicine,,bottle,No,10,Bottle,,,,,,,,1
Water for Injection 5ml,Sterile water for injection,Medicine,,bottle,No,10,Bottle,,,,,,,,1
Tetanus Toxoid 5ml Multidose,Tetanus Toxoid vaccine,Medicine,,vial,No,10,Vial,,,,,,,,1
Tdap Vaccine 0.5ml,"Tetanus, diphtheria and pertussis vaccine",Medicine,,vial,No,10,Vial,,,,,,,,1
Rabies Vaccine 1ml,Purified chick embryo rabies vaccine,Medicine,,vial,No,10,Vial,,,,,,,,1
Hepatitis B Vaccine 0.5ml Paediatric,Hepatitis B vaccine paediatric,Medicine,,vial,No,10,Vial,,,,,,,,1
Hepatitis A Vaccine 0.5ml,Hepatitis A vaccine,Medicine,,vial,No,10,Vial,,,,,,,,1
Hepatitis A + B Vaccine 1ml,Combined hepatitis A and B vaccine,Medicine,,vial,No,10,Vial,,,,,,,,1
MMR Vaccine 0.5ml,"Measles, mumps and rubella vaccine",Medicine,,vial,No,10,Vial,,,,,,,,1
Varicella Vaccine 0.5ml,Chickenpox vaccine,Medicine,,vial,No,10,Vial,,,,,,,,1
Pneumococcal Conjugate Vaccine 0.5ml,PCV 13 vaccine,Medicine,,vial,No,10,Vial,,,,,,,,1
Pneumococcal Polysaccharide Vaccine 0.5ml,PPSV 23 vaccine,Medicine,,vial,No,10,Vial,,,,,,,,1
Meningococcal Vaccine 0.5ml,Meningococcal conjugate vaccine,Medicine,,vial,No,10,Vial,,,,,,,,1
Japanese Encephalitis Vaccine 0.5ml,JE vaccine,Medicine,,vial,No,10,Vial,,,,,,,,1
Rotavirus Vaccine Oral,Oral rotavirus vaccine,Medicine,,vial,No,10,Vial,,,,,,,,1
DPT Vaccine 0.5ml,"Diphtheria, pertussis and tetanus vaccine",Medicine,,vial,No,10,Vial,,,,,,,,1
Pentavalent Vaccine 0.5ml,DPT with Hepatitis B and Hib,Medicine,,vial,No,10,Vial,,,,,,,,1
Oral Polio Vaccine,Oral poliovirus vaccine,Medicine,,vial,No,10,Vial,,,,,,,,1
Inactivated Polio Vaccine 0.5ml,IPV vaccine,Medicine,,vial,No,10,Vial,,,,,,,,1
BCG Vaccine,Bacillus Calmette-Guerin vaccine,Medicine,,vial,No,10,Vial,,,,,,,,1
Typhoid Conjugate Vaccine 0.5ml,Typhoid conjugate vaccine,Medicine,,vial,No,10,Vial,,,,,,,,1
Anti-D Immunoglobulin 300mcg,Anti-D Rho(D) immunoglobulin,Medicine,,vial,No,10,Vial,,,,,,,,1
Hepatitis B Immunoglobulin 100 IU,Hepatitis B immunoglobulin,Medicine,,vial,No,10,Vial,,,,,,,,1
Normal Human Immunoglobulin 5g,Intravenous immunoglobulin,Medicine,,vial,No,10,Vial,,,,,,,,1
Anti-Snake Venom Polyvalent,Polyvalent anti-snake venom,Medicine,,vial,No,10,Vial,,,,,,,,1
Anti-Rabies Monoclonal Antibody,Rabies monoclonal antibody,Medicine,,vial,No,10,Vial,,,,,,,,1
Tranexamic Acid Injection 10ml,Tranexamic Acid 1g/10ml,Medicine,,vial,No,10,Vial,,,,,,,,1
Ethamsylate Injection 2ml,Ethamsylate 250mg/2ml,Medicine,,vial,No,10,Vial,,,,,,,,1
Vitamin C Injection 5ml,Ascorbic Acid 500mg/5ml,Medicine,,vial,No,10,Vial,,,,,,,,1
Thiamine Injection 2ml,Thiamine 100mg/2ml,Medicine,,vial,No,10,Vial,,,,,,,,1
Iron Dextran Injection 2ml,Iron Dextran 100mg/2ml,Medicine,,vial,No,10,Vial,,,,,,,,1
Filgrastim 300mcg Injection,Filgrastim 300mcg,Medicine,,vial,No,10,Vial,,,,,,,,1
Octreotide 100mcg Injection,Octreotide 100mcg,Medicine,,vial,No,10,Vial,,,,,,,,1
Somatostatin 3mg Injection,Somatostatin 3mg,Medicine,,vial,No,10,Vial,,,,,,,,1
Glucagon 1mg Injection,Glucagon 1mg,Medicine,,vial,No,10,Vial,,,,,,,,1
Heparin 25000 IU Injection 5ml,Heparin 5000 IU/ml,Medicine,,vial,No,10,Vial,,,,,,,,1
Protamine Sulphate Injection 5ml,Protamine Sulphate 50mg/5ml,Medicine,,vial,No,10,Vial,,,,,,,,1
Phytomenadione Injection 0.5ml,Vitamin K1 1mg/0.5ml paediatric,Medicine,,vial,No,10,Vial,,,,,,,,1
Hydroxocobalamin Injection 1ml,Hydroxocobalamin 1000mcg,Medicine,,vial,No,10,Vial,,,,,,,,1
Pantoprazole 80mg Injection,Pantoprazole 80mg,Medicine,,vial,No,10,Vial,,,,,,,,1
Ondansetron 8mg Injection,Ondansetron 8mg,Medicine,,vial,No,10,Vial,,,,,,,,1
Granisetron 3mg Injection,Granisetron 3mg/3ml,Medicine,,vial,No,10,Vial,,,,,,,,1
Dexmedetomidine 200mcg Injection,Dexmedetomidine 200mcg/2ml,Medicine,,vial,No,10,Vial,,,,,,,,1
Insulin Regular 100 IU Vial 10ml,Human Insulin Regular 100 IU/ml,Medicine,,vial,No,10,Vial,,,,,,,,1
Himalaya Bonnisan Tablet,Ayurvedic digestive for children,Other,Himalaya,tablet,No,100,Tablet,,Strip,10,,Box,10,,2
Himalaya Lukol Tablet,Ayurvedic for leucorrhoea,Other,Himalaya,tablet,No,100,Tablet,,Strip,10,,Box,10,,2
Himalaya Evecare Tablet,Ayurvedic for menstrual health,Other,Himalaya,tablet,No,100,Tablet,,Strip,10,,Box,10,,2
Himalaya Evecare Syrup 200ml,Ayurvedic for menstrual health,Other,Himalaya,bottle,No,10,Bottle,,,,,,,,1
Himalaya Confido Tablet,Ayurvedic men's health,Other,Himalaya,tablet,No,100,Tablet,,Strip,10,,Box,10,,2
Himalaya Tentex Forte Tablet,Ayurvedic men's health,Other,Himalaya,tablet,No,100,Tablet,,Strip,10,,Box,10,,2
Himalaya Himplasia Tablet,Ayurvedic for prostate health,Other,Himalaya,tablet,No,100,Tablet,,Strip,10,,Box,10,,2
Himalaya Bresol Tablet,Ayurvedic for respiratory health,Other,Himalaya,tablet,No,100,Tablet,,Strip,10,,Box,10,,2
Himalaya Bresol Syrup 100ml,Ayurvedic for respiratory health,Other,Himalaya,bottle,No,10,Bottle,,,,,,,,1
Himalaya Pilex Tablet,Ayurvedic for piles,Other,Himalaya,tablet,No,100,Tablet,,Strip,10,,Box,10,,2
Himalaya Pilex Ointment 30g,Ayurvedic ointment for piles,Other,Himalaya,tube,No,6,Tube,,,,,,,,1
Himalaya Reosto Tablet,Ayurvedic for bone health,Other,Himalaya,tablet,No,100,Tablet,,Strip,10,,Box,10,,2
Himalaya Diarex Tablet,Ayurvedic for diarrhoea,Other,Himalaya,tablet,No,100,Tablet,,Strip,10,,Box,10,,2
Himalaya Herbolax Tablet,Ayurvedic laxative,Other,Himalaya,tablet,No,100,Tablet,,Strip,10,,Box,10,,2
Himalaya Anxocare Tablet,Ayurvedic calming formula,Other,Himalaya,tablet,No,100,Tablet,,Strip,10,,Box,10,,2
Himalaya Mentat Tablet,Ayurvedic for memory,Other,Himalaya,tablet,No,100,Tablet,,Strip,10,,Box,10,,2
Himalaya Mentat Syrup 200ml,Ayurvedic for memory,Other,Himalaya,bottle,No,10,Bottle,,,,,,,,1
Himalaya Brahmi Tablet,Bacopa monnieri extract,Other,Himalaya,tablet,No,100,Tablet,,Strip,10,,Box,10,,2
Himalaya Tulsi Tablet,Holy basil extract,Other,Himalaya,tablet,No,100,Tablet,,Strip,10,,Box,10,,2
Himalaya Neem Tablet,Neem extract,Other,Himalaya,tablet,No,100,Tablet,,Strip,10,,Box,10,,2
Himalaya Triphala Tablet,Triphala extract,Other,Himalaya,tablet,No,100,Tablet,,Strip,10,,Box,10,,2
Himalaya Guduchi Tablet,Tinospora cordifolia extract,Other,Himalaya,tablet,No,100,Tablet,,Strip,10,,Box,10,,2
Himalaya Punarnava Tablet,Boerhavia diffusa extract,Other,Himalaya,tablet,No,100,Tablet,,Strip,10,,Box,10,,2
Himalaya Karela Tablet,Bitter gourd extract,Other,Himalaya,tablet,No,100,Tablet,,Strip,10,,Box,10,,2
Himalaya Garlic Tablet,Garlic extract,Other,Himalaya,tablet,No,100,Tablet,,Strip,10,,Box,10,,2
Himalaya Gokshura Tablet,Tribulus terrestris extract,Other,Himalaya,tablet,No,100,Tablet,,Strip,10,,Box,10,,2
Himalaya Liv 52 Drops 30ml,Ayurvedic liver tonic for infants,Other,Himalaya,bottle,No,10,Bottle,,,,,,,,1
Himalaya Anti-Wrinkle Cream 50g,Anti-wrinkle face cream,Other,Himalaya,tube,No,6,Tube,,,,,,,,1
Himalaya Anti-Dandruff Shampoo 200ml,Anti-dandruff shampoo,Other,Himalaya,bottle,No,10,Bottle,,,,,,,,1
Himalaya Nourishing Skin Cream 50ml,Moisturising cream,Other,Himalaya,tube,No,6,Tube,,,,,,,,1
Himalaya Purifying Neem Pack 100g,Neem face pack,Other,Himalaya,tube,No,6,Tube,,,,,,,,1
Himalaya Protein Hair Oil 200ml,Herbal hair oil,Other,Himalaya,bottle,No,10,Bottle,,,,,,,,1
Himalaya Foot Care Cream 50g,Foot care cream,Other,Himalaya,tube,No,6,Tube,,,,,,,,1
Dabur Chyawanprash 1kg,Ayurvedic immunity tonic,Other,Dabur,bottle,No,10,Bottle,,,,,,,,1
Dabur Chyawanprash Sugar Free 500g,Sugar free ayurvedic tonic,Other,Dabur,bottle,No,10,Bottle,,,,,,,,1
Dabur Honitus Hot Sip 4g,Herbal hot drink for cough,Other,Dabur,bottle,No,10,Bottle,,,,,,,,1
Dabur Honitus Lozenges,Herbal cough lozenges,Other,Dabur,box,No,5,Box,,,,,,,,1
Dabur Shilajit Gold Capsule,Shilajit with gold bhasma,Other,Dabur,bottle,No,10,Bottle,,,,,,,,1
Dabur Shilajit Capsule,Purified shilajit,Other,Dabur,tablet,No,100,Tablet,,Strip,10,,Box,10,,2
Dabur Stresscom Capsule,Ashwagandha capsules,Other,Dabur,bottle,No,10,Bottle,,,,,,,,1
Dabur Hingoli Tablet,Ayurvedic digestive,Other,Dabur,bottle,No,10,Bottle,,,,,,,,1
Dabur Nature Care Powder 250g,Isabgol based laxative,Other,Dabur,bottle,No,10,Bottle,,,,,,,,1
Dabur Triphala Churna 120g,Triphala powder,Other,Dabur,bottle,No,10,Bottle,,,,,,,,1
Dabur Ashwagandha Churna 100g,Ashwagandha powder,Other,Dabur,bottle,No,10,Bottle,,,,,,,,1
Dabur Sat Isabgol 200g,Psyllium husk,Other,Dabur,bottle,No,10,Bottle,,,,,,,,1
Dabur Dashmularishta 450ml,Ayurvedic tonic,Other,Dabur,bottle,No,10,Bottle,,,,,,,,1
Dabur Ashokarishta 450ml,Ayurvedic women's tonic,Other,Dabur,bottle,No,10,Bottle,,,,,,,,1
Dabur Arjunarishta 450ml,Ayurvedic heart tonic,Other,Dabur,bottle,No,10,Bottle,,,,,,,,1
Dabur Lavan Bhaskar Churna 60g,Ayurvedic digestive powder,Other,Dabur,bottle,No,10,Bottle,,,,,,,,1
Dabur Pudin Hara Active 30ml,Ayurvedic digestive liquid,Other,Dabur,bottle,No,10,Bottle,,,,,,,,1
Dabur Red Toothpaste 200g,Ayurvedic toothpaste,Other,Dabur,tube,No,6,Tube,,,,,,,,1
Dabur Vatika Hair Oil 300ml,Herbal hair oil,Other,Dabur,bottle,No,10,Bottle,,,,,,,,1
Dabur Amla Juice 1L,Amla juice,Other,Dabur,bottle,No,10,Bottle,,,,,,,,1
Dabur Giloy Juice 1L,Giloy juice,Other,Dabur,bottle,No,10,Bottle,,,,,,,,1
Dabur Aloe Vera Juice 1L,Aloe vera juice,Other,Dabur,bottle,No,10,Bottle,,,,,,,,1
Dabur Baby Massage Oil 200ml,Baby massage oil,Other,Dabur,bottle,No,10,Bottle,,,,,,,,1
Dabur Janma Ghunti 60ml,Ayurvedic infant tonic,Other,Dabur,bottle,No,10,Bottle,,,,,,,,1
Zandu Kesari Jivan 450g,Ayurvedic health tonic,Other,Zandu,bottle,No,10,Bottle,,,,,,,,1
Zandu Nityam Tablet,Ayurvedic laxative,Other,Zandu,bottle,No,10,Bottle,,,,,,,,1
Zandu Vigorex Capsule,Ayurvedic vitality supplement,Other,Zandu,bottle,No,10,Bottle,,,,,,,,1
Zandu Balm Ultra Power 8ml,Ayurvedic pain balm,Other,Zandu,bottle,No,10,Bottle,,,,,,,,1
Zandu Rhumasyl Oil 50ml,Ayurvedic pain relief oil,Other,Zandu,bottle,No,10,Bottle,,,,,,,,1
Zandu Ashwagandha Tablet,Ashwagandha extract,Other,Zandu,bottle,No,10,Bottle,,,,,,,,1
Baidyanath Mahanarayan Oil 100ml,Ayurvedic massage oil,Other,Baidyanath,bottle,No,10,Bottle,,,,,,,,1
Baidyanath Kesari Kalp Chyawanprash 500g,Ayurvedic tonic,Other,Baidyanath,bottle,No,10,Bottle,,,,,,,,1
Baidyanath Arogyavardhini Vati,Ayurvedic liver formulation,Other,Baidyanath,tablet,No,100,Tablet,,Strip,10,,Box,10,,2
Baidyanath Yogendra Ras,Classical ayurvedic preparation,Other,Baidyanath,tablet,No,100,Tablet,,Strip,10,,Box,10,,2
Baidyanath Shilajit Vati,Shilajit tablets,Other,Baidyanath,tablet,No,100,Tablet,,Strip,10,,Box,10,,2
Baidyanath Ashwagandharishta 450ml,Ayurvedic tonic,Other,Baidyanath,bottle,No,10,Bottle,,,,,,,,1
Baidyanath Kumaryasava 450ml,Ayurvedic tonic,Other,Baidyanath,bottle,No,10,Bottle,,,,,,,,1
Baidyanath Abhayarishta 450ml,Ayurvedic laxative tonic,Other,Baidyanath,bottle,No,10,Bottle,,,,,,,,1
Baidyanath Sitopaladi Churna 60g,Ayurvedic cough powder,Other,Baidyanath,tablet,No,100,Tablet,,Strip,10,,Box,10,,2
Baidyanath Chandraprabha Vati 80 tab,Ayurvedic urinary formulation,Other,Baidyanath,tablet,No,100,Tablet,,Strip,10,,Box,10,,2
Charak Neo Tablet,Ayurvedic supplement,Other,Charak,tablet,No,100,Tablet,,Strip,10,,Box,10,,2
Charak Evanova Capsule,Ayurvedic menopause support,Other,Charak,tablet,No,100,Tablet,,Strip,10,,Box,10,,2
Charak M2 Tone Syrup 200ml,Ayurvedic women's tonic,Other,Charak,bottle,No,10,Bottle,,,,,,,,1
Charak Calcury Tablet,Ayurvedic for urinary stones,Other,Charak,tablet,No,100,Tablet,,Strip,10,,Box,10,,2
Charak Livomyn Tablet,Ayurvedic liver support,Other,Charak,tablet,No,100,Tablet,,Strip,10,,Box,10,,2
Aimil Amlycure DS Syrup 200ml,Ayurvedic liver tonic,Other,Aimil,bottle,No,10,Bottle,,,,,,,,1
Aimil Amree Plus Capsule,Ayurvedic for blood sugar,Other,Aimil,tablet,No,100,Tablet,,Strip,10,,Box,10,,2
Aimil Purodil Syrup 200ml,Ayurvedic blood purifier,Other,Aimil,bottle,No,10,Bottle,,,,,,,,1
Aimil Zymnet Plus Syrup 200ml,Ayurvedic digestive,Other,Aimil,bottle,No,10,Bottle,,,,,,,,1
Kanchanar Guggulu 60 tab,Classical ayurvedic preparation,Other,,bottle,No,10,Bottle,,,,,,,,1
Yograj Guggulu 60 tab,Classical ayurvedic preparation,Other,,bottle,No,10,Bottle,,,,,,,,1
Triphala Guggulu 60 tab,Classical ayurvedic preparation,Other,,bottle,No,10,Bottle,,,,,,,,1
Punarnavadi Mandur 60 tab,Classical ayurvedic preparation,Other,,bottle,No,10,Bottle,,,,,,,,1
Gokshuradi Guggulu 60 tab,Classical ayurvedic preparation,Other,,bottle,No,10,Bottle,,,,,,,,1
Sitopaladi Churna 100g,Ayurvedic cough powder,Other,,bottle,No,10,Bottle,,,,,,,,1
Talisadi Churna 100g,Ayurvedic cough powder,Other,,bottle,No,10,Bottle,,,,,,,,1
Avipattikar Churna 100g,Ayurvedic digestive powder,Other,,bottle,No,10,Bottle,,,,,,,,1
Hingwashtak Churna 100g,Ayurvedic digestive powder,Other,,bottle,No,10,Bottle,,,,,,,,1
Panchakol Churna 100g,Ayurvedic digestive powder,Other,,bottle,No,10,Bottle,,,,,,,,1
Brahmi Vati,Classical ayurvedic preparation,Other,,bottle,No,10,Bottle,,,,,,,,1
Swarna Bhasma,Classical ayurvedic bhasma,Other,,bottle,No,10,Bottle,,,,,,,,1
Praval Pishti 10g,Classical ayurvedic preparation,Other,,bottle,No,10,Bottle,,,,,,,,1
Giloy Ghan Vati,Tinospora tablets,Other,,bottle,No,10,Bottle,,,,,,,,1
Mahasudarshan Churna 100g,Ayurvedic antipyretic powder,Other,,bottle,No,10,Bottle,,,,,,,,1
Saraswatarishta 450ml Sugar Free,Ayurvedic tonic,Other,,bottle,No,10,Bottle,,,,,,,,1
Lohasava 450ml,Ayurvedic iron tonic,Other,,bottle,No,10,Bottle,,,,,,,,1
Khadirarishta 450ml,Ayurvedic blood purifier,Other,,bottle,No,10,Bottle,,,,,,,,1
Jatamansi Powder 100g,Nardostachys jatamansi powder,Other,,bottle,No,10,Bottle,,,,,,,,1
Shatavari Powder 100g,Asparagus racemosus powder,Other,,bottle,No,10,Bottle,,,,,,,,1
Amla Powder 100g,Emblica officinalis powder,Other,,bottle,No,10,Bottle,,,,,,,,1
Neem Powder 100g,Azadirachta indica powder,Other,,bottle,No,10,Bottle,,,,,,,,1
Methi Powder 100g,Fenugreek seed powder,Other,,bottle,No,10,Bottle,,,,,,,,1
Karela Jamun Juice 1L,Bitter gourd and jamun juice,Other,,bottle,No,10,Bottle,,,,,,,,1
Wheatgrass Juice 500ml,Wheatgrass juice,Other,,bottle,No,10,Bottle,,,,,,,,1
Noni Juice 500ml,Morinda citrifolia juice,Other,,bottle,No,10,Bottle,,,,,,,,1
Mahabhringraj Oil 100ml,Ayurvedic hair oil,Other,,bottle,No,10,Bottle,,,,,,,,1
Nilibhringadi Oil 100ml,Ayurvedic hair oil,Other,,bottle,No,10,Bottle,,,,,,,,1
Ksheerabala Oil 100ml,Ayurvedic massage oil,Other,,bottle,No,10,Bottle,,,,,,,,1
Pinda Oil 100ml,Ayurvedic massage oil,Other,,bottle,No,10,Bottle,,,,,,,,1
Dhanwantharam Oil 100ml,Ayurvedic massage oil,Other,,bottle,No,10,Bottle,,,,,,,,1
Ayurvedic Pain Balm 25g,Herbal pain relief balm,Other,,tube,No,6,Tube,,,,,,,,1
Ayurvedic Pain Oil 60ml,Herbal pain relief oil,Other,,bottle,No,10,Bottle,,,,,,,,1
Kumkumadi Oil 15ml,Ayurvedic facial oil,Other,,tube,No,6,Tube,,,,,,,,1
Aloe Vera Gel 150g,Aloe vera skin gel,Other,,tube,No,6,Tube,,,,,,,,1
Herbal Cough Syrup 100ml,Ayurvedic cough syrup,Other,,bottle,No,10,Bottle,,,,,,,,1
Herbal Digestive Syrup 200ml,Ayurvedic digestive syrup,Other,,bottle,No,10,Bottle,,,,,,,,1
Herbal Hair Oil 200ml,Herbal hair oil,Other,,bottle,No,10,Bottle,,,,,,,,1
Herbal Face Wash 100ml,Herbal face wash,Other,,bottle,No,10,Bottle,,,,,,,,1
Herbal Multivitamin Tablet,Herbal multivitamin,Other,,tablet,No,100,Tablet,,Strip,10,,Box,10,,2
Tulsi Drops 20ml,Holy basil concentrated drops,Other,,bottle,No,10,Bottle,,,,,,,,1
Giloy Ghanvati Tablet,Tinospora cordifolia tablets,Other,,bottle,No,10,Bottle,,,,,,,,1
Moringa Capsule,Moringa oleifera capsules,Other,,bottle,No,10,Bottle,,,,,,,,1
Wheat Grass Powder 100g,Wheatgrass powder,Other,,bottle,No,10,Bottle,,,,,,,,1
Isabgol with Senna 100g,Psyllium with senna laxative,Other,,bottle,No,10,Bottle,,,,,,,,1
Arnica Montana 30 10ml,Homeopathic dilution 30,Other,,bottle,No,10,Bottle,,,,,,,,1
Arnica Montana 200 10ml,Homeopathic dilution 200,Other,,bottle,No,10,Bottle,,,,,,,,1
Arnica Montana 1M 10ml,Homeopathic dilution 1M,Other,,bottle,No,10,Bottle,,,,,,,,1
Belladonna 30 10ml,Homeopathic dilution 30,Other,,bottle,No,10,Bottle,,,,,,,,1
Belladonna 200 10ml,Homeopathic dilution 200,Other,,bottle,No,10,Bottle,,,,,,,,1
Belladonna 1M 10ml,Homeopathic dilution 1M,Other,,bottle,No,10,Bottle,,,,,,,,1
Bryonia Alba 30 10ml,Homeopathic dilution 30,Other,,bottle,No,10,Bottle,,,,,,,,1
Bryonia Alba 200 10ml,Homeopathic dilution 200,Other,,bottle,No,10,Bottle,,,,,,,,1
Bryonia Alba 1M 10ml,Homeopathic dilution 1M,Other,,bottle,No,10,Bottle,,,,,,,,1
Nux Vomica 30 10ml,Homeopathic dilution 30,Other,,bottle,No,10,Bottle,,,,,,,,1
Nux Vomica 200 10ml,Homeopathic dilution 200,Other,,bottle,No,10,Bottle,,,,,,,,1
Nux Vomica 1M 10ml,Homeopathic dilution 1M,Other,,bottle,No,10,Bottle,,,,,,,,1
Rhus Toxicodendron 30 10ml,Homeopathic dilution 30,Other,,bottle,No,10,Bottle,,,,,,,,1
Rhus Toxicodendron 200 10ml,Homeopathic dilution 200,Other,,bottle,No,10,Bottle,,,,,,,,1
Rhus Toxicodendron 1M 10ml,Homeopathic dilution 1M,Other,,bottle,No,10,Bottle,,,,,,,,1
Pulsatilla 30 10ml,Homeopathic dilution 30,Other,,bottle,No,10,Bottle,,,,,,,,1
Pulsatilla 200 10ml,Homeopathic dilution 200,Other,,bottle,No,10,Bottle,,,,,,,,1
Pulsatilla 1M 10ml,Homeopathic dilution 1M,Other,,bottle,No,10,Bottle,,,,,,,,1
Sulphur 30 10ml,Homeopathic dilution 30,Other,,bottle,No,10,Bottle,,,,,,,,1
Sulphur 200 10ml,Homeopathic dilution 200,Other,,bottle,No,10,Bottle,,,,,,,,1
Sulphur 1M 10ml,Homeopathic dilution 1M,Other,,bottle,No,10,Bottle,,,,,,,,1
Calcarea Carbonica 30 10ml,Homeopathic dilution 30,Other,,bottle,No,10,Bottle,,,,,,,,1
Calcarea Carbonica 200 10ml,Homeopathic dilution 200,Other,,bottle,No,10,Bottle,,,,,,,,1
Calcarea Carbonica 1M 10ml,Homeopathic dilution 1M,Other,,bottle,No,10,Bottle,,,,,,,,1
Lycopodium 30 10ml,Homeopathic dilution 30,Other,,bottle,No,10,Bottle,,,,,,,,1
Lycopodium 200 10ml,Homeopathic dilution 200,Other,,bottle,No,10,Bottle,,,,,,,,1
Lycopodium 1M 10ml,Homeopathic dilution 1M,Other,,bottle,No,10,Bottle,,,,,,,,1
Natrum Muriaticum 30 10ml,Homeopathic dilution 30,Other,,bottle,No,10,Bottle,,,,,,,,1
Natrum Muriaticum 200 10ml,Homeopathic dilution 200,Other,,bottle,No,10,Bottle,,,,,,,,1
Natrum Muriaticum 1M 10ml,Homeopathic dilution 1M,Other,,bottle,No,10,Bottle,,,,,,,,1
Phosphorus 30 10ml,Homeopathic dilution 30,Other,,bottle,No,10,Bottle,,,,,,,,1
Phosphorus 200 10ml,Homeopathic dilution 200,Other,,bottle,No,10,Bottle,,,,,,,,1
Phosphorus 1M 10ml,Homeopathic dilution 1M,Other,,bottle,No,10,Bottle,,,,,,,,1
Arsenicum Album 30 10ml,Homeopathic dilution 30,Other,,bottle,No,10,Bottle,,,,,,,,1
Arsenicum Album 200 10ml,Homeopathic dilution 200,Other,,bottle,No,10,Bottle,,,,,,,,1
Arsenicum Album 1M 10ml,Homeopathic dilution 1M,Other,,bottle,No,10,Bottle,,,,,,,,1
Gelsemium 30 10ml,Homeopathic dilution 30,Other,,bottle,No,10,Bottle,,,,,,,,1
Gelsemium 200 10ml,Homeopathic dilution 200,Other,,bottle,No,10,Bottle,,,,,,,,1
Gelsemium 1M 10ml,Homeopathic dilution 1M,Other,,bottle,No,10,Bottle,,,,,,,,1
Ipecacuanha 30 10ml,Homeopathic dilution 30,Other,,bottle,No,10,Bottle,,,,,,,,1
Ipecacuanha 200 10ml,Homeopathic dilution 200,Other,,bottle,No,10,Bottle,,,,,,,,1
Ipecacuanha 1M 10ml,Homeopathic dilution 1M,Other,,bottle,No,10,Bottle,,,,,,,,1
Chamomilla 30 10ml,Homeopathic dilution 30,Other,,bottle,No,10,Bottle,,,,,,,,1
Chamomilla 200 10ml,Homeopathic dilution 200,Other,,bottle,No,10,Bottle,,,,,,,,1
Chamomilla 1M 10ml,Homeopathic dilution 1M,Other,,bottle,No,10,Bottle,,,,,,,,1
Hepar Sulphuris 30 10ml,Homeopathic dilution 30,Other,,bottle,No,10,Bottle,,,,,,,,1
Hepar Sulphuris 200 10ml,Homeopathic dilution 200,Other,,bottle,No,10,Bottle,,,,,,,,1
Hepar Sulphuris 1M 10ml,Homeopathic dilution 1M,Other,,bottle,No,10,Bottle,,,,,,,,1
Mercurius Solubilis 30 10ml,Homeopathic dilution 30,Other,,bottle,No,10,Bottle,,,,,,,,1
Mercurius Solubilis 200 10ml,Homeopathic dilution 200,Other,,bottle,No,10,Bottle,,,,,,,,1
Mercurius Solubilis 1M 10ml,Homeopathic dilution 1M,Other,,bottle,No,10,Bottle,,,,,,,,1
Silicea 30 10ml,Homeopathic dilution 30,Other,,bottle,No,10,Bottle,,,,,,,,1
Silicea 200 10ml,Homeopathic dilution 200,Other,,bottle,No,10,Bottle,,,,,,,,1
Silicea 1M 10ml,Homeopathic dilution 1M,Other,,bottle,No,10,Bottle,,,,,,,,1
Thuja Occidentalis 30 10ml,Homeopathic dilution 30,Other,,bottle,No,10,Bottle,,,,,,,,1
Thuja Occidentalis 200 10ml,Homeopathic dilution 200,Other,,bottle,No,10,Bottle,,,,,,,,1
Thuja Occidentalis 1M 10ml,Homeopathic dilution 1M,Other,,bottle,No,10,Bottle,,,,,,,,1
Apis Mellifica 30 10ml,Homeopathic dilution 30,Other,,bottle,No,10,Bottle,,,,,,,,1
Apis Mellifica 200 10ml,Homeopathic dilution 200,Other,,bottle,No,10,Bottle,,,,,,,,1
Apis Mellifica 1M 10ml,Homeopathic dilution 1M,Other,,bottle,No,10,Bottle,,,,,,,,1
Aconitum Napellus 30 10ml,Homeopathic dilution 30,Other,,bottle,No,10,Bottle,,,,,,,,1
Aconitum Napellus 200 10ml,Homeopathic dilution 200,Other,,bottle,No,10,Bottle,,,,,,,,1
Aconitum Napellus 1M 10ml,Homeopathic dilution 1M,Other,,bottle,No,10,Bottle,,,,,,,,1
Ferrum Phosphoricum 30 10ml,Homeopathic dilution 30,Other,,bottle,No,10,Bottle,,,,,,,,1
Ferrum Phosphoricum 200 10ml,Homeopathic dilution 200,Other,,bottle,No,10,Bottle,,,,,,,,1
Ferrum Phosphoricum 1M 10ml,Homeopathic dilution 1M,Other,,bottle,No,10,Bottle,,,,,,,,1
Antimonium Crudum 30 10ml,Homeopathic dilution 30,Other,,bottle,No,10,Bottle,,,,,,,,1
Antimonium Crudum 200 10ml,Homeopathic dilution 200,Other,,bottle,No,10,Bottle,,,,,,,,1
Antimonium Crudum 1M 10ml,Homeopathic dilution 1M,Other,,bottle,No,10,Bottle,,,,,,,,1
Carbo Vegetabilis 30 10ml,Homeopathic dilution 30,Other,,bottle,No,10,Bottle,,,,,,,,1
Carbo Vegetabilis 200 10ml,Homeopathic dilution 200,Other,,bottle,No,10,Bottle,,,,,,,,1
Carbo Vegetabilis 1M 10ml,Homeopathic dilution 1M,Other,,bottle,No,10,Bottle,,,,,,,,1
China Officinalis 30 10ml,Homeopathic dilution 30,Other,,bottle,No,10,Bottle,,,,,,,,1
China Officinalis 200 10ml,Homeopathic dilution 200,Other,,bottle,No,10,Bottle,,,,,,,,1
China Officinalis 1M 10ml,Homeopathic dilution 1M,Other,,bottle,No,10,Bottle,,,,,,,,1
Colocynthis 30 10ml,Homeopathic dilution 30,Other,,bottle,No,10,Bottle,,,,,,,,1
Colocynthis 200 10ml,Homeopathic dilution 200,Other,,bottle,No,10,Bottle,,,,,,,,1
Colocynthis 1M 10ml,Homeopathic dilution 1M,Other,,bottle,No,10,Bottle,,,,,,,,1
Dulcamara 30 10ml,Homeopathic dilution 30,Other,,bottle,No,10,Bottle,,,,,,,,1
Dulcamara 200 10ml,Homeopathic dilution 200,Other,,bottle,No,10,Bottle,,,,,,,,1
Dulcamara 1M 10ml,Homeopathic dilution 1M,Other,,bottle,No,10,Bottle,,,,,,,,1
Euphrasia 30 10ml,Homeopathic dilution 30,Other,,bottle,No,10,Bottle,,,,,,,,1
Euphrasia 200 10ml,Homeopathic dilution 200,Other,,bottle,No,10,Bottle,,,,,,,,1
Euphrasia 1M 10ml,Homeopathic dilution 1M,Other,,bottle,No,10,Bottle,,,,,,,,1
Hypericum Perforatum 30 10ml,Homeopathic dilution 30,Other,,bottle,No,10,Bottle,,,,,,,,1
Hypericum Perforatum 200 10ml,Homeopathic dilution 200,Other,,bottle,No,10,Bottle,,,,,,,,1
Hypericum Perforatum 1M 10ml,Homeopathic dilution 1M,Other,,bottle,No,10,Bottle,,,,,,,,1
Kali Bichromicum 30 10ml,Homeopathic dilution 30,Other,,bottle,No,10,Bottle,,,,,,,,1
Kali Bichromicum 200 10ml,Homeopathic dilution 200,Other,,bottle,No,10,Bottle,,,,,,,,1
Kali Bichromicum 1M 10ml,Homeopathic dilution 1M,Other,,bottle,No,10,Bottle,,,,,,,,1
Ledum Palustre 30 10ml,Homeopathic dilution 30,Other,,bottle,No,10,Bottle,,,,,,,,1
Ledum Palustre 200 10ml,Homeopathic dilution 200,Other,,bottle,No,10,Bottle,,,,,,,,1
Ledum Palustre 1M 10ml,Homeopathic dilution 1M,Other,,bottle,No,10,Bottle,,,,,,,,1
Magnesia Phosphorica 30 10ml,Homeopathic dilution 30,Other,,bottle,No,10,Bottle,,,,,,,,1
Magnesia Phosphorica 200 10ml,Homeopathic dilution 200,Other,,bottle,No,10,Bottle,,,,,,,,1
Magnesia Phosphorica 1M 10ml,Homeopathic dilution 1M,Other,,bottle,No,10,Bottle,,,,,,,,1
Nux Moschata 30 10ml,Homeopathic dilution 30,Other,,bottle,No,10,Bottle,,,,,,,,1
Nux Moschata 200 10ml,Homeopathic dilution 200,Other,,bottle,No,10,Bottle,,,,,,,,1
Nux Moschata 1M 10ml,Homeopathic dilution 1M,Other,,bottle,No,10,Bottle,,,,,,,,1
Petroleum 30 10ml,Homeopathic dilution 30,Other,,bottle,No,10,Bottle,,,,,,,,1
Petroleum 200 10ml,Homeopathic dilution 200,Other,,bottle,No,10,Bottle,,,,,,,,1
Petroleum 1M 10ml,Homeopathic dilution 1M,Other,,bottle,No,10,Bottle,,,,,,,,1
Ruta Graveolens 30 10ml,Homeopathic dilution 30,Other,,bottle,No,10,Bottle,,,,,,,,1
Ruta Graveolens 200 10ml,Homeopathic dilution 200,Other,,bottle,No,10,Bottle,,,,,,,,1
Ruta Graveolens 1M 10ml,Homeopathic dilution 1M,Other,,bottle,No,10,Bottle,,,,,,,,1
Sepia 30 10ml,Homeopathic dilution 30,Other,,bottle,No,10,Bottle,,,,,,,,1
Sepia 200 10ml,Homeopathic dilution 200,Other,,bottle,No,10,Bottle,,,,,,,,1
Sepia 1M 10ml,Homeopathic dilution 1M,Other,,bottle,No,10,Bottle,,,,,,,,1
Staphysagria 30 10ml,Homeopathic dilution 30,Other,,bottle,No,10,Bottle,,,,,,,,1
Staphysagria 200 10ml,Homeopathic dilution 200,Other,,bottle,No,10,Bottle,,,,,,,,1
Staphysagria 1M 10ml,Homeopathic dilution 1M,Other,,bottle,No,10,Bottle,,,,,,,,1
Symphytum 30 10ml,Homeopathic dilution 30,Other,,bottle,No,10,Bottle,,,,,,,,1
Symphytum 200 10ml,Homeopathic dilution 200,Other,,bottle,No,10,Bottle,,,,,,,,1
Symphytum 1M 10ml,Homeopathic dilution 1M,Other,,bottle,No,10,Bottle,,,,,,,,1
Urtica Urens 30 10ml,Homeopathic dilution 30,Other,,bottle,No,10,Bottle,,,,,,,,1
Urtica Urens 200 10ml,Homeopathic dilution 200,Other,,bottle,No,10,Bottle,,,,,,,,1
Urtica Urens 1M 10ml,Homeopathic dilution 1M,Other,,bottle,No,10,Bottle,,,,,,,,1
Veratrum Album 30 10ml,Homeopathic dilution 30,Other,,bottle,No,10,Bottle,,,,,,,,1
Veratrum Album 200 10ml,Homeopathic dilution 200,Other,,bottle,No,10,Bottle,,,,,,,,1
Veratrum Album 1M 10ml,Homeopathic dilution 1M,Other,,bottle,No,10,Bottle,,,,,,,,1
Arnica Montana Q Mother Tincture 30ml,Homeopathic mother tincture,Other,,bottle,No,10,Bottle,,,,,,,,1
Calendula Officinalis Q Mother Tincture 30ml,Homeopathic mother tincture,Other,,bottle,No,10,Bottle,,,,,,,,1
Echinacea Angustifolia Q Mother Tincture 30ml,Homeopathic mother tincture,Other,,bottle,No,10,Bottle,,,,,,,,1
Hydrastis Canadensis Q Mother Tincture 30ml,Homeopathic mother tincture,Other,,bottle,No,10,Bottle,,,,,,,,1
Crataegus Oxyacantha Q Mother Tincture 30ml,Homeopathic mother tincture,Other,,bottle,No,10,Bottle,,,,,,,,1
Syzygium Jambolanum Q Mother Tincture 30ml,Homeopathic mother tincture,Other,,bottle,No,10,Bottle,,,,,,,,1
Gymnema Sylvestre Q Mother Tincture 30ml,Homeopathic mother tincture,Other,,bottle,No,10,Bottle,,,,,,,,1
Cephalandra Indica Q Mother Tincture 30ml,Homeopathic mother tincture,Other,,bottle,No,10,Bottle,,,,,,,,1
Berberis Vulgaris Q Mother Tincture 30ml,Homeopathic mother tincture,Other,,bottle,No,10,Bottle,,,,,,,,1
Chelidonium Majus Q Mother Tincture 30ml,Homeopathic mother tincture,Other,,bottle,No,10,Bottle,,,,,,,,1
Carica Papaya Q Mother Tincture 30ml,Homeopathic mother tincture,Other,,bottle,No,10,Bottle,,,,,,,,1
Withania Somnifera Q Mother Tincture 30ml,Homeopathic mother tincture,Other,,bottle,No,10,Bottle,,,,,,,,1
Passiflora Incarnata Q Mother Tincture 30ml,Homeopathic mother tincture,Other,,bottle,No,10,Bottle,,,,,,,,1
Avena Sativa Q Mother Tincture 30ml,Homeopathic mother tincture,Other,,bottle,No,10,Bottle,,,,,,,,1
Alfalfa Q Mother Tincture 30ml,Homeopathic mother tincture,Other,,bottle,No,10,Bottle,,,,,,,,1
Thuja Occidentalis Q Mother Tincture 30ml,Homeopathic mother tincture,Other,,bottle,No,10,Bottle,,,,,,,,1
Ficus Religiosa Q Mother Tincture 30ml,Homeopathic mother tincture,Other,,bottle,No,10,Bottle,,,,,,,,1
Damiana Q Mother Tincture 30ml,Homeopathic mother tincture,Other,,bottle,No,10,Bottle,,,,,,,,1
Cynara Scolymus Q Mother Tincture 30ml,Homeopathic mother tincture,Other,,bottle,No,10,Bottle,,,,,,,,1
Taraxacum Officinale Q Mother Tincture 30ml,Homeopathic mother tincture,Other,,bottle,No,10,Bottle,,,,,,,,1
Biochemic Calcarea Fluorica 6X 25g,Biochemic tissue salt,Other,,bottle,No,10,Bottle,,,,,,,,1
Biochemic Calcarea Fluorica 12X 25g,Biochemic tissue salt,Other,,bottle,No,10,Bottle,,,,,,,,1
Biochemic Calcarea Fluorica 30X 25g,Biochemic tissue salt,Other,,bottle,No,10,Bottle,,,,,,,,1
Biochemic Calcarea Phosphorica 6X 25g,Biochemic tissue salt,Other,,bottle,No,10,Bottle,,,,,,,,1
Biochemic Calcarea Phosphorica 12X 25g,Biochemic tissue salt,Other,,bottle,No,10,Bottle,,,,,,,,1
Biochemic Calcarea Phosphorica 30X 25g,Biochemic tissue salt,Other,,bottle,No,10,Bottle,,,,,,,,1
Biochemic Calcarea Sulphurica 6X 25g,Biochemic tissue salt,Other,,bottle,No,10,Bottle,,,,,,,,1
Biochemic Calcarea Sulphurica 12X 25g,Biochemic tissue salt,Other,,bottle,No,10,Bottle,,,,,,,,1
Biochemic Calcarea Sulphurica 30X 25g,Biochemic tissue salt,Other,,bottle,No,10,Bottle,,,,,,,,1
Biochemic Ferrum Phosphoricum 6X 25g,Biochemic tissue salt,Other,,bottle,No,10,Bottle,,,,,,,,1
Biochemic Ferrum Phosphoricum 12X 25g,Biochemic tissue salt,Other,,bottle,No,10,Bottle,,,,,,,,1
Biochemic Ferrum Phosphoricum 30X 25g,Biochemic tissue salt,Other,,bottle,No,10,Bottle,,,,,,,,1
Biochemic Kali Muriaticum 6X 25g,Biochemic tissue salt,Other,,bottle,No,10,Bottle,,,,,,,,1
Biochemic Kali Muriaticum 12X 25g,Biochemic tissue salt,Other,,bottle,No,10,Bottle,,,,,,,,1
Biochemic Kali Muriaticum 30X 25g,Biochemic tissue salt,Other,,bottle,No,10,Bottle,,,,,,,,1
Biochemic Kali Phosphoricum 6X 25g,Biochemic tissue salt,Other,,bottle,No,10,Bottle,,,,,,,,1
Biochemic Kali Phosphoricum 12X 25g,Biochemic tissue salt,Other,,bottle,No,10,Bottle,,,,,,,,1
Biochemic Kali Phosphoricum 30X 25g,Biochemic tissue salt,Other,,bottle,No,10,Bottle,,,,,,,,1
Biochemic Kali Sulphuricum 6X 25g,Biochemic tissue salt,Other,,bottle,No,10,Bottle,,,,,,,,1
Biochemic Kali Sulphuricum 12X 25g,Biochemic tissue salt,Other,,bottle,No,10,Bottle,,,,,,,,1
Biochemic Kali Sulphuricum 30X 25g,Biochemic tissue salt,Other,,bottle,No,10,Bottle,,,,,,,,1
Biochemic Magnesia Phosphorica 6X 25g,Biochemic tissue salt,Other,,bottle,No,10,Bottle,,,,,,,,1
Biochemic Magnesia Phosphorica 12X 25g,Biochemic tissue salt,Other,,bottle,No,10,Bottle,,,,,,,,1
Biochemic Magnesia Phosphorica 30X 25g,Biochemic tissue salt,Other,,bottle,No,10,Bottle,,,,,,,,1
Biochemic Natrum Muriaticum 6X 25g,Biochemic tissue salt,Other,,bottle,No,10,Bottle,,,,,,,,1
Biochemic Natrum Muriaticum 12X 25g,Biochemic tissue salt,Other,,bottle,No,10,Bottle,,,,,,,,1
Biochemic Natrum Muriaticum 30X 25g,Biochemic tissue salt,Other,,bottle,No,10,Bottle,,,,,,,,1
Biochemic Natrum Phosphoricum 6X 25g,Biochemic tissue salt,Other,,bottle,No,10,Bottle,,,,,,,,1
Biochemic Natrum Phosphoricum 12X 25g,Biochemic tissue salt,Other,,bottle,No,10,Bottle,,,,,,,,1
Biochemic Natrum Phosphoricum 30X 25g,Biochemic tissue salt,Other,,bottle,No,10,Bottle,,,,,,,,1
Biochemic Natrum Sulphuricum 6X 25g,Biochemic tissue salt,Other,,bottle,No,10,Bottle,,,,,,,,1
Biochemic Natrum Sulphuricum 12X 25g,Biochemic tissue salt,Other,,bottle,No,10,Bottle,,,,,,,,1
Biochemic Natrum Sulphuricum 30X 25g,Biochemic tissue salt,Other,,bottle,No,10,Bottle,,,,,,,,1
Biochemic Silicea 6X 25g,Biochemic tissue salt,Other,,bottle,No,10,Bottle,,,,,,,,1
Biochemic Silicea 12X 25g,Biochemic tissue salt,Other,,bottle,No,10,Bottle,,,,,,,,1
Biochemic Silicea 30X 25g,Biochemic tissue salt,Other,,bottle,No,10,Bottle,,,,,,,,1
Dr. Reckeweg R1 22ml,Homeopathic speciality drops,Other,Dr. Reckeweg,bottle,No,10,Bottle,,,,,,,,1
Dr. Reckeweg R2 22ml,Homeopathic speciality drops,Other,Dr. Reckeweg,bottle,No,10,Bottle,,,,,,,,1
Dr. Reckeweg R7 22ml,Homeopathic speciality drops,Other,Dr. Reckeweg,bottle,No,10,Bottle,,,,,,,,1
Dr. Reckeweg R11 22ml,Homeopathic speciality drops,Other,Dr. Reckeweg,bottle,No,10,Bottle,,,,,,,,1
Dr. Reckeweg R17 22ml,Homeopathic speciality drops,Other,Dr. Reckeweg,bottle,No,10,Bottle,,,,,,,,1
Dr. Reckeweg R19 22ml,Homeopathic speciality drops,Other,Dr. Reckeweg,bottle,No,10,Bottle,,,,,,,,1
Dr. Reckeweg R40 22ml,Homeopathic speciality drops,Other,Dr. Reckeweg,bottle,No,10,Bottle,,,,,,,,1
Dr. Reckeweg R41 22ml,Homeopathic speciality drops,Other,Dr. Reckeweg,bottle,No,10,Bottle,,,,,,,,1
Dr. Reckeweg R49 22ml,Homeopathic speciality drops,Other,Dr. Reckeweg,bottle,No,10,Bottle,,,,,,,,1
Dr. Reckeweg R89 22ml,Homeopathic speciality drops,Other,Dr. Reckeweg,bottle,No,10,Bottle,,,,,,,,1
SBL Alfalfa Tonic 500ml,Homeopathic general tonic,Other,SBL,bottle,No,10,Bottle,,,,,,,,1
SBL Five Phos Tablet,Biochemic combination tablets,Other,SBL,bottle,No,10,Bottle,,,,,,,,1
SBL Nixocid Tablet,Homeopathic for acidity,Other,SBL,bottle,No,10,Bottle,,,,,,,,1
SBL Bio Combination 6 25g,Biochemic combination,Other,SBL,bottle,No,10,Bottle,,,,,,,,1
SBL Bio Combination 12 25g,Biochemic combination,Other,SBL,bottle,No,10,Bottle,,,,,,,,1
SBL Bio Combination 25 25g,Biochemic combination,Other,SBL,bottle,No,10,Bottle,,,,,,,,1
SBL Arnica Hair Oil 100ml,Homeopathic hair oil,Other,SBL,bottle,No,10,Bottle,,,,,,,,1
SBL Arnica Shampoo 200ml,Homeopathic shampoo,Other,SBL,bottle,No,10,Bottle,,,,,,,,1
SBL Calendula Ointment 25g,Homeopathic wound ointment,Other,SBL,tube,No,6,Tube,,,,,,,,1
SBL Dibonil Drops 30ml,Homeopathic for blood sugar,Other,SBL,bottle,No,10,Bottle,,,,,,,,1
Schwabe Alpha-Acid Tablet,Homeopathic for acidity,Other,Dr. Willmar Schwabe,bottle,No,10,Bottle,,,,,,,,1
Schwabe Alpha-CF Tablet,Homeopathic for cold and fever,Other,Dr. Willmar Schwabe,bottle,No,10,Bottle,,,,,,,,1
Schwabe Alpha-WD Tablet,Homeopathic for worms,Other,Dr. Willmar Schwabe,bottle,No,10,Bottle,,,,,,,,1
Schwabe Damiaplant Drops 30ml,Homeopathic men's tonic,Other,Dr. Willmar Schwabe,bottle,No,10,Bottle,,,,,,,,1
Schwabe Essentia Aurea Drops 30ml,Homeopathic heart tonic,Other,Dr. Willmar Schwabe,bottle,No,10,Bottle,,,,,,,,1
Schwabe Topi Heal Cream 25g,Homeopathic healing cream,Other,Dr. Willmar Schwabe,tube,No,6,Tube,,,,,,,,1
Schwabe Nervon Tablet,Homeopathic nerve tonic,Other,Dr. Willmar Schwabe,bottle,No,10,Bottle,,,,,,,,1
Bakson Sunny Herbals Aloe Vera Gel 60g,Herbal skin gel,Other,Bakson,bottle,No,10,Bottle,,,,,,,,1
Bakson B-Cough Syrup 115ml,Homeopathic cough syrup,Other,Bakson,bottle,No,10,Bottle,,,,,,,,1
Bakson Rose Face Wash 100ml,Herbal face wash,Other,Bakson,bottle,No,10,Bottle,,,,,,,,1
Bakson Sunny Hair Oil 100ml,Herbal hair oil,Other,Bakson,bottle,No,10,Bottle,,,,,,,,1
Adel 1 Apo-Hepat Drops 20ml,Homeopathic liver drops,Other,Adel,bottle,No,10,Bottle,,,,,,,,1
Adel 3 Apo-Rheum Drops 20ml,Homeopathic joint drops,Other,Adel,bottle,No,10,Bottle,,,,,,,,1
Adel 7 Apo-Tuss Drops 20ml,Homeopathic cough drops,Other,Adel,bottle,No,10,Bottle,,,,,,,,1
Homeopathic Cough Syrup 100ml,Homeopathic cough syrup,Other,,bottle,No,10,Bottle,,,,,,,,1
Homeopathic Cold Drops 30ml,Homeopathic cold drops,Other,,bottle,No,10,Bottle,,,,,,,,1
Calendula Cream 30g,Homeopathic calendula cream,Other,,tube,No,6,Tube,,,,,,,,1
Arnica Montana Hair Oil 100ml,Homeopathic hair oil,Other,,bottle,No,10,Bottle,,,,,,,,1
Homeopathic Globules No. 30 25g,Blank medicated globules,Other,,box,No,5,Box,,,,,,,,1
Homeopathic Globules No. 40 25g,Blank medicated globules,Other,,box,No,5,Box,,,,,,,,1
Dispensing Alcohol 100ml,Homeopathic dispensing alcohol,Other,,bottle,No,10,Bottle,,,,,,,,1
Homeopathic Dropper Bottle 30ml,Amber dropper bottle,Other,,box,No,10,Piece,,,,,,,,1
Tamoxifen 10mg,Tamoxifen 10mg,Medicine,,tablet,No,100,Tablet,,Strip,10,,Box,10,,2
Anastrozole 1mg,Anastrozole 1mg,Medicine,,tablet,No,100,Tablet,,Strip,10,,Box,10,,2
Letrozole for oncology 2.5mg,Letrozole for oncology 2.5mg,Medicine,,tablet,No,100,Tablet,,Strip,10,,Box,10,,2
Exemestane 25mg,Exemestane 25mg,Medicine,,tablet,No,100,Tablet,,Strip,10,,Box,10,,2
Bicalutamide 50mg,Bicalutamide 50mg,Medicine,,tablet,No,100,Tablet,,Strip,10,,Box,10,,2
Flutamide 250mg,Flutamide 250mg,Medicine,,tablet,No,100,Tablet,,Strip,10,,Box,10,,2
Abiraterone 250mg,Abiraterone 250mg,Medicine,,tablet,No,100,Tablet,,Strip,10,,Box,10,,2
Abiraterone 500mg,Abiraterone 500mg,Medicine,,tablet,No,100,Tablet,,Strip,10,,Box,10,,2
Enzalutamide 40mg,Enzalutamide 40mg,Medicine,,tablet,No,100,Tablet,,Strip,10,,Box,10,,2
Imatinib 100mg,Imatinib 100mg,Medicine,,tablet,No,100,Tablet,,Strip,10,,Box,10,,2
Imatinib 400mg,Imatinib 400mg,Medicine,,tablet,No,100,Tablet,,Strip,10,,Box,10,,2
Erlotinib 100mg,Erlotinib 100mg,Medicine,,tablet,No,100,Tablet,,Strip,10,,Box,10,,2
Erlotinib 150mg,Erlotinib 150mg,Medicine,,tablet,No,100,Tablet,,Strip,10,,Box,10,,2
Gefitinib 250mg,Gefitinib 250mg,Medicine,,tablet,No,100,Tablet,,Strip,10,,Box,10,,2
Sorafenib 200mg,Sorafenib 200mg,Medicine,,tablet,No,100,Tablet,,Strip,10,,Box,10,,2
Sunitinib 12.5mg,Sunitinib 12.5mg,Medicine,,tablet,No,100,Tablet,,Strip,10,,Box,10,,2
Sunitinib 25mg,Sunitinib 25mg,Medicine,,tablet,No,100,Tablet,,Strip,10,,Box,10,,2
Sunitinib 50mg,Sunitinib 50mg,Medicine,,tablet,No,100,Tablet,,Strip,10,,Box,10,,2
Lenvatinib 4mg,Lenvatinib 4mg,Medicine,,tablet,No,100,Tablet,,Strip,10,,Box,10,,2
Lenvatinib 10mg,Lenvatinib 10mg,Medicine,,tablet,No,100,Tablet,,Strip,10,,Box,10,,2
Capecitabine 500mg,Capecitabine 500mg,Medicine,,tablet,No,100,Tablet,,Strip,10,,Box,10,,2
Temozolomide 20mg,Temozolomide 20mg,Medicine,,tablet,No,100,Tablet,,Strip,10,,Box,10,,2
Temozolomide 100mg,Temozolomide 100mg,Medicine,,tablet,No,100,Tablet,,Strip,10,,Box,10,,2
Temozolomide 250mg,Temozolomide 250mg,Medicine,,tablet,No,100,Tablet,,Strip,10,,Box,10,,2
Hydroxyurea 500mg,Hydroxyurea 500mg,Medicine,,tablet,No,100,Tablet,,Strip,10,,Box,10,,2
Lenalidomide 5mg,Lenalidomide 5mg,Medicine,,tablet,No,100,Tablet,,Strip,10,,Box,10,,2
Lenalidomide 10mg,Lenalidomide 10mg,Medicine,,tablet,No,100,Tablet,,Strip,10,,Box,10,,2
Lenalidomide 25mg,Lenalidomide 25mg,Medicine,,tablet,No,100,Tablet,,Strip,10,,Box,10,,2
Thalidomide 50mg,Thalidomide 50mg,Medicine,,tablet,No,100,Tablet,,Strip,10,,Box,10,,2
Thalidomide 100mg,Thalidomide 100mg,Medicine,,tablet,No,100,Tablet,,Strip,10,,Box,10,,2
Anagrelide 0.5mg,Anagrelide 0.5mg,Medicine,,tablet,No,100,Tablet,,Strip,10,,Box,10,,2
Mercaptopurine 50mg,Mercaptopurine 50mg,Medicine,,tablet,No,100,Tablet,,Strip,10,,Box,10,,2
Chlorambucil 2mg,Chlorambucil 2mg,Medicine,,tablet,No,100,Tablet,,Strip,10,,Box,10,,2
Chlorambucil 5mg,Chlorambucil 5mg,Medicine,,tablet,No,100,Tablet,,Strip,10,,Box,10,,2
Cyclophosphamide oral 50mg,Cyclophosphamide oral 50mg,Medicine,,tablet,No,100,Tablet,,Strip,10,,Box,10,,2
Etoposide oral 50mg,Etoposide oral 50mg,Medicine,,tablet,No,100,Tablet,,Strip,10,,Box,10,,2
Tretinoin oral 10mg,Tretinoin oral 10mg,Medicine,,tablet,No,100,Tablet,,Strip,10,,Box,10,,2
Ondansetron for chemotherapy 16mg,Ondansetron for chemotherapy 16mg,Medicine,,tablet,No,100,Tablet,,Strip,10,,Box,10,,2
Aprepitant 80mg,Aprepitant 80mg,Medicine,,tablet,No,100,Tablet,,Strip,10,,Box,10,,2
Aprepitant 125mg,Aprepitant 125mg,Medicine,,tablet,No,100,Tablet,,Strip,10,,Box,10,,2
Megestrol 40mg,Megestrol 40mg,Medicine,,tablet,No,100,Tablet,,Strip,10,,Box,10,,2
Cyclophosphamide 500mg Injection,Cyclophosphamide 500mg,Medicine,,vial,No,10,Vial,,,,,,,,1
Doxorubicin 50mg Injection,Doxorubicin 50mg,Medicine,,vial,No,10,Vial,,,,,,,,1
Cisplatin 50mg Injection,Cisplatin 50mg,Medicine,,vial,No,10,Vial,,,,,,,,1
Carboplatin 450mg Injection,Carboplatin 450mg,Medicine,,vial,No,10,Vial,,,,,,,,1
Oxaliplatin 100mg Injection,Oxaliplatin 100mg,Medicine,,vial,No,10,Vial,,,,,,,,1
Paclitaxel 100mg Injection,Paclitaxel 100mg,Medicine,,vial,No,10,Vial,,,,,,,,1
Docetaxel 80mg Injection,Docetaxel 80mg,Medicine,,vial,No,10,Vial,,,,,,,,1
Gemcitabine 1g Injection,Gemcitabine 1g,Medicine,,vial,No,10,Vial,,,,,,,,1
5-Fluorouracil 500mg Injection,Fluorouracil 500mg,Medicine,,vial,No,10,Vial,,,,,,,,1
Rituximab 500mg Injection,Rituximab 500mg,Medicine,,vial,No,10,Vial,,,,,,,,1
Trastuzumab 440mg Injection,Trastuzumab 440mg,Medicine,,vial,No,10,Vial,,,,,,,,1
Bevacizumab 400mg Injection,Bevacizumab 400mg,Medicine,,vial,No,10,Vial,,,,,,,,1
Pegfilgrastim 6mg Injection,Pegfilgrastim 6mg,Medicine,,vial,No,10,Vial,,,,,,,,1
Leuprolide 3.75mg Injection,Leuprolide Acetate 3.75mg,Medicine,,vial,No,10,Vial,,,,,,,,1
Goserelin 3.6mg Implant,Goserelin Acetate 3.6mg,Medicine,,vial,No,10,Vial,,,,,,,,1
Zoledronic Acid for oncology 4mg,Zoledronic Acid 4mg,Medicine,,vial,No,10,Vial,,,,,,,,1
Denosumab 60mg Injection,Denosumab 60mg,Medicine,,vial,No,10,Vial,,,,,,,,1
Tenofovir 300mg + Lamivudine 300mg + Dolutegravir 50mg,TLD fixed dose combination,Medicine,,tablet,No,100,Tablet,,Strip,10,,Box,10,,2
Tenofovir 300mg + Lamivudine 300mg + Efavirenz 600mg,TLE fixed dose combination,Medicine,,tablet,No,100,Tablet,,Strip,10,,Box,10,,2
Abacavir 600mg + Lamivudine 300mg,Abacavir + Lamivudine,Medicine,,tablet,No,100,Tablet,,Strip,10,,Box,10,,2
Zidovudine 300mg + Lamivudine 150mg,Zidovudine + Lamivudine,Medicine,,tablet,No,100,Tablet,,Strip,10,,Box,10,,2
Dolutegravir 50mg,Dolutegravir 50mg,Medicine,,tablet,No,100,Tablet,,Strip,10,,Box,10,,2
Efavirenz 200mg,Efavirenz 200mg,Medicine,,tablet,No,100,Tablet,,Strip,10,,Box,10,,2
Efavirenz 600mg,Efavirenz 600mg,Medicine,,tablet,No,100,Tablet,,Strip,10,,Box,10,,2
Nevirapine 200mg,Nevirapine 200mg,Medicine,,tablet,No,100,Tablet,,Strip,10,,Box,10,,2
Lamivudine 100mg,Lamivudine 100mg,Medicine,,tablet,No,100,Tablet,,Strip,10,,Box,10,,2
Lamivudine 150mg,Lamivudine 150mg,Medicine,,tablet,No,100,Tablet,,Strip,10,,Box,10,,2
Lamivudine 300mg,Lamivudine 300mg,Medicine,,tablet,No,100,Tablet,,Strip,10,,Box,10,,2
Zidovudine 300mg,Zidovudine 300mg,Medicine,,tablet,No,100,Tablet,,Strip,10,,Box,10,,2
Atazanavir 300mg,Atazanavir 300mg,Medicine,,tablet,No,100,Tablet,,Strip,10,,Box,10,,2
Ritonavir 100mg,Ritonavir 100mg,Medicine,,tablet,No,100,Tablet,,Strip,10,,Box,10,,2
Lopinavir + Ritonavir 200mg,Lopinavir + Ritonavir 200mg,Medicine,,tablet,No,100,Tablet,,Strip,10,,Box,10,,2
Raltegravir 400mg,Raltegravir 400mg,Medicine,,tablet,No,100,Tablet,,Strip,10,,Box,10,,2
Daclatasvir 60mg,Daclatasvir 60mg,Medicine,,tablet,No,100,Tablet,,Strip,10,,Box,10,,2
Ledipasvir + Sofosbuvir 90mg,Ledipasvir + Sofosbuvir 90mg,Medicine,,tablet,No,100,Tablet,,Strip,10,,Box,10,,2
Adefovir 10mg,Adefovir 10mg,Medicine,,tablet,No,100,Tablet,,Strip,10,,Box,10,,2
Telbivudine 600mg,Telbivudine 600mg,Medicine,,tablet,No,100,Tablet,,Strip,10,,Box,10,,2
Peginterferon Alfa-2a 180mcg Injection,Peginterferon Alfa-2a 180mcg,Medicine,,vial,No,10,Vial,,,,,,,,1
Tacrolimus 0.5mg,Tacrolimus 0.5mg,Medicine,,capsule,No,100,Capsule,,Strip,10,,Box,10,,2
Tacrolimus 1mg,Tacrolimus 1mg,Medicine,,capsule,No,100,Capsule,,Strip,10,,Box,10,,2
Tacrolimus 5mg,Tacrolimus 5mg,Medicine,,capsule,No,100,Capsule,,Strip,10,,Box,10,,2
Tacrolimus 1mg Prolonged Release,Tacrolimus prolonged release 1mg,Medicine,,capsule,No,100,Capsule,,Strip,10,,Box,10,,2
Mycophenolate Sodium 180mg,Mycophenolate Sodium 180mg,Medicine,,tablet,No,100,Tablet,,Strip,10,,Box,10,,2
Mycophenolate Sodium 360mg,Mycophenolate Sodium 360mg,Medicine,,tablet,No,100,Tablet,,Strip,10,,Box,10,,2
Everolimus 0.25mg,Everolimus 0.25mg,Medicine,,capsule,No,100,Capsule,,Strip,10,,Box,10,,2
Everolimus 0.5mg,Everolimus 0.5mg,Medicine,,capsule,No,100,Capsule,,Strip,10,,Box,10,,2
Everolimus 1mg,Everolimus 1mg,Medicine,,capsule,No,100,Capsule,,Strip,10,,Box,10,,2
Sirolimus 1mg,Sirolimus 1mg,Medicine,,capsule,No,100,Capsule,,Strip,10,,Box,10,,2
Sirolimus 2mg,Sirolimus 2mg,Medicine,,capsule,No,100,Capsule,,Strip,10,,Box,10,,2
Basiliximab 20mg Injection,Basiliximab 20mg,Medicine,,vial,No,10,Vial,,,,,,,,1
Anti-Thymocyte Globulin 25mg Injection,Anti-thymocyte globulin 25mg,Medicine,,vial,No,10,Vial,,,,,,,,1
Adalimumab 40mg Injection,Adalimumab 40mg,Medicine,,vial,No,10,Vial,,,,,,,,1
Etanercept 25mg Injection,Etanercept 25mg,Medicine,,vial,No,10,Vial,,,,,,,,1
Infliximab 100mg Injection,Infliximab 100mg,Medicine,,vial,No,10,Vial,,,,,,,,1
Tocilizumab 80mg Injection,Tocilizumab 80mg,Medicine,,vial,No,10,Vial,,,,,,,,1
Secukinumab 150mg Injection,Secukinumab 150mg,Medicine,,vial,No,10,Vial,,,,,,,,1
Omalizumab 150mg Injection,Omalizumab 150mg,Medicine,,vial,No,10,Vial,,,,,,,,1
Baricitinib 2mg,Baricitinib 2mg,Medicine,,tablet,No,100,Tablet,,Strip,10,,Box,10,,2
Baricitinib 4mg,Baricitinib 4mg,Medicine,,tablet,No,100,Tablet,,Strip,10,,Box,10,,2
Apremilast 10mg,Apremilast 10mg,Medicine,,tablet,No,100,Tablet,,Strip,10,,Box,10,,2
Apremilast 20mg,Apremilast 20mg,Medicine,,tablet,No,100,Tablet,,Strip,10,,Box,10,,2
Apremilast 30mg,Apremilast 30mg,Medicine,,tablet,No,100,Tablet,,Strip,10,,Box,10,,2
Somatropin 4 IU Injection,Recombinant Human Growth Hormone 4 IU,Medicine,,vial,No,10,Vial,,,,,,,,1
Somatropin 12 IU Cartridge,Recombinant Human Growth Hormone 12 IU,Medicine,,vial,No,10,Vial,,,,,,,,1
Danazol 50mg,Danazol 50mg,Medicine,,tablet,No,100,Tablet,,Strip,10,,Box,10,,2
Danazol 100mg,Danazol 100mg,Medicine,,tablet,No,100,Tablet,,Strip,10,,Box,10,,2
Danazol 200mg,Danazol 200mg,Medicine,,tablet,No,100,Tablet,,Strip,10,,Box,10,,2
Finasteride for hirsutism 2.5mg,Finasteride for hirsutism 2.5mg,Medicine,,tablet,No,100,Tablet,,Strip,10,,Box,10,,2
Ketoconazole for Cushing 200mg,Ketoconazole for Cushing 200mg,Medicine,,tablet,No,100,Tablet,,Strip,10,,Box,10,,2
Hydrocortisone oral 5mg,Hydrocortisone oral 5mg,Medicine,,tablet,No,100,Tablet,,Strip,10,,Box,10,,2
Hydrocortisone oral 10mg,Hydrocortisone oral 10mg,Medicine,,tablet,No,100,Tablet,,Strip,10,,Box,10,,2
Hydrocortisone oral 20mg,Hydrocortisone oral 20mg,Medicine,,tablet,No,100,Tablet,,Strip,10,,Box,10,,2
Fludrocortisone Acetate 0.1mg,Fludrocortisone Acetate 0.1mg,Medicine,,tablet,No,100,Tablet,,Strip,10,,Box,10,,2
Triptorelin 3.75mg Injection,Triptorelin 3.75mg,Medicine,,vial,No,10,Vial,,,,,,,,1
Desmopressin Nasal Spray 5ml,Desmopressin nasal spray,Medicine,,drops,No,6,Bottle,,,,,,,,1
Thiamazole 5mg,Thiamazole 5mg,Medicine,,tablet,No,100,Tablet,,Strip,10,,Box,10,,2
Sevelamer Hydrochloride 400mg,Sevelamer Hydrochloride 400mg,Medicine,,tablet,No,100,Tablet,,Strip,10,,Box,10,,2
Sevelamer Hydrochloride 800mg,Sevelamer Hydrochloride 800mg,Medicine,,tablet,No,100,Tablet,,Strip,10,,Box,10,,2
Cinacalcet 60mg,Cinacalcet 60mg,Medicine,,tablet,No,100,Tablet,,Strip,10,,Box,10,,2
Cinacalcet 90mg,Cinacalcet 90mg,Medicine,,tablet,No,100,Tablet,,Strip,10,,Box,10,,2
Allopurinol for tumour lysis 100mg,Allopurinol for tumour lysis 100mg,Medicine,,tablet,No,100,Tablet,,Strip,10,,Box,10,,2
Rasburicase 1.5mg,Rasburicase 1.5mg,Medicine,,tablet,No,100,Tablet,,Strip,10,,Box,10,,2
Factor VIII 250 IU Injection,Antihaemophilic Factor VIII 250 IU,Medicine,,vial,No,10,Vial,,,,,,,,1
Factor VIII 500 IU Injection,Antihaemophilic Factor VIII 500 IU,Medicine,,vial,No,10,Vial,,,,,,,,1
Factor IX 500 IU Injection,Factor IX complex 500 IU,Medicine,,vial,No,10,Vial,,,,,,,,1
Fresh Frozen Plasma Substitute,Plasma volume expander,Medicine,,vial,No,10,Vial,,,,,,,,1
Romiplostim 250mcg Injection,Romiplostim 250mcg,Medicine,,vial,No,10,Vial,,,,,,,,1
Eltrombopag 25mg,Eltrombopag 25mg,Medicine,,tablet,No,100,Tablet,,Strip,10,,Box,10,,2
Eltrombopag 50mg,Eltrombopag 50mg,Medicine,,tablet,No,100,Tablet,,Strip,10,,Box,10,,2
Danazol for ITP 100mg,Danazol for ITP 100mg,Medicine,,tablet,No,100,Tablet,,Strip,10,,Box,10,,2
Deferasirox 125mg,Deferasirox 125mg,Medicine,,tablet,No,100,Tablet,,Strip,10,,Box,10,,2
Deferasirox 250mg,Deferasirox 250mg,Medicine,,tablet,No,100,Tablet,,Strip,10,,Box,10,,2
Deferasirox 500mg,Deferasirox 500mg,Medicine,,tablet,No,100,Tablet,,Strip,10,,Box,10,,2
Deferiprone 250mg,Deferiprone 250mg,Medicine,,tablet,No,100,Tablet,,Strip,10,,Box,10,,2
Deferiprone 500mg,Deferiprone 500mg,Medicine,,tablet,No,100,Tablet,,Strip,10,,Box,10,,2
Desferrioxamine 500mg Injection,Desferrioxamine Mesylate 500mg,Medicine,,vial,No,10,Vial,,,,,,,,1
Folic Acid for thalassaemia 5mg,Folic Acid for thalassaemia 5mg,Medicine,,tablet,No,100,Tablet,,Strip,10,,Box,10,,2
Penicillamine 250mg,Penicillamine 250mg,Medicine,,tablet,No,100,Tablet,,Strip,10,,Box,10,,2
Trientine 250mg,Trientine 250mg,Medicine,,tablet,No,100,Tablet,,Strip,10,,Box,10,,2
Zinc Acetate for Wilson disease 25mg,Zinc Acetate for Wilson disease 25mg,Medicine,,tablet,No,100,Tablet,,Strip,10,,Box,10,,2
Zinc Acetate for Wilson disease 50mg,Zinc Acetate for Wilson disease 50mg,Medicine,,tablet,No,100,Tablet,,Strip,10,,Box,10,,2
Riluzole 50mg,Riluzole 50mg,Medicine,,tablet,No,100,Tablet,,Strip,10,,Box,10,,2
Pyridostigmine 60mg,Pyridostigmine 60mg,Medicine,,tablet,No,100,Tablet,,Strip,10,,Box,10,,2
Tetrabenazine 12.5mg,Tetrabenazine 12.5mg,Medicine,,tablet,No,100,Tablet,,Strip,10,,Box,10,,2
Tetrabenazine 25mg,Tetrabenazine 25mg,Medicine,,tablet,No,100,Tablet,,Strip,10,,Box,10,,2
Modafinil 100mg,Modafinil 100mg,Medicine,,tablet,No,100,Tablet,,Strip,10,,Box,10,,2
Modafinil 200mg,Modafinil 200mg,Medicine,,tablet,No,100,Tablet,,Strip,10,,Box,10,,2
Armodafinil 50mg,Armodafinil 50mg,Medicine,,tablet,No,100,Tablet,,Strip,10,,Box,10,,2
Armodafinil 150mg,Armodafinil 150mg,Medicine,,tablet,No,100,Tablet,,Strip,10,,Box,10,,2
Sildenafil for pulmonary hypertension 20mg,Sildenafil for pulmonary hypertension 20mg,Medicine,,tablet,No,100,Tablet,,Strip,10,,Box,10,,2
Bosentan 62.5mg,Bosentan 62.5mg,Medicine,,tablet,No,100,Tablet,,Strip,10,,Box,10,,2
Bosentan 125mg,Bosentan 125mg,Medicine,,tablet,No,100,Tablet,,Strip,10,,Box,10,,2
Ambrisentan 5mg,Ambrisentan 5mg,Medicine,,tablet,No,100,Tablet,,Strip,10,,Box,10,,2
Ambrisentan 10mg,Ambrisentan 10mg,Medicine,,tablet,No,100,Tablet,,Strip,10,,Box,10,,2
Tadalafil for pulmonary hypertension 20mg,Tadalafil for pulmonary hypertension 20mg,Medicine,,tablet,No,100,Tablet,,Strip,10,,Box,10,,2
Pirfenidone 200mg,Pirfenidone 200mg,Medicine,,tablet,No,100,Tablet,,Strip,10,,Box,10,,2
Pirfenidone 400mg,Pirfenidone 400mg,Medicine,,tablet,No,100,Tablet,,Strip,10,,Box,10,,2
Nintedanib 100mg,Nintedanib 100mg,Medicine,,capsule,No,100,Capsule,,Strip,10,,Box,10,,2
Nintedanib 150mg,Nintedanib 150mg,Medicine,,capsule,No,100,Capsule,,Strip,10,,Box,10,,2
Veloz 10,Rabeprazole 10mg,Medicine,Torrent,tablet,No,100,Tablet,,Strip,10,,Box,10,,2
Veloz 20,Rabeprazole 20mg,Medicine,Torrent,tablet,No,100,Tablet,,Strip,10,,Box,10,,2
Veloz-D,Rabeprazole 20mg + Domperidone SR 30mg,Medicine,Torrent,tablet,No,100,Tablet,,Strip,10,,Box,10,,2
Rekool 10,Rabeprazole 10mg,Medicine,Cipla,tablet,No,100,Tablet,,Strip,10,,Box,10,,2
Rekool 20,Rabeprazole 20mg,Medicine,Cipla,tablet,No,100,Tablet,,Strip,10,,Box,10,,2
Rekool-D,Rabeprazole 20mg + Domperidone SR 30mg,Medicine,Cipla,tablet,No,100,Tablet,,Strip,10,,Box,10,,2
Nexium 20,Esomeprazole 20mg,Medicine,AstraZeneca,tablet,No,100,Tablet,,Strip,10,,Box,10,,2
Nexium 40,Esomeprazole 40mg,Medicine,AstraZeneca,tablet,No,100,Tablet,,Strip,10,,Box,10,,2
Aciloc RD,Rabeprazole 20mg + Domperidone SR 30mg,Medicine,Cadila,tablet,No,100,Tablet,,Strip,10,,Box,10,,2
Zinetac 300,Ranitidine 300mg,Medicine,GSK,tablet,No,100,Tablet,,Strip,10,,Box,10,,2
Rantac 300,Ranitidine 300mg,Medicine,JB Chemicals,tablet,No,100,Tablet,,Strip,10,,Box,10,,2
Rantac Syrup 100ml,Ranitidine 75mg/5ml,Medicine,JB Chemicals,bottle,No,10,Bottle,,,,,,,,1
Aciloc 300,Ranitidine 300mg,Medicine,Cadila,tablet,No,100,Tablet,,Strip,10,,Box,10,,2
Looz Powder Sachet,Lactulose powder,Medicine,Intas,bottle,No,10,Bottle,,,,,,,,1
Cremaffin 225ml,Liquid Paraffin with Milk of Magnesia,Medicine,Abbott,bottle,No,10,Bottle,,,,,,,,1
Duphalac Sachet 15ml,Lactulose 10g/15ml,Medicine,Abbott,tablet,No,100,Tablet,,Strip,10,,Box,10,,2
Mesacol OD 1.2g,Mesalamine 1.2g,Medicine,Sun Pharma,tablet,No,100,Tablet,,Strip,10,,Box,10,,2
Mesacol Suppository,Mesalamine suppository,Medicine,Sun Pharma,box,No,10,Piece,,,,,,,,1
Udiliv 150,Ursodeoxycholic Acid 150mg,Medicine,Abbott,tablet,No,100,Tablet,,Strip,10,,Box,10,,2
Udiliv 300 Forte,Ursodeoxycholic Acid 300mg,Medicine,Abbott,tablet,No,100,Tablet,,Strip,10,,Box,10,,2
Normaxin RT,Chlordiazepoxide + Dicyclomine + Simethicone,Medicine,Systopic,tablet,Yes,100,Tablet,,Strip,10,,Box,10,,2
Cyclopam DS,Dicyclomine 20mg + Paracetamol 500mg,Medicine,Indoco,tablet,No,100,Tablet,,Strip,10,,Box,10,,2
Drotin DS,Drotaverine 80mg,Medicine,Walter Bushnell,tablet,No,100,Tablet,,Strip,10,,Box,10,,2
Meftal-Spas DS,Dicyclomine 20mg + Mefenamic Acid 500mg,Medicine,Blue Cross,tablet,No,100,Tablet,,Strip,10,,Box,10,,2
Ceftas 100,Cefixime 100mg,Medicine,Intas,tablet,No,100,Tablet,,Strip,10,,Box,10,,2
Ceftas 200,Cefixime 200mg,Medicine,Intas,tablet,No,100,Tablet,,Strip,10,,Box,10,,2
Ceftas-CV 200,Cefixime 200mg + Clavulanic Acid 125mg,Medicine,Intas,tablet,No,100,Tablet,,Strip,10,,Box,10,,2
Ceftas Dry Syrup 30ml,Cefixime 50mg/5ml,Medicine,Intas,bottle,No,10,Bottle,,,,,,,,1
Topcef 100,Cefixime 100mg,Medicine,Mankind,tablet,No,100,Tablet,,Strip,10,,Box,10,,2
Topcef 200,Cefixime 200mg,Medicine,Mankind,tablet,No,100,Tablet,,Strip,10,,Box,10,,2
Topcef-O 200,Cefixime 200mg + Ofloxacin 200mg,Medicine,Mankind,tablet,No,100,Tablet,,Strip,10,,Box,10,,2
Topcef Dry Syrup 30ml,Cefixime 50mg/5ml,Medicine,Mankind,bottle,No,10,Bottle,,,,,,,,1
Cetil 250,Cefuroxime 250mg,Medicine,Lupin,tablet,No,100,Tablet,,Strip,10,,Box,10,,2
Cetil 500,Cefuroxime 500mg,Medicine,Lupin,tablet,No,100,Tablet,,Strip,10,,Box,10,,2
Zenflox 200,Ofloxacin 200mg,Medicine,Mankind,tablet,No,100,Tablet,,Strip,10,,Box,10,,2
Zenflox 400,Ofloxacin 400mg,Medicine,Mankind,tablet,No,100,Tablet,,Strip,10,,Box,10,,2
Zenflox-OZ,Ofloxacin 200mg + Ornidazole 500mg,Medicine,Mankind,tablet,No,100,Tablet,,Strip,10,,Box,10,,2
Zenflox Suspension 30ml,Ofloxacin 50mg/5ml,Medicine,Mankind,bottle,No,10,Bottle,,,,,,,,1
Zoxan 500,Ciprofloxacin 500mg,Medicine,FDC,tablet,No,100,Tablet,,Strip,10,,Box,10,,2
Zoxan-TZ,Ciprofloxacin 500mg + Tinidazole 600mg,Medicine,FDC,tablet,No,100,Tablet,,Strip,10,,Box,10,,2
Aziwok Liquid 15ml,Azithromycin 200mg/5ml,Medicine,Wockhardt,bottle,No,10,Bottle,,,,,,,,1
Lizolid 300,Linezolid 300mg,Medicine,Glenmark,tablet,No,100,Tablet,,Strip,10,,Box,10,,2
Lizolid Suspension 60ml,Linezolid 100mg/5ml,Medicine,Glenmark,bottle,No,10,Bottle,,,,,,,,1
Linospan 300,Linezolid 300mg,Medicine,Cipla,tablet,No,100,Tablet,,Strip,10,,Box,10,,2
Rifagut 550,Rifaximin 550mg,Medicine,Sun Pharma,tablet,No,100,Tablet,,Strip,10,,Box,10,,2
Dazolic 1000,Ornidazole 1000mg,Medicine,Sun Pharma,tablet,No,100,Tablet,,Strip,10,,Box,10,,2
Dazolic Suspension 30ml,Ornidazole 125mg/5ml,Medicine,Sun Pharma,bottle,No,10,Bottle,,,,,,,,1
Tiniba 300,Tinidazole 300mg,Medicine,Zydus,tablet,No,100,Tablet,,Strip,10,,Box,10,,2
Tiniba 1000,Tinidazole 1000mg,Medicine,Zydus,tablet,No,100,Tablet,,Strip,10,,Box,10,,2
Zentel Chewable 400,Albendazole 400mg chewable,Medicine,GSK,tablet,No,100,Tablet,,Strip,10,,Box,10,,2
Ivermectol 6,Ivermectin 6mg,Medicine,Sun Pharma,tablet,No,100,Tablet,,Strip,10,,Box,10,,2
Ivermectol 3,Ivermectin 3mg,Medicine,Sun Pharma,tablet,No,100,Tablet,,Strip,10,,Box,10,,2
HCQS 300,Hydroxychloroquine 300mg,Medicine,Ipca,tablet,No,100,Tablet,,Strip,10,,Box,10,,2
Lariago DS,Chloroquine 500mg,Medicine,Ipca,tablet,No,100,Tablet,,Strip,10,,Box,10,,2
Forcan 50,Fluconazole 50mg,Medicine,Cipla,tablet,No,100,Tablet,,Strip,10,,Box,10,,2
Forcan 400,Fluconazole 400mg,Medicine,Cipla,tablet,No,100,Tablet,,Strip,10,,Box,10,,2
Zocon 200,Fluconazole 200mg,Medicine,FDC,tablet,No,100,Tablet,,Strip,10,,Box,10,,2
Zocon 400,Fluconazole 400mg,Medicine,FDC,tablet,No,100,Tablet,,Strip,10,,Box,10,,2
Zocon Suspension 30ml,Fluconazole 50mg/5ml,Medicine,FDC,bottle,No,10,Bottle,,,,,,,,1
Candiforce 50,Itraconazole 50mg,Medicine,Mankind,capsule,No,100,Capsule,,Strip,10,,Box,10,,2
Sporanox 200,Itraconazole 200mg,Medicine,Janssen,capsule,No,100,Capsule,,Strip,10,,Box,10,,2
Sebifin 125,Terbinafine 125mg,Medicine,Sun Pharma,tablet,No,100,Tablet,,Strip,10,,Box,10,,2
Sebifin Cream 10g,Terbinafine 1% cream,Medicine,Sun Pharma,tube,No,6,Tube,,,,,,,,1
Lamisil Cream 10g,Terbinafine 1% cream,Medicine,Novartis,tube,No,6,Tube,,,,,,,,1
Valcivir 250,Valacyclovir 250mg,Medicine,Cipla,tablet,No,100,Tablet,,Strip,10,,Box,10,,2
Acivir 200 DT,Acyclovir 200mg dispersible,Medicine,Cipla,tablet,No,100,Tablet,,Strip,10,,Box,10,,2
Acivir Eye Ointment 5g,Acyclovir 3% eye ointment,Medicine,Cipla,tube,No,6,Tube,,,,,,,,1
Amlokind-L 2.5,S-Amlodipine 2.5mg,Medicine,Mankind,tablet,No,100,Tablet,,Strip,10,,Box,10,,2
Amlodac-AT,Amlodipine 5mg + Atenolol 50mg,Medicine,Zydus,tablet,No,100,Tablet,,Strip,10,,Box,10,,2
Cilacar-M,Cilnidipine 10mg + Metoprolol 50mg,Medicine,JB Chemicals,tablet,No,100,Tablet,,Strip,10,,Box,10,,2
Cilacar-D,Cilnidipine 10mg + Chlorthalidone 12.5mg,Medicine,JB Chemicals,tablet,No,100,Tablet,,Strip,10,,Box,10,,2
Nebicard-H,Nebivolol 5mg + Hydrochlorothiazide 12.5mg,Medicine,Torrent,tablet,No,100,Tablet,,Strip,10,,Box,10,,2
Nebistar-SA,Nebivolol 5mg + S-Amlodipine 2.5mg,Medicine,Lupin,tablet,No,100,Tablet,,Strip,10,,Box,10,,2
Concor-AM 5,Bisoprolol 5mg + Amlodipine 5mg,Medicine,Merck,tablet,No,100,Tablet,,Strip,10,,Box,10,,2
Met XL-AM 25,Metoprolol 25mg + Amlodipine 5mg,Medicine,Ajanta,tablet,No,100,Tablet,,Strip,10,,Box,10,,2
Dytor-A 10,Torsemide 10mg + Amlodipine 5mg,Medicine,Cipla,tablet,No,100,Tablet,,Strip,10,,Box,10,,2
Storvas-CV 10,Atorvastatin 10mg + Clopidogrel 75mg + Aspirin,Medicine,Sun Pharma,tablet,No,100,Tablet,,Strip,10,,Box,10,,2
Aztor-ASP 75,Atorvastatin 10mg + Aspirin 75mg,Medicine,Sun Pharma,tablet,No,100,Tablet,,Strip,10,,Box,10,,2
Tonact-TG 10,Atorvastatin 10mg + Fenofibrate 160mg,Medicine,Lupin,tablet,No,100,Tablet,,Strip,10,,Box,10,,2
Glycomet-GP 0.5,Glimepiride 0.5mg + Metformin 500mg,Medicine,USV,tablet,No,100,Tablet,,Strip,10,,Box,10,,2
Glycomet-GP 3,Glimepiride 3mg + Metformin 500mg,Medicine,USV,tablet,No,100,Tablet,,Strip,10,,Box,10,,2
Glycomet Trio 1,Glimepiride + Metformin + Pioglitazone,Medicine,USV,tablet,No,100,Tablet,,Strip,10,,Box,10,,2
Zoryl Trio 2,Glimepiride + Metformin + Pioglitazone,Medicine,Intas,tablet,No,100,Tablet,,Strip,10,,Box,10,,2
Amaryl MV 1,Glimepiride + Metformin + Voglibose,Medicine,Sanofi,tablet,No,100,Tablet,,Strip,10,,Box,10,,2
Istavel-M 50/500,Sitagliptin 50mg + Metformin 500mg,Medicine,Sun Pharma,tablet,No,100,Tablet,,Strip,10,,Box,10,,2
Jalra-OD 100,Vildagliptin 100mg,Medicine,USV,tablet,No,100,Tablet,,Strip,10,,Box,10,,2
Volibo 0.2,Voglibose 0.2mg,Medicine,Sun Pharma,tablet,No,100,Tablet,,Strip,10,,Box,10,,2
Volibo-M 0.2,Voglibose 0.2mg + Metformin 500mg,Medicine,Sun Pharma,tablet,No,100,Tablet,,Strip,10,,Box,10,,2
Zerodol Spas,Aceclofenac + Drotaverine,Medicine,Ipca,tablet,No,100,Tablet,,Strip,10,,Box,10,,2
Zerodol-CR 200,Aceclofenac controlled release 200mg,Medicine,Ipca,tablet,No,100,Tablet,,Strip,10,,Box,10,,2
Hifenac-SP,Aceclofenac + Paracetamol + Serratiopeptidase,Medicine,Intas,tablet,No,100,Tablet,,Strip,10,,Box,10,,2
Nucoxia-P,Etoricoxib 60mg + Paracetamol 325mg,Medicine,Zydus,tablet,No,100,Tablet,,Strip,10,,Box,10,,2
Nucoxia-SP,Etoricoxib + Serratiopeptidase,Medicine,Zydus,tablet,No,100,Tablet,,Strip,10,,Box,10,,2
Etoshine-MR,Etoricoxib + Thiocolchicoside,Medicine,Sun Pharma,tablet,No,100,Tablet,,Strip,10,,Box,10,,2
Myoril Plus,Thiocolchicoside 4mg + Aceclofenac 100mg,Medicine,Sanofi,tablet,No,100,Tablet,,Strip,10,,Box,10,,2
Myospaz,Chlorzoxazone + Paracetamol,Medicine,Wockhardt,tablet,No,100,Tablet,,Strip,10,,Box,10,,2
Sirdalud 4,Tizanidine 4mg,Medicine,Novartis,tablet,No,100,Tablet,,Strip,10,,Box,10,,2
Gabapin NT 100,Gabapentin 100mg + Nortriptyline 10mg,Medicine,Intas,capsule,No,100,Capsule,,Strip,10,,Box,10,,2
Pregabid NT 75,Pregabalin 75mg + Nortriptyline 10mg,Medicine,Intas,capsule,No,100,Capsule,,Strip,10,,Box,10,,2
Maxgalin M 75,Pregabalin 75mg + Methylcobalamin,Medicine,Sun Pharma,capsule,No,100,Capsule,,Strip,10,,Box,10,,2
Nurokind Gold,Methylcobalamin with Alpha Lipoic Acid and vitamins,Medicine,Mankind,tablet,No,100,Tablet,,Strip,10,,Box,10,,2
Nurokind-OD,Methylcobalamin 1500mcg,Medicine,Mankind,tablet,No,100,Tablet,,Strip,10,,Box,10,,2
Nurokind Syrup 200ml,Methylcobalamin syrup,Medicine,Mankind,bottle,No,10,Bottle,,,,,,,,1
Neurobion Forte RF,Vitamin B complex with B12,Medicine,Merck,tablet,No,100,Tablet,,Strip,10,,Box,10,,2
Ultracet Semi,Tramadol 18.75mg + Paracetamol 162.5mg,Medicine,Janssen,tablet,Yes,100,Tablet,,Strip,10,,Box,10,,2
Tramazac-P,Tramadol 37.5mg + Paracetamol 325mg,Medicine,Zydus,tablet,Yes,100,Tablet,,Strip,10,,Box,10,,2
Candid-B Lotion 15ml,Clotrimazole + Beclomethasone lotion,Medicine,Glenmark,tube,No,6,Tube,,,,,,,,1
Candid-TV Gel 30g,Clotrimazole vaginal gel,Medicine,Glenmark,tube,No,6,Tube,,,,,,,,1
Onabet-SD Lotion 30ml,Sertaconazole lotion,Medicine,Glenmark,tube,No,6,Tube,,,,,,,,1
Onabet Soap 75g,Sertaconazole medicated soap,Medicine,Glenmark,bottle,No,10,Bottle,,,,,,,,1
Lulifin Lotion 30ml,Luliconazole 1% lotion,Medicine,Sun Pharma,tube,No,6,Tube,,,,,,,,1
Momate-XT Cream 15g,Mometasone + Terbinafine,Medicine,Glenmark,tube,No,6,Tube,,,,,,,,1
Momate-F Cream 15g,Mometasone + Fusidic Acid,Medicine,Glenmark,tube,No,6,Tube,,,,,,,,1
Momate Scalp Lotion 30ml,Mometasone scalp lotion,Medicine,Glenmark,bottle,No,10,Bottle,,,,,,,,1
Deriva-MS Gel 15g,Adapalene microsphere gel,Medicine,Glenmark,tube,No,6,Tube,,,,,,,,1
Acnestar Gel 15g,Benzoyl Peroxide gel,Medicine,Mankind,tube,No,6,Tube,,,,,,,,1
Acnestar Face Wash 50g,Acne face wash,Medicine,Mankind,bottle,No,10,Bottle,,,,,,,,1
Faceclin Gel 15g,Clindamycin gel,Medicine,Zydus,tube,No,6,Tube,,,,,,,,1
Clindac-A Lotion 30ml,Clindamycin 1% lotion,Medicine,Galderma,tube,No,6,Tube,,,,,,,,1
Elovera Lotion 100ml,Moisturising lotion,Medicine,Glenmark,bottle,No,10,Bottle,,,,,,,,1
Elovera Cream 75g,Moisturising cream,Medicine,Glenmark,tube,No,6,Tube,,,,,,,,1
Suncros Soft Lotion 60ml,Sunscreen lotion,Medicine,Mankind,bottle,No,10,Bottle,,,,,,,,1
La Shield Sunscreen Gel 50g,Broad spectrum sunscreen gel,Medicine,Glenmark,bottle,No,10,Bottle,,,,,,,,1
Venusia Max Lotion 300ml,Moisturising lotion,Medicine,Dr. Reddy's,bottle,No,10,Bottle,,,,,,,,1
Cetaphil Moisturising Lotion 250ml,Moisturising lotion,Medicine,Galderma,bottle,No,10,Bottle,,,,,,,,1
Sebamed Cleansing Bar 100g,pH balanced cleansing bar,Other,Sebamed,bottle,No,10,Bottle,,,,,,,,1
Sebamed Baby Wash 200ml,Baby cleansing wash,Other,Sebamed,bottle,No,10,Bottle,,,,,,,,1
Mintop Forte 2% Solution 60ml,Minoxidil 2% topical solution,Medicine,Dr. Reddy's,bottle,No,10,Bottle,,,,,,,,1
Mintop Eva Solution 60ml,Minoxidil for women,Medicine,Dr. Reddy's,bottle,No,10,Bottle,,,,,,,,1
Selsun Blue Shampoo 120ml,Anti-dandruff shampoo,Medicine,Abbott,bottle,No,10,Bottle,,,,,,,,1
Nizral Shampoo 100ml,Ketoconazole 2% shampoo,Medicine,Janssen,bottle,No,10,Bottle,,,,,,,,1
T-Bact Cream 5g,Mupirocin 2% cream,Medicine,GSK,tube,No,6,Tube,,,,,,,,1
Silverex Ointment 15g,Silver Sulphadiazine ointment,Medicine,Ranbaxy,tube,No,6,Tube,,,,,,,,1
Megaheal Ointment 20g,Wound healing ointment,Medicine,Wockhardt,tube,No,6,Tube,,,,,,,,1
Montair-FX,Montelukast 10mg + Fexofenadine 120mg,Medicine,Cipla,tablet,No,100,Tablet,,Strip,10,,Box,10,,2
Montek-FX,Montelukast 10mg + Fexofenadine 120mg,Medicine,Sun Pharma,tablet,No,100,Tablet,,Strip,10,,Box,10,,2
Montek-LC Kid Syrup 60ml,Montelukast with Levocetirizine,Medicine,Sun Pharma,bottle,No,10,Bottle,,,,,,,,1
Allegra-M,Fexofenadine 120mg + Montelukast 10mg,Medicine,Sanofi,tablet,No,100,Tablet,,Strip,10,,Box,10,,2
Alerid-D Syrup 60ml,Cetirizine with Phenylephrine,Medicine,Cipla,bottle,No,10,Bottle,,,,,,,,1
Alerid-D,Cetirizine 5mg + Phenylephrine 10mg,Medicine,Cipla,tablet,No,100,Tablet,,Strip,10,,Box,10,,2
Teczine Drops 15ml,Levocetirizine 2.5mg/ml,Medicine,Alkem,bottle,No,10,Bottle,,,,,,,,1
Teczine-M,Levocetirizine + Montelukast,Medicine,Alkem,tablet,No,100,Tablet,,Strip,10,,Box,10,,2
Ascoril LS Drops 15ml,Levosalbutamol + Ambroxol drops,Medicine,Glenmark,bottle,No,10,Bottle,,,,,,,,1
Ascoril Plus Syrup 100ml,Cough syrup,Medicine,Glenmark,bottle,No,10,Bottle,,,,,,,,1
Mucolite-D Syrup 100ml,Ambroxol with Dextromethorphan,Medicine,Dr. Reddy's,bottle,No,10,Bottle,,,,,,,,1
Mucinac 600 Sachet,Acetylcysteine 600mg effervescent,Medicine,Cipla,bottle,No,10,Bottle,,,,,,,,1
Mucinac 200 Sachet,Acetylcysteine 200mg,Medicine,Cipla,bottle,No,10,Bottle,,,,,,,,1
Budamate 200 Inhaler,Formoterol + Budesonide,Medicine,Mankind,box,No,5,Inhaler,,,,,,,,1
Budamate 400 Inhaler,Formoterol + Budesonide,Medicine,Mankind,box,No,5,Inhaler,,,,,,,,1
Combihale FB 200 Inhaler,Formoterol + Budesonide,Medicine,Cipla,box,No,5,Inhaler,,,,,,,,1
Budamate Respules 2ml,Formoterol + Budesonide respules,Medicine,Mankind,vial,No,10,Vial,,,,,,,,1
Aerocort Inhaler,Beclomethasone + Levosalbutamol,Medicine,Cipla,box,No,5,Inhaler,,,,,,,,1
Aerocort Rotacaps,Beclomethasone + Levosalbutamol rotacaps,Medicine,Cipla,box,No,5,Inhaler,,,,,,,,1
Beclate 200 Inhaler,Beclomethasone 200mcg/dose,Medicine,Cipla,box,No,5,Inhaler,,,,,,,,1
Beclate Nasal Spray 10ml,Beclomethasone nasal spray,Medicine,Cipla,drops,No,6,Bottle,,,,,,,,1
Azithromycin Suspension 30ml 100mg,Azithromycin 100mg/5ml,Medicine,,bottle,No,10,Bottle,,,,,,,,1
Cefpodoxime + Clavulanate Dry Syrup 30ml,Cefpodoxime with Clavulanic Acid,Medicine,,bottle,No,10,Bottle,,,,,,,,1
Cefixime + Clavulanate Dry Syrup 30ml,Cefixime with Clavulanic Acid,Medicine,,bottle,No,10,Bottle,,,,,,,,1
Amoxicillin + Clavulanate Dry Syrup 60ml,Amoxicillin with Clavulanate,Medicine,,bottle,No,10,Bottle,,,,,,,,1
Cephalexin Suspension 100ml,Cephalexin 250mg/5ml,Medicine,,bottle,No,10,Bottle,,,,,,,,1
Clindamycin Suspension 30ml,Clindamycin 75mg/5ml,Medicine,,bottle,No,10,Bottle,,,,,,,,1
Fluconazole Syrup 35ml,Fluconazole 50mg/5ml,Medicine,,bottle,No,10,Bottle,,,,,,,,1
Griseofulvin Suspension 60ml,Griseofulvin 125mg/5ml,Medicine,,bottle,No,10,Bottle,,,,,,,,1
Ivermectin Suspension 10ml,Ivermectin 3mg/5ml,Medicine,,bottle,No,10,Bottle,,,,,,,,1
Hydroxychloroquine Suspension 60ml,Hydroxychloroquine 100mg/5ml,Medicine,,bottle,No,10,Bottle,,,,,,,,1
Prednisolone Oral Solution 30ml,Prednisolone 15mg/5ml,Medicine,,bottle,No,10,Bottle,,,,,,,,1
Deflazacort Suspension 30ml,Deflazacort 6mg/5ml,Medicine,,bottle,No,10,Bottle,,,,,,,,1
Methylprednisolone Suspension 30ml,Methylprednisolone 8mg/5ml,Medicine,,bottle,No,10,Bottle,,,,,,,,1
Cetirizine Oral Solution 30ml,Cetirizine 5mg/5ml,Medicine,,bottle,No,10,Bottle,,,,,,,,1
Chlorpheniramine Syrup 60ml,Chlorpheniramine 2mg/5ml,Medicine,,bottle,No,10,Bottle,,,,,,,,1
Promethazine Syrup 60ml,Promethazine 5mg/5ml,Medicine,,bottle,No,10,Bottle,,,,,,,,1
Ranitidine Oral Solution 100ml,Ranitidine 75mg/5ml,Medicine,,bottle,No,10,Bottle,,,,,,,,1
Sucralfate Suspension 100ml,Sucralfate 1g/10ml,Medicine,,bottle,No,10,Bottle,,,,,,,,1
Metoclopramide Syrup 60ml,Metoclopramide 5mg/5ml,Medicine,,bottle,No,10,Bottle,,,,,,,,1
Dicyclomine Drops 15ml,Dicyclomine 10mg/ml,Medicine,,bottle,No,10,Bottle,,,,,,,,1
Paracetamol + Dicyclomine Suspension 60ml,Paracetamol with Dicyclomine,Medicine,,bottle,No,10,Bottle,,,,,,,,1
Cyproheptadine Syrup 100ml,Cyproheptadine 2mg/5ml,Medicine,,bottle,No,10,Bottle,,,,,,,,1
Sodium Valproate Oral Solution 200ml,Sodium Valproate 200mg/5ml,Medicine,,bottle,No,10,Bottle,,,,,,,,1
Clonazepam Oral Drops 15ml,Clonazepam 2.5mg/ml,Medicine,,bottle,Yes,10,Bottle,,,,,,,,1
Phenobarbitone Oral Solution 30ml,Phenobarbitone 20mg/5ml,Medicine,,bottle,Yes,10,Bottle,,,,,,,,1
Baclofen Oral Solution 100ml,Baclofen 5mg/5ml,Medicine,,bottle,No,10,Bottle,,,,,,,,1
Potassium Chloride Oral Solution 100ml,Potassium Chloride oral solution,Medicine,,bottle,No,10,Bottle,,,,,,,,1
Sodium Valproate Sprinkle Capsule,Sodium Valproate sprinkle 125mg,Medicine,,bottle,No,10,Bottle,,,,,,,,1
Levocarnitine Oral Solution 100ml,Levocarnitine 500mg/5ml,Medicine,,bottle,No,10,Bottle,,,,,,,,1
Ursodeoxycholic Acid Syrup 60ml,Ursodeoxycholic Acid 125mg/5ml,Medicine,,bottle,No,10,Bottle,,,,,,,,1
Salbutamol + Guaiphenesin Syrup 100ml,Salbutamol with Guaiphenesin,Medicine,,bottle,No,10,Bottle,,,,,,,,1
Ambroxol + Levosalbutamol Syrup 100ml,Ambroxol with Levosalbutamol,Medicine,,bottle,No,10,Bottle,,,,,,,,1
Chlorpheniramine + Phenylephrine Syrup 100ml,Cold syrup,Medicine,,bottle,No,10,Bottle,,,,,,,,1
Diphenhydramine + Ammonium Chloride Syrup 100ml,Cough syrup,Medicine,,bottle,No,10,Bottle,,,,,,,,1
Ondansetron 2mg Mouth Dissolving,Ondansetron 2mg orally disintegrating,Medicine,,tablet,No,100,Tablet,,Strip,10,,Box,10,,2
Domperidone 10mg Mouth Dissolving,Domperidone 10mg orally disintegrating,Medicine,,tablet,No,100,Tablet,,Strip,10,,Box,10,,2
Rizatriptan 10mg Mouth Dissolving,Rizatriptan 10mg orally disintegrating,Medicine,,tablet,No,100,Tablet,,Strip,10,,Box,10,,2
Aripiprazole 10mg Mouth Dissolving,Aripiprazole 10mg orally disintegrating,Medicine,,tablet,No,100,Tablet,,Strip,10,,Box,10,,2
Risperidone 2mg Mouth Dissolving,Risperidone 2mg orally disintegrating,Medicine,,tablet,No,100,Tablet,,Strip,10,,Box,10,,2
Levocetirizine 5mg Mouth Dissolving,Levocetirizine 5mg orally disintegrating,Medicine,,tablet,No,100,Tablet,,Strip,10,,Box,10,,2
Montelukast 10mg Mouth Dissolving,Montelukast 10mg orally disintegrating,Medicine,,tablet,No,100,Tablet,,Strip,10,,Box,10,,2
Etoricoxib 60mg Mouth Dissolving,Etoricoxib 60mg orally disintegrating,Medicine,,tablet,No,100,Tablet,,Strip,10,,Box,10,,2
Nimesulide 100mg Mouth Dissolving,Nimesulide 100mg orally disintegrating,Medicine,,tablet,No,100,Tablet,,Strip,10,,Box,10,,2
Cefixime 50mg Dispersible for infants,Cefixime 50mg dispersible,Medicine,,tablet,No,100,Tablet,,Strip,10,,Box,10,,2
Ofloxacin 50mg Dispersible,Ofloxacin 50mg dispersible,Medicine,,tablet,No,100,Tablet,,Strip,10,,Box,10,,2
Azithromycin 50mg Dispersible,Azithromycin 50mg dispersible,Medicine,,tablet,No,100,Tablet,,Strip,10,,Box,10,,2
Zinc 20mg Dispersible for children,Zinc Sulphate 20mg dispersible,Medicine,,tablet,No,100,Tablet,,Strip,10,,Box,10,,2
Ondansetron 4mg Dispersible,Ondansetron 4mg dispersible,Medicine,,tablet,No,100,Tablet,,Strip,10,,Box,10,,2
Prednisolone 5mg Dispersible,Prednisolone 5mg dispersible,Medicine,,tablet,No,100,Tablet,,Strip,10,,Box,10,,2
Prednisolone 10mg Dispersible,Prednisolone 10mg dispersible,Medicine,,tablet,No,100,Tablet,,Strip,10,,Box,10,,2
Deflazacort 6mg Dispersible,Deflazacort 6mg dispersible,Medicine,,tablet,No,100,Tablet,,Strip,10,,Box,10,,2
Levetiracetam 250mg Dispersible,Levetiracetam 250mg dispersible,Medicine,,tablet,No,100,Tablet,,Strip,10,,Box,10,,2
Rifampicin 75mg + Isoniazid 50mg Dispersible,Paediatric TB combination,Medicine,,tablet,No,100,Tablet,,Strip,10,,Box,10,,2
Pyrazinamide 150mg Dispersible,Pyrazinamide 150mg dispersible,Medicine,,tablet,No,100,Tablet,,Strip,10,,Box,10,,2
Ethambutol 100mg Dispersible,Ethambutol 100mg dispersible,Medicine,,tablet,No,100,Tablet,,Strip,10,,Box,10,,2
Ofloxacin Paediatric Drops 15ml,Ofloxacin oral drops,Medicine,,drops,No,6,Bottle,,,,,,,,1
Cefixime Oral Drops 10ml,Cefixime 25mg/ml oral drops,Medicine,,drops,No,6,Bottle,,,,,,,,1
Azithromycin Oral Drops 15ml,Azithromycin oral drops,Medicine,,drops,No,6,Bottle,,,,,,,,1
Ondansetron Oral Drops 15ml,Ondansetron 2mg/ml drops,Medicine,,drops,No,6,Bottle,,,,,,,,1
Racecadotril Oral Drops 15ml,Racecadotril oral drops,Medicine,,drops,No,6,Bottle,,,,,,,,1
Levocetirizine + Montelukast Drops 15ml,Levocetirizine with Montelukast,Medicine,,drops,No,6,Bottle,,,,,,,,1
Salbutamol Oral Drops 15ml,Salbutamol oral drops,Medicine,,drops,No,6,Bottle,,,,,,,,1
Chlorpheniramine Oral Drops 15ml,Chlorpheniramine oral drops,Medicine,,drops,No,6,Bottle,,,,,,,,1
Ferrous Ascorbate Drops 30ml,Ferrous Ascorbate oral drops,Medicine,,drops,No,6,Bottle,,,,,,,,1
Zinc + Vitamin D3 Drops 30ml,Zinc with Vitamin D3 drops,Medicine,,drops,No,6,Bottle,,,,,,,,1
Probiotic Oral Drops 10ml,Probiotic oral drops,Medicine,,drops,No,6,Bottle,,,,,,,,1
Vitamin E Oral Drops 15ml,Vitamin E drops,Medicine,,drops,No,6,Bottle,,,,,,,,1
Nystatin Oral Suspension 30ml,Nystatin oral suspension,Medicine,,drops,No,6,Bottle,,,,,,,,1
Phenobarbitone Paediatric Drops 15ml,Phenobarbitone paediatric drops,Medicine,,drops,Yes,6,Bottle,,,,,,,,1
Caffeine Citrate Oral Solution 10ml,Caffeine Citrate oral solution,Medicine,,drops,No,6,Bottle,,,,,,,,1
Diclofenac Injection 2ml,Diclofenac 50mg/2ml,Medicine,,vial,No,10,Ampoule,,,,,,,,1
Paracetamol Injection 1ml,Paracetamol 150mg/ml,Medicine,,vial,No,10,Ampoule,,,,,,,,1
Dexamethasone Injection 5ml,Dexamethasone 4mg/ml multidose,Medicine,,vial,No,10,Ampoule,,,,,,,,1
Chlorpheniramine Injection 2ml,Chlorpheniramine 10mg/ml,Medicine,,vial,No,10,Ampoule,,,,,,,,1
Promethazine Injection 1ml,Promethazine 25mg/ml,Medicine,,vial,No,10,Ampoule,,,,,,,,1
Metoclopramide Injection 10ml,Metoclopramide 5mg/ml,Medicine,,vial,No,10,Ampoule,,,,,,,,1
Ranitidine Injection 10ml,Ranitidine 25mg/ml,Medicine,,vial,No,10,Ampoule,,,,,,,,1
Ondansetron Injection 1ml,Ondansetron 2mg/ml,Medicine,,vial,No,10,Ampoule,,,,,,,,1
Tranexamic Acid Injection 2ml,Tranexamic Acid 200mg/2ml,Medicine,,vial,No,10,Ampoule,,,,,,,,1
Vitamin B12 Injection 2ml,Cyanocobalamin 1000mcg/ml,Medicine,,vial,No,10,Ampoule,,,,,,,,1
Vitamin B Complex Injection 10ml,Vitamin B complex multidose,Medicine,,vial,No,10,Ampoule,,,,,,,,1
Vitamin D3 Injection 1ml,"Cholecalciferol 6,00,000 IU/ml",Medicine,,vial,No,10,Ampoule,,,,,,,,1
Aminophylline Injection 2ml,Aminophylline 25mg/ml,Medicine,,vial,No,10,Ampoule,,,,,,,,1
Furosemide Injection 10ml,Furosemide 10mg/ml,Medicine,,vial,No,10,Ampoule,,,,,,,,1
Phenytoin Injection 5ml,Phenytoin 50mg/ml,Medicine,,vial,No,10,Ampoule,,,,,,,,1
Levetiracetam Injection 5ml 500mg,Levetiracetam 500mg/5ml,Medicine,,vial,No,10,Ampoule,,,,,,,,1
Diazepam Rectal Solution 2.5mg,Diazepam rectal gel,Medicine,,vial,Yes,10,Ampoule,,,,,,,,1
Midazolam Nasal Spray,Midazolam nasal spray,Medicine,,vial,Yes,10,Ampoule,,,,,,,,1
Artesunate 120mg Injection,Artesunate 120mg,Medicine,,vial,No,10,Ampoule,,,,,,,,1
Quinine Dihydrochloride Injection 2ml,Quinine 300mg/ml,Medicine,,vial,No,10,Ampoule,,,,,,,,1
Chloroquine Injection 5ml,Chloroquine 40mg/ml,Medicine,,vial,No,10,Ampoule,,,,,,,,1
Hyoscine Injection 2ml,Hyoscine Butylbromide 20mg/ml,Medicine,,vial,No,10,Ampoule,,,,,,,,1
Drotaverine Injection 4ml,Drotaverine 80mg/4ml,Medicine,,vial,No,10,Ampoule,,,,,,,,1
Etophylline + Theophylline Injection 10ml,Etofylline with Theophylline,Medicine,,vial,No,10,Ampoule,,,,,,,,1
Dexamethasone + Chlorpheniramine Injection,Dexamethasone with Chlorpheniramine,Medicine,,vial,No,10,Ampoule,,,,,,,,1
Diclofenac Suppository 12.5mg,Diclofenac 12.5mg suppository,Medicine,,box,No,10,Piece,,,,,,,,1
Indomethacin Suppository 100mg,Indomethacin 100mg suppository,Medicine,,box,No,10,Piece,,,,,,,,1
Paracetamol Suppository 80mg,Paracetamol 80mg suppository,Medicine,,box,No,10,Piece,,,,,,,,1
Domperidone Suppository 30mg,Domperidone 30mg suppository,Medicine,,box,No,10,Piece,,,,,,,,1
Prochlorperazine Suppository,Prochlorperazine suppository,Medicine,,box,No,10,Piece,,,,,,,,1
Hydrocortisone Rectal Suppository,Hydrocortisone suppository,Medicine,,box,No,10,Piece,,,,,,,,1
Nitroglycerin Ointment 0.2% 30g,Nitroglycerin rectal ointment,Medicine,,box,No,10,Piece,,,,,,,,1
Estradiol Transdermal Patch,Estradiol transdermal patch,Medicine,,box,No,10,Piece,,,,,,,,1
Nitroglycerin Transdermal Patch 5mg,Nitroglycerin transdermal patch,Medicine,,box,No,10,Piece,,,,,,,,1
Scopolamine Transdermal Patch,Hyoscine transdermal patch,Medicine,,box,No,10,Piece,,,,,,,,1
Lignocaine Medicated Plaster 5%,Lignocaine 5% plaster,Medicine,,box,No,10,Piece,,,,,,,,1
Buprenorphine Transdermal Patch 5mcg,Buprenorphine transdermal patch,Medicine,,box,Yes,10,Piece,,,,,,,,1
Pain Relief Balm 50g,Herbal analgesic balm,Other,,tube,No,6,Tube,,,,,,,,1
Cold Balm 25g,Menthol camphor cold balm,Other,,tube,No,6,Tube,,,,,,,,1
Herbal Pain Oil 100ml,Herbal analgesic oil,Other,,bottle,No,10,Bottle,,,,,,,,1
Ayurvedic Massage Oil 200ml,Herbal massage oil,Other,,bottle,No,10,Bottle,,,,,,,,1
Hot and Cold Gel Pack,Reusable gel pack,Other,,box,No,10,Piece,,,,,,,,1
Crepe Bandage with Clips 8cm,Elastic crepe bandage,Other,,box,No,10,Piece,,,,,,,,1
Charcoal Toothpaste 100g,Activated charcoal toothpaste,Other,,tube,No,6,Tube,,,,,,,,1
Herbal Toothpaste 100g,Herbal toothpaste,Other,,tube,No,6,Tube,,,,,,,,1
Kids Toothpaste 50g,Fluoride toothpaste for children,Other,,tube,No,6,Tube,,,,,,,,1
Kids Toothbrush,Soft toothbrush for children,Other,,box,No,10,Piece,,,,,,,,1
Medium Toothbrush,Medium bristle toothbrush,Other,,box,No,10,Piece,,,,,,,,1
Herbal Mouthwash 250ml,Herbal mouthwash,Other,,bottle,No,10,Bottle,,,,,,,,1
Alcohol Free Mouthwash 250ml,Alcohol free mouthwash,Other,,bottle,No,10,Bottle,,,,,,,,1
Anti-Dandruff Shampoo 100ml,Anti-dandruff shampoo,Other,,bottle,No,10,Bottle,,,,,,,,1
Herbal Shampoo 200ml,Herbal shampoo,Other,,bottle,No,10,Bottle,,,,,,,,1
Baby Shampoo 100ml,Tear free baby shampoo,Other,,bottle,No,10,Bottle,,,,,,,,1
Hair Conditioner 200ml,Hair conditioner,Other,,bottle,No,10,Bottle,,,,,,,,1
Hair Serum 50ml,Leave in hair serum,Other,,bottle,No,10,Bottle,,,,,,,,1
Onion Hair Oil 200ml,Onion seed hair oil,Other,,bottle,No,10,Bottle,,,,,,,,1
Coconut Hair Oil 200ml,Coconut hair oil,Other,,bottle,No,10,Bottle,,,,,,,,1
Almond Hair Oil 100ml,Almond hair oil,Other,,bottle,No,10,Bottle,,,,,,,,1
Hair Colour Black,Permanent hair colour,Other,,bottle,No,10,Bottle,,,,,,,,1
Henna Powder 100g,Natural henna powder,Other,,bottle,No,10,Bottle,,,,,,,,1
Cold Cream 100g,Winter cold cream,Other,,tube,No,6,Tube,,,,,,,,1
Body Lotion 200ml,Moisturising body lotion,Other,,tube,No,6,Tube,,,,,,,,1
Hand Cream 50g,Hand moisturising cream,Other,,tube,No,6,Tube,,,,,,,,1
Foot Crack Cream 50g,Heel crack repair cream,Other,,tube,No,6,Tube,,,,,,,,1
Lip Balm SPF 15,Lip balm with sun protection,Other,,tube,No,6,Tube,,,,,,,,1
Petroleum Jelly 50g,White petroleum jelly,Other,,tube,No,6,Tube,,,,,,,,1
Face Wash for Oily Skin 100ml,Oil control face wash,Other,,bottle,No,10,Bottle,,,,,,,,1
Face Wash for Dry Skin 100ml,Hydrating face wash,Other,,bottle,No,10,Bottle,,,,,,,,1
Face Scrub 100g,Exfoliating face scrub,Other,,tube,No,6,Tube,,,,,,,,1
Face Cream with SPF 50g,Daily face cream with sun protection,Other,,tube,No,6,Tube,,,,,,,,1
Under Eye Cream 15g,Under eye care cream,Other,,tube,No,6,Tube,,,,,,,,1
Micellar Cleansing Water 200ml,Micellar makeup remover,Other,,bottle,No,10,Bottle,,,,,,,,1
Toner 100ml,Alcohol free skin toner,Other,,bottle,No,10,Bottle,,,,,,,,1
Night Cream 50g,Night repair cream,Other,,tube,No,6,Tube,,,,,,,,1
Body Wash 250ml,Moisturising body wash,Other,,bottle,No,10,Bottle,,,,,,,,1
Medicated Soap 75g,Antibacterial medicated soap,Other,,bottle,No,10,Bottle,,,,,,,,1
Glycerin Soap 75g,Glycerin bathing bar,Other,,bottle,No,10,Bottle,,,,,,,,1
Neem Soap 75g,Neem bathing bar,Other,,bottle,No,10,Bottle,,,,,,,,1
Sandalwood Soap 75g,Sandalwood bathing bar,Other,,bottle,No,10,Bottle,,,,,,,,1
Baby Soap 75g,Gentle baby soap,Other,,bottle,No,10,Bottle,,,,,,,,1
Hand Wash Liquid 250ml,Antibacterial hand wash,Other,,bottle,No,10,Bottle,,,,,,,,1
Hand Sanitizer 50ml Pocket,Alcohol based hand rub,Other,,bottle,No,10,Bottle,,,,,,,,1
Surface Disinfectant 500ml,Household surface disinfectant,Other,,bottle,No,10,Bottle,,,,,,,,1
Floor Disinfectant 500ml,Antiseptic floor cleaner,Other,,bottle,No,10,Bottle,,,,,,,,1
Sanitary Pads Regular 10s,Sanitary napkins,Other,,box,No,5,Box,,,,,,,,1
Sanitary Pads XL 8s,Sanitary napkins extra long,Other,,box,No,5,Box,,,,,,,,1
Panty Liners 20s,Daily panty liners,Other,,box,No,5,Box,,,,,,,,1
Tampons 10s,Tampons,Other,,box,No,5,Box,,,,,,,,1
Adult Diaper Large 10s,Adult diapers,Other,,box,No,5,Box,,,,,,,,1
Adult Diaper Pants Medium 10s,Adult pull up diapers,Other,,box,No,5,Box,,,,,,,,1
Underpads 60x90cm 10s,Disposable bed underpads,Other,,box,No,5,Box,,,,,,,,1
Baby Diaper Small 24s,Baby diapers,Other,,box,No,5,Box,,,,,,,,1
Baby Diaper Large 20s,Baby diapers,Other,,box,No,5,Box,,,,,,,,1
Baby Diaper Pants Medium 24s,Baby pull up diapers,Other,,box,No,5,Box,,,,,,,,1
Condom 10s,Male latex condoms,Other,,box,No,5,Box,,,,,,,,1
Condom Dotted 3s,Textured male condoms,Other,,box,No,5,Box,,,,,,,,1
Personal Lubricant 50ml,Water based personal lubricant,Other,,bottle,No,10,Bottle,,,,,,,,1
Pregnancy Test Strip,hCG urine test strip,Other,,box,No,10,Piece,,,,,,,,1
Digital Thermometer Flexible Tip,Digital clinical thermometer,Other,,box,No,10,Piece,,,,,,,,1
Mercury Thermometer,Clinical mercury thermometer,Other,,box,No,10,Piece,,,,,,,,1
BP Monitor Wrist,Wrist blood pressure monitor,Other,,box,No,10,Piece,,,,,,,,1
BP Monitor Cuff Large,Replacement BP cuff,Other,,box,No,10,Piece,,,,,,,,1
Nebuliser Kit Adult,Nebuliser mask and tubing,Other,,box,No,10,Piece,,,,,,,,1
Steam Vaporiser,Electric steam vaporiser,Other,,box,No,10,Piece,,,,,,,,1
Hot Water Bottle with Cover,Rubber hot water bottle,Other,,box,No,10,Piece,,,,,,,,1
Heating Pad Electric,Electric heating pad,Other,,box,No,10,Piece,,,,,,,,1
Weighing Scale Digital,Digital personal weighing scale,Other,,box,No,10,Piece,,,,,,,,1
Baby Weighing Scale,Digital infant weighing scale,Other,,box,No,10,Piece,,,,,,,,1
Measuring Tape,Body measuring tape,Other,,box,No,10,Piece,,,,,,,,1
Pill Cutter,Tablet cutter,Other,,box,No,10,Piece,,,,,,,,1
Pill Crusher,Tablet crusher,Other,,box,No,10,Piece,,,,,,,,1
Medicine Box Monthly,Monthly pill organiser,Other,,box,No,10,Piece,,,,,,,,1
Eye Patch,Sterile eye pad,Other,,box,No,10,Piece,,,,,,,,1
Finger Cot,Disposable finger cots,Other,,box,No,10,Piece,,,,,,,,1
Elastic Ankle Support Large,Ankle support,Other,,box,No,10,Piece,,,,,,,,1
Elbow Support Medium,Elbow support,Other,,box,No,10,Piece,,,,,,,,1
Shoulder Support,Shoulder immobiliser,Other,,box,No,10,Piece,,,,,,,,1
Abdominal Belt Medium,Post operative abdominal belt,Other,,box,No,10,Piece,,,,,,,,1
Maternity Support Belt,Pregnancy support belt,Other,,box,No,10,Piece,,,,,,,,1
Cervical Pillow,Orthopaedic cervical pillow,Other,,box,No,10,Piece,,,,,,,,1
Lumbar Cushion,Back support cushion,Other,,box,No,10,Piece,,,,,,,,1
Silicone Heel Cushion,Heel pain cushion,Other,,box,No,10,Piece,,,,,,,,1
Toe Separator,Silicone toe separator,Other,,box,No,10,Piece,,,,,,,,1
Compression Stocking Knee High,Graduated compression stocking,Other,,box,No,10,Piece,,,,,,,,1
Crutch Underarm Adjustable,Adjustable underarm crutch,Other,,box,No,10,Piece,,,,,,,,1
Walking Stick Tripod,Tripod walking stick,Other,,box,No,10,Piece,,,,,,,,1
Bed Pan Plastic,Plastic bed pan,Other,,box,No,10,Piece,,,,,,,,1
Urinal Male,Portable male urinal,Other,,box,No,10,Piece,,,,,,,,1
Air Mattress Anti Bedsore,Alternating pressure mattress,Other,,box,No,10,Piece,,,,,,,,1
Reading Glasses +1.50,Ready reading glasses,Other,,box,No,10,Piece,,,,,,,,1
Reading Glasses +2.50,Ready reading glasses,Other,,box,No,10,Piece,,,,,,,,1
Reading Glasses +3.00,Ready reading glasses,Other,,box,No,10,Piece,,,,,,,,1
Contact Lens Solution 120ml,Multipurpose contact lens solution,Other,,bottle,No,10,Bottle,,,,,,,,1
Contact Lens Case,Contact lens storage case,Other,,box,No,10,Piece,,,,,,,,1
Eye Mask Sleeping,Sleep eye mask,Other,,box,No,10,Piece,,,,,,,,1
Ear Plugs Pair,Noise reduction ear plugs,Other,,box,No,10,Piece,,,,,,,,1
First Aid Kit Small,Home first aid kit,Other,,box,No,5,Box,,,,,,,,1
Tweezers,Stainless steel tweezers,Other,,box,No,10,Piece,,,,,,,,1
Nail Cutter,Stainless steel nail cutter,Other,,box,No,10,Piece,,,,,,,,1
Safety Pins Pack,Safety pins,Other,,box,No,10,Piece,,,,,,,,1
Antiseptic Wipes 10s,Antiseptic cleansing wipes,Other,,box,No,5,Box,,,,,,,,1
Burn Dressing Gel Pad,Hydrogel burn dressing,Other,,box,No,10,Piece,,,,,,,,1
Mosquito Repellent Patch 12s,Mosquito repellent patches,Other,,box,No,5,Box,,,,,,,,1
Mosquito Repellent Spray 100ml,Insect repellent spray,Other,,bottle,No,10,Bottle,,,,,,,,1
Anti-Lice Comb,Fine tooth lice comb,Other,,bottle,No,10,Bottle,,,,,,,,1
Effervescent Vitamin C Tube 20s,Vitamin C effervescent tablets,Other,,box,No,5,Box,,,,,,,,1
Electrolyte Effervescent Tablets 10s,Electrolyte effervescent tablets,Other,,box,No,5,Box,,,,,,,,1
Energy Drink 250ml,Glucose energy drink,Other,,bottle,No,10,Bottle,,,,,,,,1
Protein Bar,High protein snack bar,Other,,box,No,5,Box,,,,,,,,1
Sugar Free Chocolate 50g,Sugar free chocolate,Other,,box,No,5,Box,,,,,,,,1
Diabetic Biscuits 200g,Sugar free biscuits,Other,,box,No,5,Box,,,,,,,,1
High Fibre Biscuits 200g,Digestive fibre biscuits,Other,,box,No,5,Box,,,,,,,,1
Coconut Water 200ml,Tender coconut water,Other,,bottle,No,10,Bottle,,,,,,,,1
Methyldopa 500mg,Methyldopa 500mg,Medicine,,tablet,No,100,Tablet,,Strip,10,,Box,10,,2
Hydralazine 25mg,Hydralazine 25mg,Medicine,,tablet,No,100,Tablet,,Strip,10,,Box,10,,2
Hydralazine 50mg,Hydralazine 50mg,Medicine,,tablet,No,100,Tablet,,Strip,10,,Box,10,,2
Minoxidil oral 5mg,Minoxidil oral 5mg,Medicine,,tablet,No,100,Tablet,,Strip,10,,Box,10,,2
Minoxidil oral 10mg,Minoxidil oral 10mg,Medicine,,tablet,No,100,Tablet,,Strip,10,,Box,10,,2
Eplerenone 25mg,Eplerenone 25mg,Medicine,,tablet,No,100,Tablet,,Strip,10,,Box,10,,2
Eplerenone 50mg,Eplerenone 50mg,Medicine,,tablet,No,100,Tablet,,Strip,10,,Box,10,,2
Mexiletine 150mg,Mexiletine 150mg,Medicine,,tablet,No,100,Tablet,,Strip,10,,Box,10,,2
Propafenone 150mg,Propafenone 150mg,Medicine,,tablet,No,100,Tablet,,Strip,10,,Box,10,,2
Dronedarone 400mg,Dronedarone 400mg,Medicine,,tablet,No,100,Tablet,,Strip,10,,Box,10,,2
Metolazone 5mg,Metolazone 5mg,Medicine,,tablet,No,100,Tablet,,Strip,10,,Box,10,,2
Acetazolamide for oedema 250mg,Acetazolamide for oedema 250mg,Medicine,,tablet,No,100,Tablet,,Strip,10,,Box,10,,2
Bosentan for scleroderma 62.5mg,Bosentan for scleroderma 62.5mg,Medicine,,tablet,No,100,Tablet,,Strip,10,,Box,10,,2
Clonidine 150mcg,Clonidine 150mcg,Medicine,,tablet,No,100,Tablet,,Strip,10,,Box,10,,2
Moxonidine 0.2mg,Moxonidine 0.2mg,Medicine,,tablet,No,100,Tablet,,Strip,10,,Box,10,,2
Moxonidine 0.4mg,Moxonidine 0.4mg,Medicine,,tablet,No,100,Tablet,,Strip,10,,Box,10,,2
Nicardia Retard 10,Nifedipine 10mg,Medicine,JB Chemicals,tablet,No,100,Tablet,,Strip,10,,Box,10,,2
Nicardia Retard 20,Nifedipine 20mg,Medicine,JB Chemicals,tablet,No,100,Tablet,,Strip,10,,Box,10,,2
Depin 5,Nifedipine 5mg,Medicine,Zydus,tablet,No,100,Tablet,,Strip,10,,Box,10,,2
Depin 10,Nifedipine 10mg,Medicine,Zydus,tablet,No,100,Tablet,,Strip,10,,Box,10,,2
Cardiopril 2.5,Ramipril 2.5mg,Medicine,Torrent,tablet,No,100,Tablet,,Strip,10,,Box,10,,2
Cardiopril 5,Ramipril 5mg,Medicine,Torrent,tablet,No,100,Tablet,,Strip,10,,Box,10,,2
Coversyl 4,Perindopril 4mg,Medicine,Serdia,tablet,No,100,Tablet,,Strip,10,,Box,10,,2
Coversyl 8,Perindopril 8mg,Medicine,Serdia,tablet,No,100,Tablet,,Strip,10,,Box,10,,2
Angiotensin 25,Losartan Potassium 25mg,Medicine,Alkem,tablet,No,100,Tablet,,Strip,10,,Box,10,,2
Angiotensin 50,Losartan Potassium 50mg,Medicine,Alkem,tablet,No,100,Tablet,,Strip,10,,Box,10,,2
Cilnidipine 10mg + Telmisartan 40mg,Cilnidipine + Telmisartan,Medicine,,tablet,No,100,Tablet,,Strip,10,,Box,10,,2
Amlodipine 5mg + Telmisartan 80mg,Amlodipine + Telmisartan,Medicine,,tablet,No,100,Tablet,,Strip,10,,Box,10,,2
Amlodipine 5mg + Olmesartan 40mg,Amlodipine + Olmesartan,Medicine,,tablet,No,100,Tablet,,Strip,10,,Box,10,,2
Amlodipine 5mg + Metoprolol 50mg,Amlodipine + Metoprolol,Medicine,,tablet,No,100,Tablet,,Strip,10,,Box,10,,2
Bisoprolol 5mg + Amlodipine 5mg,Bisoprolol + Amlodipine,Medicine,,tablet,No,100,Tablet,,Strip,10,,Box,10,,2
Ramipril 5mg + Amlodipine 5mg,Ramipril + Amlodipine,Medicine,,tablet,No,100,Tablet,,Strip,10,,Box,10,,2
Losartan 50mg + Amlodipine 5mg,Losartan + Amlodipine,Medicine,,tablet,No,100,Tablet,,Strip,10,,Box,10,,2
Olmesartan 20mg + Chlorthalidone 12.5mg,Olmesartan + Chlorthalidone,Medicine,,tablet,No,100,Tablet,,Strip,10,,Box,10,,2
Valsartan 80mg + Hydrochlorothiazide 12.5mg,Valsartan + Hydrochlorothiazide,Medicine,,tablet,No,100,Tablet,,Strip,10,,Box,10,,2
Irbesartan 150mg + Hydrochlorothiazide 12.5mg,Irbesartan + Hydrochlorothiazide,Medicine,,tablet,No,100,Tablet,,Strip,10,,Box,10,,2
Trimebutine 100mg,Trimebutine 100mg,Medicine,,tablet,No,100,Tablet,,Strip,10,,Box,10,,2
Trimebutine 200mg,Trimebutine 200mg,Medicine,,tablet,No,100,Tablet,,Strip,10,,Box,10,,2
Otilonium Bromide 40mg,Otilonium Bromide 40mg,Medicine,,tablet,No,100,Tablet,,Strip,10,,Box,10,,2
Alverine Citrate 60mg,Alverine Citrate 60mg,Medicine,,tablet,No,100,Tablet,,Strip,10,,Box,10,,2
Teneligliptin for renal 10mg,Teneligliptin for renal 10mg,Medicine,,tablet,No,100,Tablet,,Strip,10,,Box,10,,2
Roflumilast 250mcg,Roflumilast 250mcg,Medicine,,tablet,No,100,Tablet,,Strip,10,,Box,10,,2
Roflumilast 500mcg,Roflumilast 500mcg,Medicine,,tablet,No,100,Tablet,,Strip,10,,Box,10,,2
Zafirlukast 10mg,Zafirlukast 10mg,Medicine,,tablet,No,100,Tablet,,Strip,10,,Box,10,,2
Zafirlukast 20mg,Zafirlukast 20mg,Medicine,,tablet,No,100,Tablet,,Strip,10,,Box,10,,2
Ketotifen for asthma 2mg,Ketotifen for asthma 2mg,Medicine,,tablet,No,100,Tablet,,Strip,10,,Box,10,,2
Prednisolone for asthma 5mg,Prednisolone for asthma 5mg,Medicine,,tablet,No,100,Tablet,,Strip,10,,Box,10,,2
Carbocisteine 375mg,Carbocisteine 375mg,Medicine,,tablet,No,100,Tablet,,Strip,10,,Box,10,,2
Carbocisteine Syrup 100ml,Carbocisteine 250mg/5ml,Medicine,,bottle,No,10,Bottle,,,,,,,,1
Levodropropizine 60mg,Levodropropizine 60mg,Medicine,,tablet,No,100,Tablet,,Strip,10,,Box,10,,2
Levodropropizine Syrup 100ml,Levodropropizine 30mg/5ml,Medicine,,bottle,No,10,Bottle,,,,,,,,1
Guaifenesin 100mg,Guaifenesin 100mg,Medicine,,tablet,No,100,Tablet,,Strip,10,,Box,10,,2
Guaifenesin 200mg,Guaifenesin 200mg,Medicine,,tablet,No,100,Tablet,,Strip,10,,Box,10,,2
Dextromethorphan 15mg,Dextromethorphan 15mg,Medicine,,tablet,No,100,Tablet,,Strip,10,,Box,10,,2
Dextromethorphan 30mg,Dextromethorphan 30mg,Medicine,,tablet,No,100,Tablet,,Strip,10,,Box,10,,2
Pholcodine 5mg,Pholcodine 5mg,Medicine,,tablet,No,100,Tablet,,Strip,10,,Box,10,,2
Benzonatate 100mg,Benzonatate 100mg,Medicine,,tablet,No,100,Tablet,,Strip,10,,Box,10,,2
Trazodone 25mg,Trazodone 25mg,Medicine,,tablet,No,100,Tablet,,Strip,10,,Box,10,,2
Trazodone 50mg,Trazodone 50mg,Medicine,,tablet,No,100,Tablet,,Strip,10,,Box,10,,2
Trazodone 100mg,Trazodone 100mg,Medicine,,tablet,No,100,Tablet,,Strip,10,,Box,10,,2
Agomelatine 25mg,Agomelatine 25mg,Medicine,,tablet,No,100,Tablet,,Strip,10,,Box,10,,2
Lurasidone 20mg,Lurasidone 20mg,Medicine,,tablet,No,100,Tablet,,Strip,10,,Box,10,,2
Lurasidone 40mg,Lurasidone 40mg,Medicine,,tablet,No,100,Tablet,,Strip,10,,Box,10,,2
Lurasidone 80mg,Lurasidone 80mg,Medicine,,tablet,No,100,Tablet,,Strip,10,,Box,10,,2
Asenapine 5mg,Asenapine 5mg,Medicine,,tablet,No,100,Tablet,,Strip,10,,Box,10,,2
Asenapine 10mg,Asenapine 10mg,Medicine,,tablet,No,100,Tablet,,Strip,10,,Box,10,,2
Paliperidone ER 3mg,Paliperidone ER 3mg,Medicine,,tablet,No,100,Tablet,,Strip,10,,Box,10,,2
Paliperidone ER 6mg,Paliperidone ER 6mg,Medicine,,tablet,No,100,Tablet,,Strip,10,,Box,10,,2
Paliperidone ER 9mg,Paliperidone ER 9mg,Medicine,,tablet,No,100,Tablet,,Strip,10,,Box,10,,2
Zuclopenthixol 10mg,Zuclopenthixol 10mg,Medicine,,tablet,No,100,Tablet,,Strip,10,,Box,10,,2
Zuclopenthixol 25mg,Zuclopenthixol 25mg,Medicine,,tablet,No,100,Tablet,,Strip,10,,Box,10,,2
Sulpiride 50mg,Sulpiride 50mg,Medicine,,tablet,No,100,Tablet,,Strip,10,,Box,10,,2
Sulpiride 200mg,Sulpiride 200mg,Medicine,,tablet,No,100,Tablet,,Strip,10,,Box,10,,2
Pimozide 1mg,Pimozide 1mg,Medicine,,tablet,No,100,Tablet,,Strip,10,,Box,10,,2
Pimozide 2mg,Pimozide 2mg,Medicine,,tablet,No,100,Tablet,,Strip,10,,Box,10,,2
Thioridazine 10mg,Thioridazine 10mg,Medicine,,tablet,No,100,Tablet,,Strip,10,,Box,10,,2
Thioridazine 25mg,Thioridazine 25mg,Medicine,,tablet,No,100,Tablet,,Strip,10,,Box,10,,2
Clomipramine 25mg,Clomipramine 25mg,Medicine,,tablet,No,100,Tablet,,Strip,10,,Box,10,,2
Clomipramine 50mg,Clomipramine 50mg,Medicine,,tablet,No,100,Tablet,,Strip,10,,Box,10,,2
Doxepin 25mg,Doxepin 25mg,Medicine,,tablet,No,100,Tablet,,Strip,10,,Box,10,,2
Doxepin 75mg,Doxepin 75mg,Medicine,,tablet,No,100,Tablet,,Strip,10,,Box,10,,2
Milnacipran 25mg,Milnacipran 25mg,Medicine,,tablet,No,100,Tablet,,Strip,10,,Box,10,,2
Milnacipran 50mg,Milnacipran 50mg,Medicine,,tablet,No,100,Tablet,,Strip,10,,Box,10,,2
Tianeptine 12.5mg,Tianeptine 12.5mg,Medicine,,tablet,No,100,Tablet,,Strip,10,,Box,10,,2
Selegiline 5mg,Selegiline 5mg,Medicine,,tablet,No,100,Tablet,,Strip,10,,Box,10,,2
Levosulpiride for dyspepsia 25mg,Levosulpiride for dyspepsia 25mg,Medicine,,tablet,No,100,Tablet,,Strip,10,,Box,10,,2
Flupentixol 0.5mg,Flupentixol 0.5mg,Medicine,,tablet,No,100,Tablet,,Strip,10,,Box,10,,2
Etifoxine 50mg,Etifoxine 50mg,Medicine,,tablet,No,100,Tablet,,Strip,10,,Box,10,,2
Pregabalin for fibromyalgia 50mg,Pregabalin for fibromyalgia 50mg,Medicine,,tablet,No,100,Tablet,,Strip,10,,Box,10,,2
Duloxetine for fibromyalgia 30mg,Duloxetine for fibromyalgia 30mg,Medicine,,tablet,No,100,Tablet,,Strip,10,,Box,10,,2
Clonidine for ADHD 100mcg,Clonidine for ADHD 100mcg,Medicine,,tablet,No,100,Tablet,,Strip,10,,Box,10,,2
Guanfacine 1mg,Guanfacine 1mg,Medicine,,tablet,No,100,Tablet,,Strip,10,,Box,10,,2
Guanfacine 2mg,Guanfacine 2mg,Medicine,,tablet,No,100,Tablet,,Strip,10,,Box,10,,2
Sultamicillin 375mg,Sultamicillin 375mg,Medicine,,tablet,No,100,Tablet,,Strip,10,,Box,10,,2
Cefditoren 200mg,Cefditoren 200mg,Medicine,,tablet,No,100,Tablet,,Strip,10,,Box,10,,2
Cefprozil 250mg,Cefprozil 250mg,Medicine,,tablet,No,100,Tablet,,Strip,10,,Box,10,,2
Cefprozil 500mg,Cefprozil 500mg,Medicine,,tablet,No,100,Tablet,,Strip,10,,Box,10,,2
Cefaclor 250mg,Cefaclor 250mg,Medicine,,tablet,No,100,Tablet,,Strip,10,,Box,10,,2
Cefaclor 500mg,Cefaclor 500mg,Medicine,,tablet,No,100,Tablet,,Strip,10,,Box,10,,2
Cefaclor Dry Syrup 30ml,Cefaclor 125mg/5ml,Medicine,,bottle,No,10,Bottle,,,,,,,,1
Fosfomycin 3g,Fosfomycin 3g,Medicine,,tablet,No,100,Tablet,,Strip,10,,Box,10,,2
Nitrofurantoin MR 100mg,Nitrofurantoin MR 100mg,Medicine,,tablet,No,100,Tablet,,Strip,10,,Box,10,,2
Trimethoprim 100mg,Trimethoprim 100mg,Medicine,,tablet,No,100,Tablet,,Strip,10,,Box,10,,2
Trimethoprim 200mg,Trimethoprim 200mg,Medicine,,tablet,No,100,Tablet,,Strip,10,,Box,10,,2
Chloramphenicol 250mg,Chloramphenicol 250mg,Medicine,,tablet,No,100,Tablet,,Strip,10,,Box,10,,2
Chloramphenicol 500mg,Chloramphenicol 500mg,Medicine,,tablet,No,100,Tablet,,Strip,10,,Box,10,,2
Spiramycin 1.5 MIU,Spiramycin 1.5 MIU,Medicine,,tablet,No,100,Tablet,,Strip,10,,Box,10,,2
Spiramycin 3 MIU,Spiramycin 3 MIU,Medicine,,tablet,No,100,Tablet,,Strip,10,,Box,10,,2
Josamycin 500mg,Josamycin 500mg,Medicine,,tablet,No,100,Tablet,,Strip,10,,Box,10,,2
Fidaxomicin 200mg,Fidaxomicin 200mg,Medicine,,tablet,No,100,Tablet,,Strip,10,,Box,10,,2
Dapsone for leprosy 50mg,Dapsone for leprosy 50mg,Medicine,,tablet,No,100,Tablet,,Strip,10,,Box,10,,2
Clofazimine 50mg,Clofazimine 50mg,Medicine,,tablet,No,100,Tablet,,Strip,10,,Box,10,,2
Clofazimine 100mg,Clofazimine 100mg,Medicine,,tablet,No,100,Tablet,,Strip,10,,Box,10,,2
Rifapentine 150mg,Rifapentine 150mg,Medicine,,tablet,No,100,Tablet,,Strip,10,,Box,10,,2
Amoxicillin for H pylori 1000mg,Amoxicillin for H pylori 1000mg,Medicine,,tablet,No,100,Tablet,,Strip,10,,Box,10,,2
Miltefosine 10mg,Miltefosine 10mg,Medicine,,tablet,No,100,Tablet,,Strip,10,,Box,10,,2
Miltefosine 50mg,Miltefosine 50mg,Medicine,,tablet,No,100,Tablet,,Strip,10,,Box,10,,2
Sodium Stibogluconate Injection 30ml,Sodium Stibogluconate 100mg/ml,Medicine,,vial,No,10,Vial,,,,,,,,1
Albendazole for hydatid 400mg,Albendazole for hydatid 400mg,Medicine,,tablet,No,100,Tablet,,Strip,10,,Box,10,,2
Triclabendazole 250mg,Triclabendazole 250mg,Medicine,,tablet,No,100,Tablet,,Strip,10,,Box,10,,2
Levamisole 50mg,Levamisole 50mg,Medicine,,tablet,No,100,Tablet,,Strip,10,,Box,10,,2
Levamisole 150mg,Levamisole 150mg,Medicine,,tablet,No,100,Tablet,,Strip,10,,Box,10,,2
Niclosamide 500mg,Niclosamide 500mg,Medicine,,tablet,No,100,Tablet,,Strip,10,,Box,10,,2
Fluconazole weekly 300mg,Fluconazole weekly 300mg,Medicine,,tablet,No,100,Tablet,,Strip,10,,Box,10,,2
Terbinafine for onychomycosis 250mg,Terbinafine for onychomycosis 250mg,Medicine,,tablet,No,100,Tablet,,Strip,10,,Box,10,,2
Ivermectin 1% Cream 30g,Ivermectin 1% topical cream,Medicine,,tube,No,6,Tube,,,,,,,,1
Benzoyl Peroxide 4% Gel 20g,Benzoyl Peroxide 4% gel,Medicine,,tube,No,6,Tube,,,,,,,,1
Nicotinamide 4% Gel 15g,Nicotinamide 4% topical gel,Medicine,,tube,No,6,Tube,,,,,,,,1
Erythromycin 4% Gel 15g,Erythromycin 4% topical gel,Medicine,,tube,No,6,Tube,,,,,,,,1
Metronidazole 1% Gel for rosacea 30g,Metronidazole 1% gel,Medicine,,tube,No,6,Tube,,,,,,,,1
Ammonium Lactate 12% Lotion 100ml,Ammonium Lactate 12% lotion,Medicine,,tube,No,6,Tube,,,,,,,,1
Zinc Pyrithione Soap 75g,Zinc Pyrithione medicated soap,Medicine,,tube,No,6,Tube,,,,,,,,1
Coal Tar Soap 75g,Coal tar medicated soap,Medicine,,tube,No,6,Tube,,,,,,,,1
Sulphur Ointment 30g,Sulphur 6% ointment,Medicine,,tube,No,6,Tube,,,,,,,,1
Zinc Oxide Paste 50g,Zinc oxide paste,Medicine,,tube,No,6,Tube,,,,,,,,1
Glycerin Magnesium Sulphate Paste 50g,Magnesium sulphate paste,Medicine,,tube,No,6,Tube,,,,,,,,1
Hydroquinone 4% with Sunscreen Cream 20g,Hydroquinone with sunscreen,Medicine,,tube,No,6,Tube,,,,,,,,1
Tranexamic Acid Topical Solution 30ml,Tranexamic acid for melasma,Medicine,,tube,No,6,Tube,,,,,,,,1
Hyaluronic Acid Serum 30ml,Hyaluronic acid topical serum,Medicine,,tube,No,6,Tube,,,,,,,,1
Niacinamide 10% Serum 30ml,Niacinamide topical serum,Medicine,,tube,No,6,Tube,,,,,,,,1
Retinol 0.3% Serum 30ml,Retinol topical serum,Medicine,,tube,No,6,Tube,,,,,,,,1
Salicylic Acid 2% Serum 30ml,Salicylic acid serum,Medicine,,tube,No,6,Tube,,,,,,,,1
Sodium Chloride 5% Eye Drops 5ml,Hypertonic saline eye drops,Medicine,,drops,No,6,Bottle,,,,,,,,1
Sodium Chloride 5% Eye Ointment 3.5g,Hypertonic saline eye ointment,Medicine,,tube,No,6,Tube,,,,,,,,1
Homatropine Eye Drops 5ml,Homatropine 2% eye drops,Medicine,,drops,No,6,Bottle,,,,,,,,1
Phenylephrine Eye Drops 5ml,Phenylephrine 10% eye drops,Medicine,,drops,No,6,Bottle,,,,,,,,1
Zinc Sulphate + Boric Acid Eye Drops 10ml,Astringent eye drops,Medicine,,drops,No,6,Bottle,,,,,,,,1
Naphazoline Eye Drops 10ml,Naphazoline eye drops,Medicine,,drops,No,6,Bottle,,,,,,,,1
Sodium Chromoglycate + Naphazoline Eye Drops,Anti-allergic eye drops,Medicine,,drops,No,6,Bottle,,,,,,,,1
Vitamin D3 2000 IU Chewable,Cholecalciferol 2000 IU chewable,Medicine,,tablet,No,100,Tablet,,Strip,10,,Box,10,,2
Calcium 500mg + Magnesium + Zinc + Vitamin D3,Bone health formulation,Medicine,,tablet,No,100,Tablet,,Strip,10,,Box,10,,2
Magnesium + Vitamin B6 Tablet,Magnesium with Vitamin B6,Medicine,,tablet,No,100,Tablet,,Strip,10,,Box,10,,2
Potassium + Magnesium Tablet,Potassium with magnesium supplement,Medicine,,tablet,No,100,Tablet,,Strip,10,,Box,10,,2
Vitamin D3 with K2-7 Capsule,Cholecalciferol with Menaquinone-7,Medicine,,capsule,No,100,Capsule,,Strip,10,,Box,10,,2
Iron + Vitamin C Tablet,Iron with Vitamin C,Medicine,,tablet,No,100,Tablet,,Strip,10,,Box,10,,2
Iron + Folic Acid Sachet,Iron with folic acid powder,Medicine,,sachet,No,30,Sachet,,Strip,10,,Box,10,,2
Thiamine 300mg,Thiamine 300mg,Medicine,,tablet,No,100,Tablet,,Strip,10,,Box,10,,2
Riboflavin 400mg,Riboflavin 400mg,Medicine,,tablet,No,100,Tablet,,Strip,10,,Box,10,,2
Nicotinamide Riboside Capsule,Nicotinamide Riboside supplement,Medicine,,capsule,No,100,Capsule,,Strip,10,,Box,10,,2
Inositol 500mg,Inositol 500mg,Medicine,,tablet,No,100,Tablet,,Strip,10,,Box,10,,2
Choline Bitartrate 250mg,Choline Bitartrate 250mg,Medicine,,tablet,No,100,Tablet,,Strip,10,,Box,10,,2
Betaine 500mg,Betaine anhydrous 500mg,Medicine,,capsule,No,100,Capsule,,Strip,10,,Box,10,,2
N-Acetylcysteine 300mg,N-Acetylcysteine 300mg,Medicine,,tablet,No,100,Tablet,,Strip,10,,Box,10,,2
Resveratrol 100mg,Resveratrol 100mg,Medicine,,capsule,No,100,Capsule,,Strip,10,,Box,10,,2
Quercetin 250mg,Quercetin 250mg,Medicine,,capsule,No,100,Capsule,,Strip,10,,Box,10,,2
Grape Seed Extract 100mg,Grape seed extract,Medicine,,capsule,No,100,Capsule,,Strip,10,,Box,10,,2
Green Tea Extract 500mg,Green tea extract,Medicine,,capsule,No,100,Capsule,,Strip,10,,Box,10,,2
Vitamin D3 + Calcium + Vitamin K2 Soft Gel,Bone health soft gelatin capsule,Medicine,,capsule,No,100,Capsule,,Strip,10,,Box,10,,2
Protein with Vitamins Sachet 25g,Protein supplement sachet,Other,,sachet,No,30,Sachet,,Strip,10,,Box,10,,2
Fibre Supplement Sachet,Dietary fibre supplement,Other,,sachet,No,30,Sachet,,Strip,10,,Box,10,,2
Multivitamin for Men Tablet,Multivitamin formulated for men,Medicine,,tablet,No,100,Tablet,,Strip,10,,Box,10,,2
Multivitamin for Women Tablet,Multivitamin formulated for women,Medicine,,tablet,No,100,Tablet,,Strip,10,,Box,10,,2
Multivitamin for Seniors Tablet,Multivitamin for the elderly,Medicine,,tablet,No,100,Tablet,,Strip,10,,Box,10,,2
Ecosprin-AV 20,Aspirin with Atorvastatin 20mg,Medicine,USV,tablet,No,100,Tablet,,Strip,10,,Box,10,,2
Dilzem SR 90,Diltiazem SR 90mg,Medicine,Torrent,tablet,No,100,Tablet,,Strip,10,,Box,10,,2
Dilzem SR 120,Diltiazem SR 120mg,Medicine,Torrent,tablet,No,100,Tablet,,Strip,10,,Box,10,,2
Nicardia 5,Nifedipine 5mg,Medicine,JB Chemicals,tablet,No,100,Tablet,,Strip,10,,Box,10,,2
Espirit 5,Escitalopram 5mg,Medicine,Torrent,tablet,No,100,Tablet,,Strip,10,,Box,10,,2
Espirit 10,Escitalopram 10mg,Medicine,Torrent,tablet,No,100,Tablet,,Strip,10,,Box,10,,2
Espirit 20,Escitalopram 20mg,Medicine,Torrent,tablet,No,100,Tablet,,Strip,10,,Box,10,,2
Serta 25,Sertraline 25mg,Medicine,Torrent,tablet,No,100,Tablet,,Strip,10,,Box,10,,2
Serta 100,Sertraline 100mg,Medicine,Torrent,tablet,No,100,Tablet,,Strip,10,,Box,10,,2
Oleanz Rapitab 5,Olanzapine 5mg,Medicine,Sun Pharma,tablet,No,100,Tablet,,Strip,10,,Box,10,,2
Oleanz Rapitab 10,Olanzapine 10mg,Medicine,Sun Pharma,tablet,No,100,Tablet,,Strip,10,,Box,10,,2
Qutipin SR 50,Quetiapine SR 50mg,Medicine,Sun Pharma,tablet,No,100,Tablet,,Strip,10,,Box,10,,2
Qutipin SR 100,Quetiapine SR 100mg,Medicine,Sun Pharma,tablet,No,100,Tablet,,Strip,10,,Box,10,,2
Qutipin SR 200,Quetiapine SR 200mg,Medicine,Sun Pharma,tablet,No,100,Tablet,,Strip,10,,Box,10,,2
Levoday 250,Levetiracetam 250mg,Medicine,Torrent,tablet,No,100,Tablet,,Strip,10,,Box,10,,2
Levoday 500,Levetiracetam 500mg,Medicine,Torrent,tablet,No,100,Tablet,,Strip,10,,Box,10,,2
Levoday 1000,Levetiracetam 1000mg,Medicine,Torrent,tablet,No,100,Tablet,,Strip,10,,Box,10,,2
Zeptol CR 200,Carbamazepine CR 200mg,Medicine,Sun Pharma,tablet,No,100,Tablet,,Strip,10,,Box,10,,2
Zeptol CR 300,Carbamazepine CR 300mg,Medicine,Sun Pharma,tablet,No,100,Tablet,,Strip,10,,Box,10,,2
Zeptol CR 400,Carbamazepine CR 400mg,Medicine,Sun Pharma,tablet,No,100,Tablet,,Strip,10,,Box,10,,2
Epilex Chrono 200,Sodium Valproate 200mg,Medicine,Sanofi,tablet,No,100,Tablet,,Strip,10,,Box,10,,2
Epilex Chrono 300,Sodium Valproate 300mg,Medicine,Sanofi,tablet,No,100,Tablet,,Strip,10,,Box,10,,2
Epilex Chrono 500,Sodium Valproate 500mg,Medicine,Sanofi,tablet,No,100,Tablet,,Strip,10,,Box,10,,2
Topamac 25,Topiramate 25mg,Medicine,Janssen,tablet,No,100,Tablet,,Strip,10,,Box,10,,2
Topamac 50,Topiramate 50mg,Medicine,Janssen,tablet,No,100,Tablet,,Strip,10,,Box,10,,2
Topamac 100,Topiramate 100mg,Medicine,Janssen,tablet,No,100,Tablet,,Strip,10,,Box,10,,2
Frisium 5,Clobazam 5mg,Medicine,Sanofi,tablet,No,100,Tablet,,Strip,10,,Box,10,,2
Frisium 20,Clobazam 20mg,Medicine,Sanofi,tablet,No,100,Tablet,,Strip,10,,Box,10,,2
Rivotril 2,Clonazepam 2mg,Medicine,Roche,tablet,Yes,100,Tablet,,Strip,10,,Box,10,,2
Sizopin 25,Clozapine 25mg,Medicine,Sun Pharma,tablet,No,100,Tablet,,Strip,10,,Box,10,,2
Sizopin 50,Clozapine 50mg,Medicine,Sun Pharma,tablet,No,100,Tablet,,Strip,10,,Box,10,,2
Sizopin 100,Clozapine 100mg,Medicine,Sun Pharma,tablet,No,100,Tablet,,Strip,10,,Box,10,,2
Arip 5,Aripiprazole 5mg,Medicine,Intas,tablet,No,100,Tablet,,Strip,10,,Box,10,,2
Arip 15,Aripiprazole 15mg,Medicine,Intas,tablet,No,100,Tablet,,Strip,10,,Box,10,,2
Arip 20,Aripiprazole 20mg,Medicine,Intas,tablet,No,100,Tablet,,Strip,10,,Box,10,,2
Prothiaden 25,Dosulepin 25mg,Medicine,Abbott,tablet,No,100,Tablet,,Strip,10,,Box,10,,2
Prothiaden 75,Dosulepin 75mg,Medicine,Abbott,tablet,No,100,Tablet,,Strip,10,,Box,10,,2
